i	name	class	dur_us	gap_before_us	grid
0	void at::native::vectorized_gather_kernel<16, long>(char*, char*, long*, int, long, long, long, long, bool)	elementwise_copy	1.41	0.00	[8, 1, 1]
1	void at::native::index_elementwise_kernel<128, 4, at::native::gpu_index_kernel<at::native::index_kernel_impl<at::native::OpaqueType<4> >(at::TensorIteratorBase&, c10::ArrayRef<long>, c10::ArrayRef<long>)::{lambda(char*, char const*, long)#1}>(at::TensorIteratorBase&, c10::ArrayRef<long>, c10::ArrayRef<long>, at::native::index_kernel_impl<at::native::OpaqueType<4> >(at::TensorIteratorBase&, c10::ArrayRef<long>, c10::ArrayRef<long>)::{lambda(char*, char const*, long)#1} const&, bool)::{lambda(int)#1}>(long, at::native::gpu_index_kernel<at::native::index_kernel_impl<at::native::OpaqueType<4> >(at::TensorIteratorBase&, c10::ArrayRef<long>, c10::ArrayRef<long>)::{lambda(char*, char const*, long)#1}>(at::TensorIteratorBase&, c10::ArrayRef<long>, c10::ArrayRef<long>, at::native::index_kernel_impl<at::native::OpaqueType<4> >(at::TensorIteratorBase&, c10::ArrayRef<long>, c10::ArrayRef<long>)::{lambda(char*, char const*, long)#1} const&, bool)::{lambda(int)#1})	elementwise_copy	1.82	0.10	[1, 1, 1]
2	void at::native::vectorized_elementwise_kernel<4, at::native::AUnaryFunctor<float, float, float, at::native::binary_internal::MulFunctor<float> >, std::array<char*, 2ul> >(int, at::native::AUnaryFunctor<float, float, float, at::native::binary_internal::MulFunctor<float> >, std::array<char*, 2ul>)	elementwise_copy	1.06	0.10	[1, 1, 1]
3	void at::native::unrolled_elementwise_kernel<at::native::direct_copy_kernel_cuda(at::TensorIteratorBase&)::{lambda()#3}::operator()() const::{lambda()#7}::operator()() const::{lambda(float)#1}, std::array<char*, 2ul>, 4, TrivialOffsetCalculator<1, unsigned int>, TrivialOffsetCalculator<1, unsigned int>, at::native::memory::LoadWithCast<1>, at::native::memory::StoreWithCast<1> >(int, at::native::direct_copy_kernel_cuda(at::TensorIteratorBase&)::{lambda()#3}::operator()() const::{lambda()#7}::operator()() const::{lambda(float)#1}, std::array<char*, 2ul>, TrivialOffsetCalculator<1, unsigned int>, TrivialOffsetCalculator<1, unsigned int>, at::native::memory::LoadWithCast<1>, at::native::memory::StoreWithCast<1>)	elementwise_copy	2.24	0.10	[44, 1, 1]
4	void at::native::elementwise_kernel<128, 2, at::native::gpu_kernel_impl_nocast<at::native::BinaryFunctor<float, float, float, at::native::binary_internal::MulFunctor<float> > >(at::TensorIteratorBase&, at::native::BinaryFunctor<float, float, float, at::native::binary_internal::MulFunctor<float> > const&)::{lambda(int)#1}>(int, at::native::gpu_kernel_impl_nocast<at::native::BinaryFunctor<float, float, float, at::native::binary_internal::MulFunctor<float> > >(at::TensorIteratorBase&, at::native::BinaryFunctor<float, float, float, at::native::binary_internal::MulFunctor<float> > const&)::{lambda(int)#1})	elementwise_copy	1.18	0.10	[88, 1, 1]
5	void at::native::vectorized_elementwise_kernel<4, at::native::bfloat16_copy_kernel_cuda(at::TensorIteratorBase&)::{lambda(float)#1}, std::array<char*, 2ul> >(int, at::native::bfloat16_copy_kernel_cuda(at::TensorIteratorBase&)::{lambda(float)#1}, std::array<char*, 2ul>)	elementwise_copy	0.83	0.06	[22, 1, 1]
6	kernel_cutlass_kernel_flashinfernormkernelsrmsnormRMSNormKernel_object_at__tensorptrbf16gmemalign128oi64281628161_tensorptrbf16gmemalign16o28161_tensorptrbf16gmemalign128oi64281628161___T_0	norm_rope_kv	2.56	0.48	[2, 1, 1]
7	void sglang::per_token_quant_fp8_cta_kernel<__nv_bfloat16, 8>(__nv_bfloat16 const*, __nv_fp8_e4m3*, float*, unsigned int)	act_quant	1.73	0.10	[8, 1, 1]
8	_ZN7cutlass13device_kernelINS_4gemm6kernel13GemmUniversalIN4cute5tupleIJiiiiEEENS1_10collective13CollectiveMmaINS1_31MainloopSm120TmaWarpSpecializedILi2ELi2ENS5_IJNS4_1CILi1EEESB_SB_EEENS1_40KernelTmaWarpSpecializedCooperativeSm120ILi2EEEEENS5_IJNSA_ILi128EEESG_SG_EEENS_12float_e4m3_tENS5_IJlSB_lEEESI_SJ_NS4_8TiledMMAINS4_8MMA_AtomIJNS4_16SM120_16x8x32_TNISI_SI_fEEEEENS4_6LayoutINS5_IJNSA_ILi4EEENSA_ILi2EEESB_EEENS5_IJSB_SQ_NSA_ILi0EEEEEEEENS5_IJSG_NSA_ILi32EEESW_EEEEENS4_13SM90_TMA_LOADENS4_14ComposedLayoutINS4_7SwizzleILi3ELi4ELi3EEENS4_18smem_ptr_flag_bitsILi8EEENSP_INS5_IJNSA_ILi8EEESG_EEENS5_IJSG_SB_EEEEEEENS4_9Copy_AtomIJNS4_17SM75_U32x4_LDSM_NEhEEENS4_8identityESZ_S19_S1C_S1D_EENS_8epilogue10collective18CollectiveEpilogueINS1F_22Sm90TmaWarpSpecializedILi2ELi2ELi4ELb0ELb1EEEJSH_NS5_IJNSA_ILi64EEESW_EEEvSJ_NS_10bfloat16_tESJ_NS1F_6fusion15Sm90TreeVisitorINS1N_11Sm90ComputeINS_10multipliesES1M_fLNS_15FloatRoundStyleE2EvEEJNS1N_16Sm90ColBroadcastILi0ESH_ffNS5_IJSB_ST_ST_EEELi4ELb1EEENS1O_INS1P_IS1Q_ffLS1R_2EvEEJNS1N_16Sm90RowBroadcastILi0ESH_ffNS5_IJST_SB_ST_EEELi4ELb1EEENS1N_12Sm90AccFetchEEEEEEESZ_NS10_INS11_ILi2ELi4ELi3EEENS13_ILi16EEENSP_INS5_IJS15_SW_EEENS5_IJSW_SB_EEEEEEENS4_17SM75_U32x2_LDSM_NENS4_14SM90_TMA_STOREES28_NS4_17SM90_U32x2_STSM_NENS1A_IJS2B_NS_6half_tEEEEvEEEvvEEEEvNT_6ParamsE	dense_gemm	36.86	0.10	[1, 64, 1]
9	_gemma_qkv_rmsnorm_kernel	norm_rope_kv	1.73	0.22	[8, 32, 1]
10	void sglang::fused_rope_kernel<true, 256l, true, __nv_bfloat16, __nv_bfloat16, long, 32u>(sglang::FusedRopeParams)	norm_rope_kv	1.54	0.22	[48, 1, 1]
11	void at::native::elementwise_kernel<128, 4, at::native::gpu_kernel_impl_nocast<at::native::BUnaryFunctor<c10::BFloat16, c10::BFloat16, c10::BFloat16, at::native::binary_internal::MulFunctor<float> > >(at::TensorIteratorBase&, at::native::BUnaryFunctor<c10::BFloat16, c10::BFloat16, c10::BFloat16, at::native::binary_internal::MulFunctor<float> > const&)::{lambda(int)#1}>(int, at::native::gpu_kernel_impl_nocast<at::native::BUnaryFunctor<c10::BFloat16, c10::BFloat16, c10::BFloat16, at::native::binary_internal::MulFunctor<float> > >(at::TensorIteratorBase&, at::native::BUnaryFunctor<c10::BFloat16, c10::BFloat16, c10::BFloat16, at::native::binary_internal::MulFunctor<float> > const&)::{lambda(int)#1})	elementwise_copy	2.02	0.10	[32, 1, 1]
12	void at::native::elementwise_kernel<128, 4, at::native::gpu_kernel_impl_nocast<at::native::BUnaryFunctor<c10::BFloat16, c10::BFloat16, c10::BFloat16, at::native::binary_internal::MulFunctor<float> > >(at::TensorIteratorBase&, at::native::BUnaryFunctor<c10::BFloat16, c10::BFloat16, c10::BFloat16, at::native::binary_internal::MulFunctor<float> > const&)::{lambda(int)#1}>(int, at::native::gpu_kernel_impl_nocast<at::native::BUnaryFunctor<c10::BFloat16, c10::BFloat16, c10::BFloat16, at::native::binary_internal::MulFunctor<float> > >(at::TensorIteratorBase&, at::native::BUnaryFunctor<c10::BFloat16, c10::BFloat16, c10::BFloat16, at::native::binary_internal::MulFunctor<float> > const&)::{lambda(int)#1})	elementwise_copy	2.08	0.22	[32, 1, 1]
13	void at::native::elementwise_kernel<128, 4, at::native::gpu_kernel_impl_nocast<at::native::ConvertToFloat8E4M3fnOp<c10::BFloat16> >(at::TensorIteratorBase&, at::native::ConvertToFloat8E4M3fnOp<c10::BFloat16> const&)::{lambda(int)#1}>(int, at::native::gpu_kernel_impl_nocast<at::native::ConvertToFloat8E4M3fnOp<c10::BFloat16> >(at::TensorIteratorBase&, at::native::ConvertToFloat8E4M3fnOp<c10::BFloat16> const&)::{lambda(int)#1})	elementwise_copy	2.02	0.10	[32, 1, 1]
14	void at::native::elementwise_kernel<128, 4, at::native::gpu_kernel_impl_nocast<at::native::ConvertToFloat8E4M3fnOp<c10::BFloat16> >(at::TensorIteratorBase&, at::native::ConvertToFloat8E4M3fnOp<c10::BFloat16> const&)::{lambda(int)#1}>(int, at::native::gpu_kernel_impl_nocast<at::native::ConvertToFloat8E4M3fnOp<c10::BFloat16> >(at::TensorIteratorBase&, at::native::ConvertToFloat8E4M3fnOp<c10::BFloat16> const&)::{lambda(int)#1})	elementwise_copy	1.82	0.10	[32, 1, 1]
15	void sglang::store_kvcache_kernel<2048l, 2048l, 128u, true, long>(sglang::StoreKVCacheParams)	norm_rope_kv	1.02	0.22	[32, 1, 1]
16	_fwd_grouped_kernel_stage1	attention	29.79	0.13	[8, 8, 8]
17	_fwd_kernel_stage2	attention	2.24	0.22	[8, 16, 1]
18	void sglang::per_token_quant_fp8_cta_kernel<__nv_bfloat16, 8>(__nv_bfloat16 const*, __nv_fp8_e4m3*, float*, unsigned int)	act_quant	2.21	0.26	[8, 1, 1]
19	_ZN7cutlass13device_kernelINS_4gemm6kernel13GemmUniversalIN4cute5tupleIJiiiiEEENS1_10collective13CollectiveMmaINS1_31MainloopSm120TmaWarpSpecializedILi2ELi2ENS5_IJNS4_1CILi1EEESB_SB_EEENS1_40KernelTmaWarpSpecializedCooperativeSm120ILi2EEEEENS5_IJNSA_ILi128EEESG_SG_EEENS_12float_e4m3_tENS5_IJlSB_lEEESI_SJ_NS4_8TiledMMAINS4_8MMA_AtomIJNS4_16SM120_16x8x32_TNISI_SI_fEEEEENS4_6LayoutINS5_IJNSA_ILi4EEENSA_ILi2EEESB_EEENS5_IJSB_SQ_NSA_ILi0EEEEEEEENS5_IJSG_NSA_ILi32EEESW_EEEEENS4_13SM90_TMA_LOADENS4_14ComposedLayoutINS4_7SwizzleILi3ELi4ELi3EEENS4_18smem_ptr_flag_bitsILi8EEENSP_INS5_IJNSA_ILi8EEESG_EEENS5_IJSG_SB_EEEEEEENS4_9Copy_AtomIJNS4_17SM75_U32x4_LDSM_NEhEEENS4_8identityESZ_S19_S1C_S1D_EENS_8epilogue10collective18CollectiveEpilogueINS1F_22Sm90TmaWarpSpecializedILi2ELi2ELi4ELb0ELb1EEEJSH_NS5_IJNSA_ILi64EEESW_EEEvSJ_NS_10bfloat16_tESJ_NS1F_6fusion15Sm90TreeVisitorINS1N_11Sm90ComputeINS_10multipliesES1M_fLNS_15FloatRoundStyleE2EvEEJNS1N_16Sm90ColBroadcastILi0ESH_ffNS5_IJSB_ST_ST_EEELi4ELb1EEENS1O_INS1P_IS1Q_ffLS1R_2EvEEJNS1N_16Sm90RowBroadcastILi0ESH_ffNS5_IJST_SB_ST_EEELi4ELb1EEENS1N_12Sm90AccFetchEEEEEEESZ_NS10_INS11_ILi2ELi4ELi3EEENS13_ILi16EEENSP_INS5_IJS15_SW_EEENS5_IJSW_SB_EEEEEEENS4_17SM75_U32x2_LDSM_NENS4_14SM90_TMA_STOREES28_NS4_17SM90_U32x2_STSM_NENS1A_IJS2B_NS_6half_tEEEEvEEEvvEEEEvNT_6ParamsE	dense_gemm	50.08	0.06	[1, 22, 1]
20	kernel_cutlass_kernel_flashinfernormkernelsrmsnormRMSNormKernel_object_at__tensorptrbf16gmemalign128oi64281628161_tensorptrbf16gmemalign16o28161_tensorptrbf16gmemalign128oi64281628161___T_0	norm_rope_kv	2.53	-0.16	[2, 1, 1]
21	kernel_cutlass_kernel_flashinfernormkernelsfused_add_rmsnormFusedAddRMSNormKernel_object_at__tensorptrbf16gmemalign128oi64281628161_tensorptrbf16gmemalign128oi64281628161_tensorptrbf16gme_0	norm_rope_kv	2.46	0.10	[2, 1, 1]
22	void sglang::per_token_quant_fp8_cta_kernel<__nv_bfloat16, 8>(__nv_bfloat16 const*, __nv_fp8_e4m3*, float*, unsigned int)	act_quant	1.50	0.10	[8, 1, 1]
23	_ZN7cutlass13device_kernelINS_4gemm6kernel13GemmUniversalIN4cute5tupleIJiiiiEEENS1_10collective13CollectiveMmaINS1_31MainloopSm120TmaWarpSpecializedILi2ELi2ENS5_IJNS4_1CILi1EEESB_SB_EEENS1_40KernelTmaWarpSpecializedCooperativeSm120ILi2EEEEENS5_IJNSA_ILi128EEESG_SG_EEENS_12float_e4m3_tENS5_IJlSB_lEEESI_SJ_NS4_8TiledMMAINS4_8MMA_AtomIJNS4_16SM120_16x8x32_TNISI_SI_fEEEEENS4_6LayoutINS5_IJNSA_ILi4EEENSA_ILi2EEESB_EEENS5_IJSB_SQ_NSA_ILi0EEEEEEEENS5_IJSG_NSA_ILi32EEESW_EEEEENS4_13SM90_TMA_LOADENS4_14ComposedLayoutINS4_7SwizzleILi3ELi4ELi3EEENS4_18smem_ptr_flag_bitsILi8EEENSP_INS5_IJNSA_ILi8EEESG_EEENS5_IJSG_SB_EEEEEEENS4_9Copy_AtomIJNS4_17SM75_U32x4_LDSM_NEhEEENS4_8identityESZ_S19_S1C_S1D_EENS_8epilogue10collective18CollectiveEpilogueINS1F_22Sm90TmaWarpSpecializedILi2ELi2ELi4ELb0ELb1EEEJSH_NS5_IJNSA_ILi64EEESW_EEEvSJ_NS_10bfloat16_tESJ_NS1F_6fusion15Sm90TreeVisitorINS1N_11Sm90ComputeINS_10multipliesES1M_fLNS_15FloatRoundStyleE2EvEEJNS1N_16Sm90ColBroadcastILi0ESH_ffNS5_IJSB_ST_ST_EEELi4ELb1EEENS1O_INS1P_IS1Q_ffLS1R_2EvEEJNS1N_16Sm90RowBroadcastILi0ESH_ffNS5_IJST_SB_ST_EEELi4ELb1EEENS1N_12Sm90AccFetchEEEEEEESZ_NS10_INS11_ILi2ELi4ELi3EEENS13_ILi16EEENSP_INS5_IJS15_SW_EEENS5_IJSW_SB_EEEEEEENS4_17SM75_U32x2_LDSM_NENS4_14SM90_TMA_STOREES28_NS4_17SM90_U32x2_STSM_NENS1A_IJS2B_NS_6half_tEEEEvEEEvvEEEEvNT_6ParamsE	dense_gemm	35.62	0.10	[1, 33, 1]
24	void sglang::act_and_mul_kernel<__nv_bfloat16, (sglang::ActivationKind)2, true, false, false, false>(sglang::ActivationParams)	elementwise_copy	1.47	0.22	[5, 1, 1]
25	void sglang::per_token_quant_fp8_cta_kernel<__nv_bfloat16, 8>(__nv_bfloat16 const*, __nv_fp8_e4m3*, float*, unsigned int)	act_quant	1.50	0.06	[8, 1, 1]
26	_ZN7cutlass13device_kernelINS_4gemm6kernel13GemmUniversalIN4cute5tupleIJiiiiEEENS1_10collective13CollectiveMmaINS1_31MainloopSm120TmaWarpSpecializedILi2ELi2ENS5_IJNS4_1CILi1EEESB_SB_EEENS1_40KernelTmaWarpSpecializedCooperativeSm120ILi2EEEEENS5_IJNSA_ILi128EEESG_SG_EEENS_12float_e4m3_tENS5_IJlSB_lEEESI_SJ_NS4_8TiledMMAINS4_8MMA_AtomIJNS4_16SM120_16x8x32_TNISI_SI_fEEEEENS4_6LayoutINS5_IJNSA_ILi4EEENSA_ILi2EEESB_EEENS5_IJSB_SQ_NSA_ILi0EEEEEEEENS5_IJSG_NSA_ILi32EEESW_EEEEENS4_13SM90_TMA_LOADENS4_14ComposedLayoutINS4_7SwizzleILi3ELi4ELi3EEENS4_18smem_ptr_flag_bitsILi8EEENSP_INS5_IJNSA_ILi8EEESG_EEENS5_IJSG_SB_EEEEEEENS4_9Copy_AtomIJNS4_17SM75_U32x4_LDSM_NEhEEENS4_8identityESZ_S19_S1C_S1D_EENS_8epilogue10collective18CollectiveEpilogueINS1F_22Sm90TmaWarpSpecializedILi2ELi2ELi4ELb0ELb1EEEJSH_NS5_IJNSA_ILi64EEESW_EEEvSJ_NS_10bfloat16_tESJ_NS1F_6fusion15Sm90TreeVisitorINS1N_11Sm90ComputeINS_10multipliesES1M_fLNS_15FloatRoundStyleE2EvEEJNS1N_16Sm90ColBroadcastILi0ESH_ffNS5_IJSB_ST_ST_EEELi4ELb1EEENS1O_INS1P_IS1Q_ffLS1R_2EvEEJNS1N_16Sm90RowBroadcastILi0ESH_ffNS5_IJST_SB_ST_EEELi4ELb1EEENS1N_12Sm90AccFetchEEEEEEESZ_NS10_INS11_ILi2ELi4ELi3EEENS13_ILi16EEENSP_INS5_IJS15_SW_EEENS5_IJSW_SB_EEEEEEENS4_17SM75_U32x2_LDSM_NENS4_14SM90_TMA_STOREES28_NS4_17SM90_U32x2_STSM_NENS1A_IJS2B_NS_6half_tEEEEvEEEvvEEEEvNT_6ParamsE	dense_gemm	28.19	0.10	[1, 22, 1]
27	kernel_cutlass_kernel_flashinfernormkernelsrmsnormRMSNormKernel_object_at__tensorptrbf16gmemalign128oi64281628161_tensorptrbf16gmemalign16o28161_tensorptrbf16gmemalign128oi64281628161___T_0	norm_rope_kv	2.46	0.22	[2, 1, 1]
28	void cutlass::Kernel2<cutlass_80_wmma_tensorop_bf16_s161616gemm_bf16_16x16_128x2_tn_align8>(cutlass_80_wmma_tensorop_bf16_s161616gemm_bf16_16x16_128x2_tn_align8::Params)	dense_gemm	3.62	0.06	[8, 1, 9]
29	void cublasLt::splitKreduce_kernel<32, 16, int, __nv_bfloat16, __nv_bfloat16, float, __nv_bfloat16, false, __nv_bfloat16, __nv_bfloat16, __nv_bfloat16, true, false, false, false>(cublasLt::cublasSplitKParams<float>, __nv_bfloat16 const*, __nv_bfloat16 const*, __nv_bfloat16*, __nv_bfloat16*, float const*, float const*, __nv_bfloat16 const*, __nv_bfloat16 const*, __nv_bfloat16*, void*, long, float*, int*, float*, float*, float const*, float const*, float const*, float const*, float const*)	dense_gemm	1.28	0.06	[4, 1, 1]
30	kernel_cutlass_kernel_flashinfernormkernelsrmsnormRMSNormKernel_object_at__tensorptrbf16gmemalign128oi64281628161_tensorptrbf16gmemalign16o28161_tensorptrbf16gmemalign128oi64281628161___T_0	norm_rope_kv	2.50	-0.32	[2, 1, 1]
31	_gemma4_routing_kernel	moe_route	1.76	0.10	[8, 1, 1]
32	_moe_align_small_numel_kernel	moe_route	3.33	0.22	[1, 1, 1]
33	void sglang::per_token_quant_fp8_cta_kernel<__nv_bfloat16, 8>(__nv_bfloat16 const*, __nv_fp8_e4m3*, float*, unsigned int)	act_quant	1.70	0.10	[8, 1, 1]
34	fused_moe_kernel	moe_gemm	77.79	-0.22	[704, 1, 1]
35	void sglang::act_and_mul_kernel<__nv_bfloat16, (sglang::ActivationKind)1, true, false, false, false>(sglang::ActivationParams)	elementwise_copy	23.71	-22.50	[11, 1, 1]
36	void sglang::per_token_quant_fp8_cta_kernel<__nv_bfloat16, 8>(__nv_bfloat16 const*, __nv_fp8_e4m3*, float*, unsigned int)	act_quant	1.34	0.10	[64, 1, 1]
37	fused_moe_kernel	moe_gemm	41.54	-0.16	[1408, 1, 1]
38	_moe_sum_reduce_kernel	moe_route	2.56	-1.44	[8, 2, 1]
39	_gemma_dual_rmsnorm_residual_kernel	norm_rope_kv	2.30	0.06	[8, 1, 1]
40	kernel_cutlass_kernel_flashinfernormkernelsrmsnormRMSNormKernel_object_at__tensorptrbf16gmemalign128oi64281628161_tensorptrbf16gmemalign16o28161_tensorptrbf16gmemalign128oi64281628161___T_0	norm_rope_kv	2.46	0.22	[2, 1, 1]
41	void sglang::per_token_quant_fp8_cta_kernel<__nv_bfloat16, 8>(__nv_bfloat16 const*, __nv_fp8_e4m3*, float*, unsigned int)	act_quant	1.47	0.10	[8, 1, 1]
42	_ZN7cutlass13device_kernelINS_4gemm6kernel13GemmUniversalIN4cute5tupleIJiiiiEEENS1_10collective13CollectiveMmaINS1_31MainloopSm120TmaWarpSpecializedILi2ELi2ENS5_IJNS4_1CILi1EEESB_SB_EEENS1_40KernelTmaWarpSpecializedCooperativeSm120ILi2EEEEENS5_IJNSA_ILi128EEESG_SG_EEENS_12float_e4m3_tENS5_IJlSB_lEEESI_SJ_NS4_8TiledMMAINS4_8MMA_AtomIJNS4_16SM120_16x8x32_TNISI_SI_fEEEEENS4_6LayoutINS5_IJNSA_ILi4EEENSA_ILi2EEESB_EEENS5_IJSB_SQ_NSA_ILi0EEEEEEEENS5_IJSG_NSA_ILi32EEESW_EEEEENS4_13SM90_TMA_LOADENS4_14ComposedLayoutINS4_7SwizzleILi3ELi4ELi3EEENS4_18smem_ptr_flag_bitsILi8EEENSP_INS5_IJNSA_ILi8EEESG_EEENS5_IJSG_SB_EEEEEEENS4_9Copy_AtomIJNS4_17SM75_U32x4_LDSM_NEhEEENS4_8identityESZ_S19_S1C_S1D_EENS_8epilogue10collective18CollectiveEpilogueINS1F_22Sm90TmaWarpSpecializedILi2ELi2ELi4ELb0ELb1EEEJSH_NS5_IJNSA_ILi64EEESW_EEEvSJ_NS_10bfloat16_tESJ_NS1F_6fusion15Sm90TreeVisitorINS1N_11Sm90ComputeINS_10multipliesES1M_fLNS_15FloatRoundStyleE2EvEEJNS1N_16Sm90ColBroadcastILi0ESH_ffNS5_IJSB_ST_ST_EEELi4ELb1EEENS1O_INS1P_IS1Q_ffLS1R_2EvEEJNS1N_16Sm90RowBroadcastILi0ESH_ffNS5_IJST_SB_ST_EEELi4ELb1EEENS1N_12Sm90AccFetchEEEEEEESZ_NS10_INS11_ILi2ELi4ELi3EEENS13_ILi16EEENSP_INS5_IJS15_SW_EEENS5_IJSW_SB_EEEEEEENS4_17SM75_U32x2_LDSM_NENS4_14SM90_TMA_STOREES28_NS4_17SM90_U32x2_STSM_NENS1A_IJS2B_NS_6half_tEEEEvEEEvvEEEEvNT_6ParamsE	dense_gemm	36.06	0.13	[1, 64, 1]
43	_gemma_qkv_rmsnorm_kernel	norm_rope_kv	1.57	0.10	[8, 32, 1]
44	void sglang::fused_rope_kernel<true, 256l, true, __nv_bfloat16, __nv_bfloat16, long, 32u>(sglang::FusedRopeParams)	norm_rope_kv	1.47	0.19	[48, 1, 1]
45	void at::native::elementwise_kernel<128, 4, at::native::gpu_kernel_impl_nocast<at::native::BUnaryFunctor<c10::BFloat16, c10::BFloat16, c10::BFloat16, at::native::binary_internal::MulFunctor<float> > >(at::TensorIteratorBase&, at::native::BUnaryFunctor<c10::BFloat16, c10::BFloat16, c10::BFloat16, at::native::binary_internal::MulFunctor<float> > const&)::{lambda(int)#1}>(int, at::native::gpu_kernel_impl_nocast<at::native::BUnaryFunctor<c10::BFloat16, c10::BFloat16, c10::BFloat16, at::native::binary_internal::MulFunctor<float> > >(at::TensorIteratorBase&, at::native::BUnaryFunctor<c10::BFloat16, c10::BFloat16, c10::BFloat16, at::native::binary_internal::MulFunctor<float> > const&)::{lambda(int)#1})	elementwise_copy	1.70	0.13	[32, 1, 1]
46	void at::native::elementwise_kernel<128, 4, at::native::gpu_kernel_impl_nocast<at::native::BUnaryFunctor<c10::BFloat16, c10::BFloat16, c10::BFloat16, at::native::binary_internal::MulFunctor<float> > >(at::TensorIteratorBase&, at::native::BUnaryFunctor<c10::BFloat16, c10::BFloat16, c10::BFloat16, at::native::binary_internal::MulFunctor<float> > const&)::{lambda(int)#1}>(int, at::native::gpu_kernel_impl_nocast<at::native::BUnaryFunctor<c10::BFloat16, c10::BFloat16, c10::BFloat16, at::native::binary_internal::MulFunctor<float> > >(at::TensorIteratorBase&, at::native::BUnaryFunctor<c10::BFloat16, c10::BFloat16, c10::BFloat16, at::native::binary_internal::MulFunctor<float> > const&)::{lambda(int)#1})	elementwise_copy	1.47	0.10	[32, 1, 1]
47	void at::native::elementwise_kernel<128, 4, at::native::gpu_kernel_impl_nocast<at::native::ConvertToFloat8E4M3fnOp<c10::BFloat16> >(at::TensorIteratorBase&, at::native::ConvertToFloat8E4M3fnOp<c10::BFloat16> const&)::{lambda(int)#1}>(int, at::native::gpu_kernel_impl_nocast<at::native::ConvertToFloat8E4M3fnOp<c10::BFloat16> >(at::TensorIteratorBase&, at::native::ConvertToFloat8E4M3fnOp<c10::BFloat16> const&)::{lambda(int)#1})	elementwise_copy	1.70	0.06	[32, 1, 1]
48	void at::native::elementwise_kernel<128, 4, at::native::gpu_kernel_impl_nocast<at::native::ConvertToFloat8E4M3fnOp<c10::BFloat16> >(at::TensorIteratorBase&, at::native::ConvertToFloat8E4M3fnOp<c10::BFloat16> const&)::{lambda(int)#1}>(int, at::native::gpu_kernel_impl_nocast<at::native::ConvertToFloat8E4M3fnOp<c10::BFloat16> >(at::TensorIteratorBase&, at::native::ConvertToFloat8E4M3fnOp<c10::BFloat16> const&)::{lambda(int)#1})	elementwise_copy	1.60	0.06	[32, 1, 1]
49	void sglang::store_kvcache_kernel<2048l, 2048l, 128u, true, long>(sglang::StoreKVCacheParams)	norm_rope_kv	1.06	0.22	[32, 1, 1]
50	_fwd_grouped_kernel_stage1	attention	28.58	0.10	[8, 8, 8]
51	_fwd_kernel_stage2	attention	2.18	0.23	[8, 16, 1]
52	void sglang::per_token_quant_fp8_cta_kernel<__nv_bfloat16, 8>(__nv_bfloat16 const*, __nv_fp8_e4m3*, float*, unsigned int)	act_quant	1.76	0.09	[8, 1, 1]
53	_ZN7cutlass13device_kernelINS_4gemm6kernel13GemmUniversalIN4cute5tupleIJiiiiEEENS1_10collective13CollectiveMmaINS1_31MainloopSm120TmaWarpSpecializedILi2ELi2ENS5_IJNS4_1CILi1EEESB_SB_EEENS1_40KernelTmaWarpSpecializedCooperativeSm120ILi2EEEEENS5_IJNSA_ILi128EEESG_SG_EEENS_12float_e4m3_tENS5_IJlSB_lEEESI_SJ_NS4_8TiledMMAINS4_8MMA_AtomIJNS4_16SM120_16x8x32_TNISI_SI_fEEEEENS4_6LayoutINS5_IJNSA_ILi4EEENSA_ILi2EEESB_EEENS5_IJSB_SQ_NSA_ILi0EEEEEEEENS5_IJSG_NSA_ILi32EEESW_EEEEENS4_13SM90_TMA_LOADENS4_14ComposedLayoutINS4_7SwizzleILi3ELi4ELi3EEENS4_18smem_ptr_flag_bitsILi8EEENSP_INS5_IJNSA_ILi8EEESG_EEENS5_IJSG_SB_EEEEEEENS4_9Copy_AtomIJNS4_17SM75_U32x4_LDSM_NEhEEENS4_8identityESZ_S19_S1C_S1D_EENS_8epilogue10collective18CollectiveEpilogueINS1F_22Sm90TmaWarpSpecializedILi2ELi2ELi4ELb0ELb1EEEJSH_NS5_IJNSA_ILi64EEESW_EEEvSJ_NS_10bfloat16_tESJ_NS1F_6fusion15Sm90TreeVisitorINS1N_11Sm90ComputeINS_10multipliesES1M_fLNS_15FloatRoundStyleE2EvEEJNS1N_16Sm90ColBroadcastILi0ESH_ffNS5_IJSB_ST_ST_EEELi4ELb1EEENS1O_INS1P_IS1Q_ffLS1R_2EvEEJNS1N_16Sm90RowBroadcastILi0ESH_ffNS5_IJST_SB_ST_EEELi4ELb1EEENS1N_12Sm90AccFetchEEEEEEESZ_NS10_INS11_ILi2ELi4ELi3EEENS13_ILi16EEENSP_INS5_IJS15_SW_EEENS5_IJSW_SB_EEEEEEENS4_17SM75_U32x2_LDSM_NENS4_14SM90_TMA_STOREES28_NS4_17SM90_U32x2_STSM_NENS1A_IJS2B_NS_6half_tEEEEvEEEvvEEEEvNT_6ParamsE	dense_gemm	49.60	0.10	[1, 22, 1]
54	kernel_cutlass_kernel_flashinfernormkernelsrmsnormRMSNormKernel_object_at__tensorptrbf16gmemalign128oi64281628161_tensorptrbf16gmemalign16o28161_tensorptrbf16gmemalign128oi64281628161___T_0	norm_rope_kv	2.40	-0.19	[2, 1, 1]
55	kernel_cutlass_kernel_flashinfernormkernelsfused_add_rmsnormFusedAddRMSNormKernel_object_at__tensorptrbf16gmemalign128oi64281628161_tensorptrbf16gmemalign128oi64281628161_tensorptrbf16gme_0	norm_rope_kv	2.46	0.10	[2, 1, 1]
56	void sglang::per_token_quant_fp8_cta_kernel<__nv_bfloat16, 8>(__nv_bfloat16 const*, __nv_fp8_e4m3*, float*, unsigned int)	act_quant	1.54	0.10	[8, 1, 1]
57	_ZN7cutlass13device_kernelINS_4gemm6kernel13GemmUniversalIN4cute5tupleIJiiiiEEENS1_10collective13CollectiveMmaINS1_31MainloopSm120TmaWarpSpecializedILi2ELi2ENS5_IJNS4_1CILi1EEESB_SB_EEENS1_40KernelTmaWarpSpecializedCooperativeSm120ILi2EEEEENS5_IJNSA_ILi128EEESG_SG_EEENS_12float_e4m3_tENS5_IJlSB_lEEESI_SJ_NS4_8TiledMMAINS4_8MMA_AtomIJNS4_16SM120_16x8x32_TNISI_SI_fEEEEENS4_6LayoutINS5_IJNSA_ILi4EEENSA_ILi2EEESB_EEENS5_IJSB_SQ_NSA_ILi0EEEEEEEENS5_IJSG_NSA_ILi32EEESW_EEEEENS4_13SM90_TMA_LOADENS4_14ComposedLayoutINS4_7SwizzleILi3ELi4ELi3EEENS4_18smem_ptr_flag_bitsILi8EEENSP_INS5_IJNSA_ILi8EEESG_EEENS5_IJSG_SB_EEEEEEENS4_9Copy_AtomIJNS4_17SM75_U32x4_LDSM_NEhEEENS4_8identityESZ_S19_S1C_S1D_EENS_8epilogue10collective18CollectiveEpilogueINS1F_22Sm90TmaWarpSpecializedILi2ELi2ELi4ELb0ELb1EEEJSH_NS5_IJNSA_ILi64EEESW_EEEvSJ_NS_10bfloat16_tESJ_NS1F_6fusion15Sm90TreeVisitorINS1N_11Sm90ComputeINS_10multipliesES1M_fLNS_15FloatRoundStyleE2EvEEJNS1N_16Sm90ColBroadcastILi0ESH_ffNS5_IJSB_ST_ST_EEELi4ELb1EEENS1O_INS1P_IS1Q_ffLS1R_2EvEEJNS1N_16Sm90RowBroadcastILi0ESH_ffNS5_IJST_SB_ST_EEELi4ELb1EEENS1N_12Sm90AccFetchEEEEEEESZ_NS10_INS11_ILi2ELi4ELi3EEENS13_ILi16EEENSP_INS5_IJS15_SW_EEENS5_IJSW_SB_EEEEEEENS4_17SM75_U32x2_LDSM_NENS4_14SM90_TMA_STOREES28_NS4_17SM90_U32x2_STSM_NENS1A_IJS2B_NS_6half_tEEEEvEEEvvEEEEvNT_6ParamsE	dense_gemm	35.62	0.06	[1, 33, 1]
58	void sglang::act_and_mul_kernel<__nv_bfloat16, (sglang::ActivationKind)2, true, false, false, false>(sglang::ActivationParams)	elementwise_copy	1.44	0.22	[5, 1, 1]
59	void sglang::per_token_quant_fp8_cta_kernel<__nv_bfloat16, 8>(__nv_bfloat16 const*, __nv_fp8_e4m3*, float*, unsigned int)	act_quant	1.50	0.10	[8, 1, 1]
60	_ZN7cutlass13device_kernelINS_4gemm6kernel13GemmUniversalIN4cute5tupleIJiiiiEEENS1_10collective13CollectiveMmaINS1_31MainloopSm120TmaWarpSpecializedILi2ELi2ENS5_IJNS4_1CILi1EEESB_SB_EEENS1_40KernelTmaWarpSpecializedCooperativeSm120ILi2EEEEENS5_IJNSA_ILi128EEESG_SG_EEENS_12float_e4m3_tENS5_IJlSB_lEEESI_SJ_NS4_8TiledMMAINS4_8MMA_AtomIJNS4_16SM120_16x8x32_TNISI_SI_fEEEEENS4_6LayoutINS5_IJNSA_ILi4EEENSA_ILi2EEESB_EEENS5_IJSB_SQ_NSA_ILi0EEEEEEEENS5_IJSG_NSA_ILi32EEESW_EEEEENS4_13SM90_TMA_LOADENS4_14ComposedLayoutINS4_7SwizzleILi3ELi4ELi3EEENS4_18smem_ptr_flag_bitsILi8EEENSP_INS5_IJNSA_ILi8EEESG_EEENS5_IJSG_SB_EEEEEEENS4_9Copy_AtomIJNS4_17SM75_U32x4_LDSM_NEhEEENS4_8identityESZ_S19_S1C_S1D_EENS_8epilogue10collective18CollectiveEpilogueINS1F_22Sm90TmaWarpSpecializedILi2ELi2ELi4ELb0ELb1EEEJSH_NS5_IJNSA_ILi64EEESW_EEEvSJ_NS_10bfloat16_tESJ_NS1F_6fusion15Sm90TreeVisitorINS1N_11Sm90ComputeINS_10multipliesES1M_fLNS_15FloatRoundStyleE2EvEEJNS1N_16Sm90ColBroadcastILi0ESH_ffNS5_IJSB_ST_ST_EEELi4ELb1EEENS1O_INS1P_IS1Q_ffLS1R_2EvEEJNS1N_16Sm90RowBroadcastILi0ESH_ffNS5_IJST_SB_ST_EEELi4ELb1EEENS1N_12Sm90AccFetchEEEEEEESZ_NS10_INS11_ILi2ELi4ELi3EEENS13_ILi16EEENSP_INS5_IJS15_SW_EEENS5_IJSW_SB_EEEEEEENS4_17SM75_U32x2_LDSM_NENS4_14SM90_TMA_STOREES28_NS4_17SM90_U32x2_STSM_NENS1A_IJS2B_NS_6half_tEEEEvEEEvvEEEEvNT_6ParamsE	dense_gemm	28.00	0.10	[1, 22, 1]
61	kernel_cutlass_kernel_flashinfernormkernelsrmsnormRMSNormKernel_object_at__tensorptrbf16gmemalign128oi64281628161_tensorptrbf16gmemalign16o28161_tensorptrbf16gmemalign128oi64281628161___T_0	norm_rope_kv	2.40	0.22	[2, 1, 1]
62	void cutlass::Kernel2<cutlass_80_wmma_tensorop_bf16_s161616gemm_bf16_16x16_128x2_tn_align8>(cutlass_80_wmma_tensorop_bf16_s161616gemm_bf16_16x16_128x2_tn_align8::Params)	dense_gemm	3.33	0.06	[8, 1, 9]
63	void cublasLt::splitKreduce_kernel<32, 16, int, __nv_bfloat16, __nv_bfloat16, float, __nv_bfloat16, false, __nv_bfloat16, __nv_bfloat16, __nv_bfloat16, true, false, false, false>(cublasLt::cublasSplitKParams<float>, __nv_bfloat16 const*, __nv_bfloat16 const*, __nv_bfloat16*, __nv_bfloat16*, float const*, float const*, __nv_bfloat16 const*, __nv_bfloat16 const*, __nv_bfloat16*, void*, long, float*, int*, float*, float*, float const*, float const*, float const*, float const*, float const*)	dense_gemm	1.25	0.10	[4, 1, 1]
64	kernel_cutlass_kernel_flashinfernormkernelsrmsnormRMSNormKernel_object_at__tensorptrbf16gmemalign128oi64281628161_tensorptrbf16gmemalign16o28161_tensorptrbf16gmemalign128oi64281628161___T_0	norm_rope_kv	2.46	-0.29	[2, 1, 1]
65	_gemma4_routing_kernel	moe_route	1.76	0.10	[8, 1, 1]
66	_moe_align_small_numel_kernel	moe_route	3.39	0.22	[1, 1, 1]
67	void sglang::per_token_quant_fp8_cta_kernel<__nv_bfloat16, 8>(__nv_bfloat16 const*, __nv_fp8_e4m3*, float*, unsigned int)	act_quant	1.63	0.10	[8, 1, 1]
68	fused_moe_kernel	moe_gemm	108.67	-0.16	[704, 1, 1]
69	void sglang::act_and_mul_kernel<__nv_bfloat16, (sglang::ActivationKind)1, true, false, false, false>(sglang::ActivationParams)	elementwise_copy	24.26	-22.94	[11, 1, 1]
70	void sglang::per_token_quant_fp8_cta_kernel<__nv_bfloat16, 8>(__nv_bfloat16 const*, __nv_fp8_e4m3*, float*, unsigned int)	act_quant	1.38	0.10	[64, 1, 1]
71	fused_moe_kernel	moe_gemm	56.70	-0.19	[1408, 1, 1]
72	_moe_sum_reduce_kernel	moe_route	3.26	-2.14	[8, 2, 1]
73	_gemma_dual_rmsnorm_residual_kernel	norm_rope_kv	4.74	0.10	[8, 1, 1]
74	kernel_cutlass_kernel_flashinfernormkernelsrmsnormRMSNormKernel_object_at__tensorptrbf16gmemalign128oi64281628161_tensorptrbf16gmemalign16o28161_tensorptrbf16gmemalign128oi64281628161___T_0	norm_rope_kv	2.40	0.22	[2, 1, 1]
75	void sglang::per_token_quant_fp8_cta_kernel<__nv_bfloat16, 8>(__nv_bfloat16 const*, __nv_fp8_e4m3*, float*, unsigned int)	act_quant	1.73	0.10	[8, 1, 1]
76	_ZN7cutlass13device_kernelINS_4gemm6kernel13GemmUniversalIN4cute5tupleIJiiiiEEENS1_10collective13CollectiveMmaINS1_31MainloopSm120TmaWarpSpecializedILi2ELi2ENS5_IJNS4_1CILi1EEESB_SB_EEENS1_40KernelTmaWarpSpecializedCooperativeSm120ILi2EEEEENS5_IJNSA_ILi128EEESG_SG_EEENS_12float_e4m3_tENS5_IJlSB_lEEESI_SJ_NS4_8TiledMMAINS4_8MMA_AtomIJNS4_16SM120_16x8x32_TNISI_SI_fEEEEENS4_6LayoutINS5_IJNSA_ILi4EEENSA_ILi2EEESB_EEENS5_IJSB_SQ_NSA_ILi0EEEEEEEENS5_IJSG_NSA_ILi32EEESW_EEEEENS4_13SM90_TMA_LOADENS4_14ComposedLayoutINS4_7SwizzleILi3ELi4ELi3EEENS4_18smem_ptr_flag_bitsILi8EEENSP_INS5_IJNSA_ILi8EEESG_EEENS5_IJSG_SB_EEEEEEENS4_9Copy_AtomIJNS4_17SM75_U32x4_LDSM_NEhEEENS4_8identityESZ_S19_S1C_S1D_EENS_8epilogue10collective18CollectiveEpilogueINS1F_22Sm90TmaWarpSpecializedILi2ELi2ELi4ELb0ELb1EEEJSH_NS5_IJNSA_ILi64EEESW_EEEvSJ_NS_10bfloat16_tESJ_NS1F_6fusion15Sm90TreeVisitorINS1N_11Sm90ComputeINS_10multipliesES1M_fLNS_15FloatRoundStyleE2EvEEJNS1N_16Sm90ColBroadcastILi0ESH_ffNS5_IJSB_ST_ST_EEELi4ELb1EEENS1O_INS1P_IS1Q_ffLS1R_2EvEEJNS1N_16Sm90RowBroadcastILi0ESH_ffNS5_IJST_SB_ST_EEELi4ELb1EEENS1N_12Sm90AccFetchEEEEEEESZ_NS10_INS11_ILi2ELi4ELi3EEENS13_ILi16EEENSP_INS5_IJS15_SW_EEENS5_IJSW_SB_EEEEEEENS4_17SM75_U32x2_LDSM_NENS4_14SM90_TMA_STOREES28_NS4_17SM90_U32x2_STSM_NENS1A_IJS2B_NS_6half_tEEEEvEEEvvEEEEvNT_6ParamsE	dense_gemm	36.16	0.10	[1, 64, 1]
77	_gemma_qkv_rmsnorm_kernel	norm_rope_kv	1.57	0.10	[8, 32, 1]
78	void sglang::fused_rope_kernel<true, 256l, true, __nv_bfloat16, __nv_bfloat16, long, 32u>(sglang::FusedRopeParams)	norm_rope_kv	1.44	0.22	[48, 1, 1]
79	void at::native::elementwise_kernel<128, 4, at::native::gpu_kernel_impl_nocast<at::native::BUnaryFunctor<c10::BFloat16, c10::BFloat16, c10::BFloat16, at::native::binary_internal::MulFunctor<float> > >(at::TensorIteratorBase&, at::native::BUnaryFunctor<c10::BFloat16, c10::BFloat16, c10::BFloat16, at::native::binary_internal::MulFunctor<float> > const&)::{lambda(int)#1}>(int, at::native::gpu_kernel_impl_nocast<at::native::BUnaryFunctor<c10::BFloat16, c10::BFloat16, c10::BFloat16, at::native::binary_internal::MulFunctor<float> > >(at::TensorIteratorBase&, at::native::BUnaryFunctor<c10::BFloat16, c10::BFloat16, c10::BFloat16, at::native::binary_internal::MulFunctor<float> > const&)::{lambda(int)#1})	elementwise_copy	1.73	0.10	[32, 1, 1]
80	void at::native::elementwise_kernel<128, 4, at::native::gpu_kernel_impl_nocast<at::native::BUnaryFunctor<c10::BFloat16, c10::BFloat16, c10::BFloat16, at::native::binary_internal::MulFunctor<float> > >(at::TensorIteratorBase&, at::native::BUnaryFunctor<c10::BFloat16, c10::BFloat16, c10::BFloat16, at::native::binary_internal::MulFunctor<float> > const&)::{lambda(int)#1}>(int, at::native::gpu_kernel_impl_nocast<at::native::BUnaryFunctor<c10::BFloat16, c10::BFloat16, c10::BFloat16, at::native::binary_internal::MulFunctor<float> > >(at::TensorIteratorBase&, at::native::BUnaryFunctor<c10::BFloat16, c10::BFloat16, c10::BFloat16, at::native::binary_internal::MulFunctor<float> > const&)::{lambda(int)#1})	elementwise_copy	1.47	0.10	[32, 1, 1]
81	void at::native::elementwise_kernel<128, 4, at::native::gpu_kernel_impl_nocast<at::native::ConvertToFloat8E4M3fnOp<c10::BFloat16> >(at::TensorIteratorBase&, at::native::ConvertToFloat8E4M3fnOp<c10::BFloat16> const&)::{lambda(int)#1}>(int, at::native::gpu_kernel_impl_nocast<at::native::ConvertToFloat8E4M3fnOp<c10::BFloat16> >(at::TensorIteratorBase&, at::native::ConvertToFloat8E4M3fnOp<c10::BFloat16> const&)::{lambda(int)#1})	elementwise_copy	1.70	0.10	[32, 1, 1]
82	void at::native::elementwise_kernel<128, 4, at::native::gpu_kernel_impl_nocast<at::native::ConvertToFloat8E4M3fnOp<c10::BFloat16> >(at::TensorIteratorBase&, at::native::ConvertToFloat8E4M3fnOp<c10::BFloat16> const&)::{lambda(int)#1}>(int, at::native::gpu_kernel_impl_nocast<at::native::ConvertToFloat8E4M3fnOp<c10::BFloat16> >(at::TensorIteratorBase&, at::native::ConvertToFloat8E4M3fnOp<c10::BFloat16> const&)::{lambda(int)#1})	elementwise_copy	1.66	0.10	[32, 1, 1]
83	void sglang::store_kvcache_kernel<2048l, 2048l, 128u, true, long>(sglang::StoreKVCacheParams)	norm_rope_kv	1.06	0.19	[32, 1, 1]
84	_fwd_grouped_kernel_stage1	attention	28.90	0.10	[8, 8, 8]
85	_fwd_kernel_stage2	attention	2.18	0.22	[8, 16, 1]
86	void sglang::per_token_quant_fp8_cta_kernel<__nv_bfloat16, 8>(__nv_bfloat16 const*, __nv_fp8_e4m3*, float*, unsigned int)	act_quant	1.76	0.10	[8, 1, 1]
87	_ZN7cutlass13device_kernelINS_4gemm6kernel13GemmUniversalIN4cute5tupleIJiiiiEEENS1_10collective13CollectiveMmaINS1_31MainloopSm120TmaWarpSpecializedILi2ELi2ENS5_IJNS4_1CILi1EEESB_SB_EEENS1_40KernelTmaWarpSpecializedCooperativeSm120ILi2EEEEENS5_IJNSA_ILi128EEESG_SG_EEENS_12float_e4m3_tENS5_IJlSB_lEEESI_SJ_NS4_8TiledMMAINS4_8MMA_AtomIJNS4_16SM120_16x8x32_TNISI_SI_fEEEEENS4_6LayoutINS5_IJNSA_ILi4EEENSA_ILi2EEESB_EEENS5_IJSB_SQ_NSA_ILi0EEEEEEEENS5_IJSG_NSA_ILi32EEESW_EEEEENS4_13SM90_TMA_LOADENS4_14ComposedLayoutINS4_7SwizzleILi3ELi4ELi3EEENS4_18smem_ptr_flag_bitsILi8EEENSP_INS5_IJNSA_ILi8EEESG_EEENS5_IJSG_SB_EEEEEEENS4_9Copy_AtomIJNS4_17SM75_U32x4_LDSM_NEhEEENS4_8identityESZ_S19_S1C_S1D_EENS_8epilogue10collective18CollectiveEpilogueINS1F_22Sm90TmaWarpSpecializedILi2ELi2ELi4ELb0ELb1EEEJSH_NS5_IJNSA_ILi64EEESW_EEEvSJ_NS_10bfloat16_tESJ_NS1F_6fusion15Sm90TreeVisitorINS1N_11Sm90ComputeINS_10multipliesES1M_fLNS_15FloatRoundStyleE2EvEEJNS1N_16Sm90ColBroadcastILi0ESH_ffNS5_IJSB_ST_ST_EEELi4ELb1EEENS1O_INS1P_IS1Q_ffLS1R_2EvEEJNS1N_16Sm90RowBroadcastILi0ESH_ffNS5_IJST_SB_ST_EEELi4ELb1EEENS1N_12Sm90AccFetchEEEEEEESZ_NS10_INS11_ILi2ELi4ELi3EEENS13_ILi16EEENSP_INS5_IJS15_SW_EEENS5_IJSW_SB_EEEEEEENS4_17SM75_U32x2_LDSM_NENS4_14SM90_TMA_STOREES28_NS4_17SM90_U32x2_STSM_NENS1A_IJS2B_NS_6half_tEEEEvEEEvvEEEEvNT_6ParamsE	dense_gemm	49.73	0.10	[1, 22, 1]
88	kernel_cutlass_kernel_flashinfernormkernelsrmsnormRMSNormKernel_object_at__tensorptrbf16gmemalign128oi64281628161_tensorptrbf16gmemalign16o28161_tensorptrbf16gmemalign128oi64281628161___T_0	norm_rope_kv	2.56	-0.29	[2, 1, 1]
89	kernel_cutlass_kernel_flashinfernormkernelsfused_add_rmsnormFusedAddRMSNormKernel_object_at__tensorptrbf16gmemalign128oi64281628161_tensorptrbf16gmemalign128oi64281628161_tensorptrbf16gme_0	norm_rope_kv	2.46	0.10	[2, 1, 1]
90	void sglang::per_token_quant_fp8_cta_kernel<__nv_bfloat16, 8>(__nv_bfloat16 const*, __nv_fp8_e4m3*, float*, unsigned int)	act_quant	1.54	0.06	[8, 1, 1]
91	_ZN7cutlass13device_kernelINS_4gemm6kernel13GemmUniversalIN4cute5tupleIJiiiiEEENS1_10collective13CollectiveMmaINS1_31MainloopSm120TmaWarpSpecializedILi2ELi2ENS5_IJNS4_1CILi1EEESB_SB_EEENS1_40KernelTmaWarpSpecializedCooperativeSm120ILi2EEEEENS5_IJNSA_ILi128EEESG_SG_EEENS_12float_e4m3_tENS5_IJlSB_lEEESI_SJ_NS4_8TiledMMAINS4_8MMA_AtomIJNS4_16SM120_16x8x32_TNISI_SI_fEEEEENS4_6LayoutINS5_IJNSA_ILi4EEENSA_ILi2EEESB_EEENS5_IJSB_SQ_NSA_ILi0EEEEEEEENS5_IJSG_NSA_ILi32EEESW_EEEEENS4_13SM90_TMA_LOADENS4_14ComposedLayoutINS4_7SwizzleILi3ELi4ELi3EEENS4_18smem_ptr_flag_bitsILi8EEENSP_INS5_IJNSA_ILi8EEESG_EEENS5_IJSG_SB_EEEEEEENS4_9Copy_AtomIJNS4_17SM75_U32x4_LDSM_NEhEEENS4_8identityESZ_S19_S1C_S1D_EENS_8epilogue10collective18CollectiveEpilogueINS1F_22Sm90TmaWarpSpecializedILi2ELi2ELi4ELb0ELb1EEEJSH_NS5_IJNSA_ILi64EEESW_EEEvSJ_NS_10bfloat16_tESJ_NS1F_6fusion15Sm90TreeVisitorINS1N_11Sm90ComputeINS_10multipliesES1M_fLNS_15FloatRoundStyleE2EvEEJNS1N_16Sm90ColBroadcastILi0ESH_ffNS5_IJSB_ST_ST_EEELi4ELb1EEENS1O_INS1P_IS1Q_ffLS1R_2EvEEJNS1N_16Sm90RowBroadcastILi0ESH_ffNS5_IJST_SB_ST_EEELi4ELb1EEENS1N_12Sm90AccFetchEEEEEEESZ_NS10_INS11_ILi2ELi4ELi3EEENS13_ILi16EEENSP_INS5_IJS15_SW_EEENS5_IJSW_SB_EEEEEEENS4_17SM75_U32x2_LDSM_NENS4_14SM90_TMA_STOREES28_NS4_17SM90_U32x2_STSM_NENS1A_IJS2B_NS_6half_tEEEEvEEEvvEEEEvNT_6ParamsE	dense_gemm	35.46	0.10	[1, 33, 1]
92	void sglang::act_and_mul_kernel<__nv_bfloat16, (sglang::ActivationKind)2, true, false, false, false>(sglang::ActivationParams)	elementwise_copy	1.47	0.22	[5, 1, 1]
93	void sglang::per_token_quant_fp8_cta_kernel<__nv_bfloat16, 8>(__nv_bfloat16 const*, __nv_fp8_e4m3*, float*, unsigned int)	act_quant	1.47	0.10	[8, 1, 1]
94	_ZN7cutlass13device_kernelINS_4gemm6kernel13GemmUniversalIN4cute5tupleIJiiiiEEENS1_10collective13CollectiveMmaINS1_31MainloopSm120TmaWarpSpecializedILi2ELi2ENS5_IJNS4_1CILi1EEESB_SB_EEENS1_40KernelTmaWarpSpecializedCooperativeSm120ILi2EEEEENS5_IJNSA_ILi128EEESG_SG_EEENS_12float_e4m3_tENS5_IJlSB_lEEESI_SJ_NS4_8TiledMMAINS4_8MMA_AtomIJNS4_16SM120_16x8x32_TNISI_SI_fEEEEENS4_6LayoutINS5_IJNSA_ILi4EEENSA_ILi2EEESB_EEENS5_IJSB_SQ_NSA_ILi0EEEEEEEENS5_IJSG_NSA_ILi32EEESW_EEEEENS4_13SM90_TMA_LOADENS4_14ComposedLayoutINS4_7SwizzleILi3ELi4ELi3EEENS4_18smem_ptr_flag_bitsILi8EEENSP_INS5_IJNSA_ILi8EEESG_EEENS5_IJSG_SB_EEEEEEENS4_9Copy_AtomIJNS4_17SM75_U32x4_LDSM_NEhEEENS4_8identityESZ_S19_S1C_S1D_EENS_8epilogue10collective18CollectiveEpilogueINS1F_22Sm90TmaWarpSpecializedILi2ELi2ELi4ELb0ELb1EEEJSH_NS5_IJNSA_ILi64EEESW_EEEvSJ_NS_10bfloat16_tESJ_NS1F_6fusion15Sm90TreeVisitorINS1N_11Sm90ComputeINS_10multipliesES1M_fLNS_15FloatRoundStyleE2EvEEJNS1N_16Sm90ColBroadcastILi0ESH_ffNS5_IJSB_ST_ST_EEELi4ELb1EEENS1O_INS1P_IS1Q_ffLS1R_2EvEEJNS1N_16Sm90RowBroadcastILi0ESH_ffNS5_IJST_SB_ST_EEELi4ELb1EEENS1N_12Sm90AccFetchEEEEEEESZ_NS10_INS11_ILi2ELi4ELi3EEENS13_ILi16EEENSP_INS5_IJS15_SW_EEENS5_IJSW_SB_EEEEEEENS4_17SM75_U32x2_LDSM_NENS4_14SM90_TMA_STOREES28_NS4_17SM90_U32x2_STSM_NENS1A_IJS2B_NS_6half_tEEEEvEEEvvEEEEvNT_6ParamsE	dense_gemm	28.03	0.10	[1, 22, 1]
95	kernel_cutlass_kernel_flashinfernormkernelsrmsnormRMSNormKernel_object_at__tensorptrbf16gmemalign128oi64281628161_tensorptrbf16gmemalign16o28161_tensorptrbf16gmemalign128oi64281628161___T_0	norm_rope_kv	2.37	0.19	[2, 1, 1]
96	void cutlass::Kernel2<cutlass_80_wmma_tensorop_bf16_s161616gemm_bf16_16x16_128x2_tn_align8>(cutlass_80_wmma_tensorop_bf16_s161616gemm_bf16_16x16_128x2_tn_align8::Params)	dense_gemm	3.58	0.10	[8, 1, 9]
97	void cublasLt::splitKreduce_kernel<32, 16, int, __nv_bfloat16, __nv_bfloat16, float, __nv_bfloat16, false, __nv_bfloat16, __nv_bfloat16, __nv_bfloat16, true, false, false, false>(cublasLt::cublasSplitKParams<float>, __nv_bfloat16 const*, __nv_bfloat16 const*, __nv_bfloat16*, __nv_bfloat16*, float const*, float const*, __nv_bfloat16 const*, __nv_bfloat16 const*, __nv_bfloat16*, void*, long, float*, int*, float*, float*, float const*, float const*, float const*, float const*, float const*)	dense_gemm	1.25	0.10	[4, 1, 1]
98	kernel_cutlass_kernel_flashinfernormkernelsrmsnormRMSNormKernel_object_at__tensorptrbf16gmemalign128oi64281628161_tensorptrbf16gmemalign16o28161_tensorptrbf16gmemalign128oi64281628161___T_0	norm_rope_kv	2.43	-0.29	[2, 1, 1]
99	_gemma4_routing_kernel	moe_route	1.76	0.10	[8, 1, 1]
100	_moe_align_small_numel_kernel	moe_route	3.39	0.22	[1, 1, 1]
101	void sglang::per_token_quant_fp8_cta_kernel<__nv_bfloat16, 8>(__nv_bfloat16 const*, __nv_fp8_e4m3*, float*, unsigned int)	act_quant	1.66	0.10	[8, 1, 1]
102	fused_moe_kernel	moe_gemm	106.40	-0.19	[704, 1, 1]
103	void sglang::act_and_mul_kernel<__nv_bfloat16, (sglang::ActivationKind)1, true, false, false, false>(sglang::ActivationParams)	elementwise_copy	24.06	-22.72	[11, 1, 1]
104	void sglang::per_token_quant_fp8_cta_kernel<__nv_bfloat16, 8>(__nv_bfloat16 const*, __nv_fp8_e4m3*, float*, unsigned int)	act_quant	1.38	0.10	[64, 1, 1]
105	fused_moe_kernel	moe_gemm	55.26	-0.19	[1408, 1, 1]
106	_moe_sum_reduce_kernel	moe_route	2.91	-1.79	[8, 2, 1]
107	_gemma_dual_rmsnorm_residual_kernel	norm_rope_kv	2.37	0.10	[8, 1, 1]
108	kernel_cutlass_kernel_flashinfernormkernelsrmsnormRMSNormKernel_object_at__tensorptrbf16gmemalign128oi64281628161_tensorptrbf16gmemalign16o28161_tensorptrbf16gmemalign128oi64281628161___T_0	norm_rope_kv	2.34	0.22	[2, 1, 1]
109	void sglang::per_token_quant_fp8_cta_kernel<__nv_bfloat16, 8>(__nv_bfloat16 const*, __nv_fp8_e4m3*, float*, unsigned int)	act_quant	1.47	0.13	[8, 1, 1]
110	_ZN7cutlass13device_kernelINS_4gemm6kernel13GemmUniversalIN4cute5tupleIJiiiiEEENS1_10collective13CollectiveMmaINS1_31MainloopSm120TmaWarpSpecializedILi2ELi2ENS5_IJNS4_1CILi1EEESB_SB_EEENS1_40KernelTmaWarpSpecializedCooperativeSm120ILi2EEEEENS5_IJNSA_ILi128EEESG_SG_EEENS_12float_e4m3_tENS5_IJlSB_lEEESI_SJ_NS4_8TiledMMAINS4_8MMA_AtomIJNS4_16SM120_16x8x32_TNISI_SI_fEEEEENS4_6LayoutINS5_IJNSA_ILi4EEENSA_ILi2EEESB_EEENS5_IJSB_SQ_NSA_ILi0EEEEEEEENS5_IJSG_NSA_ILi32EEESW_EEEEENS4_13SM90_TMA_LOADENS4_14ComposedLayoutINS4_7SwizzleILi3ELi4ELi3EEENS4_18smem_ptr_flag_bitsILi8EEENSP_INS5_IJNSA_ILi8EEESG_EEENS5_IJSG_SB_EEEEEEENS4_9Copy_AtomIJNS4_17SM75_U32x4_LDSM_NEhEEENS4_8identityESZ_S19_S1C_S1D_EENS_8epilogue10collective18CollectiveEpilogueINS1F_22Sm90TmaWarpSpecializedILi2ELi2ELi4ELb0ELb1EEEJSH_NS5_IJNSA_ILi64EEESW_EEEvSJ_NS_10bfloat16_tESJ_NS1F_6fusion15Sm90TreeVisitorINS1N_11Sm90ComputeINS_10multipliesES1M_fLNS_15FloatRoundStyleE2EvEEJNS1N_16Sm90ColBroadcastILi0ESH_ffNS5_IJSB_ST_ST_EEELi4ELb1EEENS1O_INS1P_IS1Q_ffLS1R_2EvEEJNS1N_16Sm90RowBroadcastILi0ESH_ffNS5_IJST_SB_ST_EEELi4ELb1EEENS1N_12Sm90AccFetchEEEEEEESZ_NS10_INS11_ILi2ELi4ELi3EEENS13_ILi16EEENSP_INS5_IJS15_SW_EEENS5_IJSW_SB_EEEEEEENS4_17SM75_U32x2_LDSM_NENS4_14SM90_TMA_STOREES28_NS4_17SM90_U32x2_STSM_NENS1A_IJS2B_NS_6half_tEEEEvEEEvvEEEEvNT_6ParamsE	dense_gemm	35.94	0.10	[1, 64, 1]
111	_gemma_qkv_rmsnorm_kernel	norm_rope_kv	1.54	0.13	[8, 32, 1]
112	void sglang::fused_rope_kernel<true, 256l, true, __nv_bfloat16, __nv_bfloat16, long, 32u>(sglang::FusedRopeParams)	norm_rope_kv	1.47	0.22	[48, 1, 1]
113	void at::native::elementwise_kernel<128, 4, at::native::gpu_kernel_impl_nocast<at::native::BUnaryFunctor<c10::BFloat16, c10::BFloat16, c10::BFloat16, at::native::binary_internal::MulFunctor<float> > >(at::TensorIteratorBase&, at::native::BUnaryFunctor<c10::BFloat16, c10::BFloat16, c10::BFloat16, at::native::binary_internal::MulFunctor<float> > const&)::{lambda(int)#1}>(int, at::native::gpu_kernel_impl_nocast<at::native::BUnaryFunctor<c10::BFloat16, c10::BFloat16, c10::BFloat16, at::native::binary_internal::MulFunctor<float> > >(at::TensorIteratorBase&, at::native::BUnaryFunctor<c10::BFloat16, c10::BFloat16, c10::BFloat16, at::native::binary_internal::MulFunctor<float> > const&)::{lambda(int)#1})	elementwise_copy	1.73	0.10	[32, 1, 1]
114	void at::native::elementwise_kernel<128, 4, at::native::gpu_kernel_impl_nocast<at::native::BUnaryFunctor<c10::BFloat16, c10::BFloat16, c10::BFloat16, at::native::binary_internal::MulFunctor<float> > >(at::TensorIteratorBase&, at::native::BUnaryFunctor<c10::BFloat16, c10::BFloat16, c10::BFloat16, at::native::binary_internal::MulFunctor<float> > const&)::{lambda(int)#1}>(int, at::native::gpu_kernel_impl_nocast<at::native::BUnaryFunctor<c10::BFloat16, c10::BFloat16, c10::BFloat16, at::native::binary_internal::MulFunctor<float> > >(at::TensorIteratorBase&, at::native::BUnaryFunctor<c10::BFloat16, c10::BFloat16, c10::BFloat16, at::native::binary_internal::MulFunctor<float> > const&)::{lambda(int)#1})	elementwise_copy	1.47	0.06	[32, 1, 1]
115	void at::native::elementwise_kernel<128, 4, at::native::gpu_kernel_impl_nocast<at::native::ConvertToFloat8E4M3fnOp<c10::BFloat16> >(at::TensorIteratorBase&, at::native::ConvertToFloat8E4M3fnOp<c10::BFloat16> const&)::{lambda(int)#1}>(int, at::native::gpu_kernel_impl_nocast<at::native::ConvertToFloat8E4M3fnOp<c10::BFloat16> >(at::TensorIteratorBase&, at::native::ConvertToFloat8E4M3fnOp<c10::BFloat16> const&)::{lambda(int)#1})	elementwise_copy	1.70	0.10	[32, 1, 1]
116	void at::native::elementwise_kernel<128, 4, at::native::gpu_kernel_impl_nocast<at::native::ConvertToFloat8E4M3fnOp<c10::BFloat16> >(at::TensorIteratorBase&, at::native::ConvertToFloat8E4M3fnOp<c10::BFloat16> const&)::{lambda(int)#1}>(int, at::native::gpu_kernel_impl_nocast<at::native::ConvertToFloat8E4M3fnOp<c10::BFloat16> >(at::TensorIteratorBase&, at::native::ConvertToFloat8E4M3fnOp<c10::BFloat16> const&)::{lambda(int)#1})	elementwise_copy	1.60	0.06	[32, 1, 1]
117	void sglang::store_kvcache_kernel<2048l, 2048l, 128u, true, long>(sglang::StoreKVCacheParams)	norm_rope_kv	1.06	0.22	[32, 1, 1]
118	_fwd_grouped_kernel_stage1	attention	29.79	0.10	[8, 8, 8]
119	_fwd_kernel_stage2	attention	2.18	0.22	[8, 16, 1]
120	void sglang::per_token_quant_fp8_cta_kernel<__nv_bfloat16, 8>(__nv_bfloat16 const*, __nv_fp8_e4m3*, float*, unsigned int)	act_quant	1.86	0.06	[8, 1, 1]
121	_ZN7cutlass13device_kernelINS_4gemm6kernel13GemmUniversalIN4cute5tupleIJiiiiEEENS1_10collective13CollectiveMmaINS1_31MainloopSm120TmaWarpSpecializedILi2ELi2ENS5_IJNS4_1CILi1EEESB_SB_EEENS1_40KernelTmaWarpSpecializedCooperativeSm120ILi2EEEEENS5_IJNSA_ILi128EEESG_SG_EEENS_12float_e4m3_tENS5_IJlSB_lEEESI_SJ_NS4_8TiledMMAINS4_8MMA_AtomIJNS4_16SM120_16x8x32_TNISI_SI_fEEEEENS4_6LayoutINS5_IJNSA_ILi4EEENSA_ILi2EEESB_EEENS5_IJSB_SQ_NSA_ILi0EEEEEEEENS5_IJSG_NSA_ILi32EEESW_EEEEENS4_13SM90_TMA_LOADENS4_14ComposedLayoutINS4_7SwizzleILi3ELi4ELi3EEENS4_18smem_ptr_flag_bitsILi8EEENSP_INS5_IJNSA_ILi8EEESG_EEENS5_IJSG_SB_EEEEEEENS4_9Copy_AtomIJNS4_17SM75_U32x4_LDSM_NEhEEENS4_8identityESZ_S19_S1C_S1D_EENS_8epilogue10collective18CollectiveEpilogueINS1F_22Sm90TmaWarpSpecializedILi2ELi2ELi4ELb0ELb1EEEJSH_NS5_IJNSA_ILi64EEESW_EEEvSJ_NS_10bfloat16_tESJ_NS1F_6fusion15Sm90TreeVisitorINS1N_11Sm90ComputeINS_10multipliesES1M_fLNS_15FloatRoundStyleE2EvEEJNS1N_16Sm90ColBroadcastILi0ESH_ffNS5_IJSB_ST_ST_EEELi4ELb1EEENS1O_INS1P_IS1Q_ffLS1R_2EvEEJNS1N_16Sm90RowBroadcastILi0ESH_ffNS5_IJST_SB_ST_EEELi4ELb1EEENS1N_12Sm90AccFetchEEEEEEESZ_NS10_INS11_ILi2ELi4ELi3EEENS13_ILi16EEENSP_INS5_IJS15_SW_EEENS5_IJSW_SB_EEEEEEENS4_17SM75_U32x2_LDSM_NENS4_14SM90_TMA_STOREES28_NS4_17SM90_U32x2_STSM_NENS1A_IJS2B_NS_6half_tEEEEvEEEvvEEEEvNT_6ParamsE	dense_gemm	49.70	0.10	[1, 22, 1]
122	kernel_cutlass_kernel_flashinfernormkernelsrmsnormRMSNormKernel_object_at__tensorptrbf16gmemalign128oi64281628161_tensorptrbf16gmemalign16o28161_tensorptrbf16gmemalign128oi64281628161___T_0	norm_rope_kv	2.53	-0.19	[2, 1, 1]
123	kernel_cutlass_kernel_flashinfernormkernelsfused_add_rmsnormFusedAddRMSNormKernel_object_at__tensorptrbf16gmemalign128oi64281628161_tensorptrbf16gmemalign128oi64281628161_tensorptrbf16gme_0	norm_rope_kv	2.50	0.06	[2, 1, 1]
124	void sglang::per_token_quant_fp8_cta_kernel<__nv_bfloat16, 8>(__nv_bfloat16 const*, __nv_fp8_e4m3*, float*, unsigned int)	act_quant	1.50	0.10	[8, 1, 1]
125	_ZN7cutlass13device_kernelINS_4gemm6kernel13GemmUniversalIN4cute5tupleIJiiiiEEENS1_10collective13CollectiveMmaINS1_31MainloopSm120TmaWarpSpecializedILi2ELi2ENS5_IJNS4_1CILi1EEESB_SB_EEENS1_40KernelTmaWarpSpecializedCooperativeSm120ILi2EEEEENS5_IJNSA_ILi128EEESG_SG_EEENS_12float_e4m3_tENS5_IJlSB_lEEESI_SJ_NS4_8TiledMMAINS4_8MMA_AtomIJNS4_16SM120_16x8x32_TNISI_SI_fEEEEENS4_6LayoutINS5_IJNSA_ILi4EEENSA_ILi2EEESB_EEENS5_IJSB_SQ_NSA_ILi0EEEEEEEENS5_IJSG_NSA_ILi32EEESW_EEEEENS4_13SM90_TMA_LOADENS4_14ComposedLayoutINS4_7SwizzleILi3ELi4ELi3EEENS4_18smem_ptr_flag_bitsILi8EEENSP_INS5_IJNSA_ILi8EEESG_EEENS5_IJSG_SB_EEEEEEENS4_9Copy_AtomIJNS4_17SM75_U32x4_LDSM_NEhEEENS4_8identityESZ_S19_S1C_S1D_EENS_8epilogue10collective18CollectiveEpilogueINS1F_22Sm90TmaWarpSpecializedILi2ELi2ELi4ELb0ELb1EEEJSH_NS5_IJNSA_ILi64EEESW_EEEvSJ_NS_10bfloat16_tESJ_NS1F_6fusion15Sm90TreeVisitorINS1N_11Sm90ComputeINS_10multipliesES1M_fLNS_15FloatRoundStyleE2EvEEJNS1N_16Sm90ColBroadcastILi0ESH_ffNS5_IJSB_ST_ST_EEELi4ELb1EEENS1O_INS1P_IS1Q_ffLS1R_2EvEEJNS1N_16Sm90RowBroadcastILi0ESH_ffNS5_IJST_SB_ST_EEELi4ELb1EEENS1N_12Sm90AccFetchEEEEEEESZ_NS10_INS11_ILi2ELi4ELi3EEENS13_ILi16EEENSP_INS5_IJS15_SW_EEENS5_IJSW_SB_EEEEEEENS4_17SM75_U32x2_LDSM_NENS4_14SM90_TMA_STOREES28_NS4_17SM90_U32x2_STSM_NENS1A_IJS2B_NS_6half_tEEEEvEEEvvEEEEvNT_6ParamsE	dense_gemm	35.62	0.10	[1, 33, 1]
126	void sglang::act_and_mul_kernel<__nv_bfloat16, (sglang::ActivationKind)2, true, false, false, false>(sglang::ActivationParams)	elementwise_copy	1.47	0.19	[5, 1, 1]
127	void sglang::per_token_quant_fp8_cta_kernel<__nv_bfloat16, 8>(__nv_bfloat16 const*, __nv_fp8_e4m3*, float*, unsigned int)	act_quant	1.47	0.10	[8, 1, 1]
128	_ZN7cutlass13device_kernelINS_4gemm6kernel13GemmUniversalIN4cute5tupleIJiiiiEEENS1_10collective13CollectiveMmaINS1_31MainloopSm120TmaWarpSpecializedILi2ELi2ENS5_IJNS4_1CILi1EEESB_SB_EEENS1_40KernelTmaWarpSpecializedCooperativeSm120ILi2EEEEENS5_IJNSA_ILi128EEESG_SG_EEENS_12float_e4m3_tENS5_IJlSB_lEEESI_SJ_NS4_8TiledMMAINS4_8MMA_AtomIJNS4_16SM120_16x8x32_TNISI_SI_fEEEEENS4_6LayoutINS5_IJNSA_ILi4EEENSA_ILi2EEESB_EEENS5_IJSB_SQ_NSA_ILi0EEEEEEEENS5_IJSG_NSA_ILi32EEESW_EEEEENS4_13SM90_TMA_LOADENS4_14ComposedLayoutINS4_7SwizzleILi3ELi4ELi3EEENS4_18smem_ptr_flag_bitsILi8EEENSP_INS5_IJNSA_ILi8EEESG_EEENS5_IJSG_SB_EEEEEEENS4_9Copy_AtomIJNS4_17SM75_U32x4_LDSM_NEhEEENS4_8identityESZ_S19_S1C_S1D_EENS_8epilogue10collective18CollectiveEpilogueINS1F_22Sm90TmaWarpSpecializedILi2ELi2ELi4ELb0ELb1EEEJSH_NS5_IJNSA_ILi64EEESW_EEEvSJ_NS_10bfloat16_tESJ_NS1F_6fusion15Sm90TreeVisitorINS1N_11Sm90ComputeINS_10multipliesES1M_fLNS_15FloatRoundStyleE2EvEEJNS1N_16Sm90ColBroadcastILi0ESH_ffNS5_IJSB_ST_ST_EEELi4ELb1EEENS1O_INS1P_IS1Q_ffLS1R_2EvEEJNS1N_16Sm90RowBroadcastILi0ESH_ffNS5_IJST_SB_ST_EEELi4ELb1EEENS1N_12Sm90AccFetchEEEEEEESZ_NS10_INS11_ILi2ELi4ELi3EEENS13_ILi16EEENSP_INS5_IJS15_SW_EEENS5_IJSW_SB_EEEEEEENS4_17SM75_U32x2_LDSM_NENS4_14SM90_TMA_STOREES28_NS4_17SM90_U32x2_STSM_NENS1A_IJS2B_NS_6half_tEEEEvEEEvvEEEEvNT_6ParamsE	dense_gemm	28.00	0.10	[1, 22, 1]
129	kernel_cutlass_kernel_flashinfernormkernelsrmsnormRMSNormKernel_object_at__tensorptrbf16gmemalign128oi64281628161_tensorptrbf16gmemalign16o28161_tensorptrbf16gmemalign128oi64281628161___T_0	norm_rope_kv	2.40	0.19	[2, 1, 1]
130	void cutlass::Kernel2<cutlass_80_wmma_tensorop_bf16_s161616gemm_bf16_16x16_128x2_tn_align8>(cutlass_80_wmma_tensorop_bf16_s161616gemm_bf16_16x16_128x2_tn_align8::Params)	dense_gemm	3.30	0.10	[8, 1, 9]
131	void cublasLt::splitKreduce_kernel<32, 16, int, __nv_bfloat16, __nv_bfloat16, float, __nv_bfloat16, false, __nv_bfloat16, __nv_bfloat16, __nv_bfloat16, true, false, false, false>(cublasLt::cublasSplitKParams<float>, __nv_bfloat16 const*, __nv_bfloat16 const*, __nv_bfloat16*, __nv_bfloat16*, float const*, float const*, __nv_bfloat16 const*, __nv_bfloat16 const*, __nv_bfloat16*, void*, long, float*, int*, float*, float*, float const*, float const*, float const*, float const*, float const*)	dense_gemm	1.28	0.10	[4, 1, 1]
132	kernel_cutlass_kernel_flashinfernormkernelsrmsnormRMSNormKernel_object_at__tensorptrbf16gmemalign128oi64281628161_tensorptrbf16gmemalign16o28161_tensorptrbf16gmemalign128oi64281628161___T_0	norm_rope_kv	2.43	-0.32	[2, 1, 1]
133	_gemma4_routing_kernel	moe_route	1.76	0.10	[8, 1, 1]
134	_moe_align_small_numel_kernel	moe_route	3.39	0.22	[1, 1, 1]
135	void sglang::per_token_quant_fp8_cta_kernel<__nv_bfloat16, 8>(__nv_bfloat16 const*, __nv_fp8_e4m3*, float*, unsigned int)	act_quant	1.66	0.10	[8, 1, 1]
136	fused_moe_kernel	moe_gemm	106.05	-0.19	[704, 1, 1]
137	void sglang::act_and_mul_kernel<__nv_bfloat16, (sglang::ActivationKind)1, true, false, false, false>(sglang::ActivationParams)	elementwise_copy	23.87	-22.85	[11, 1, 1]
138	void sglang::per_token_quant_fp8_cta_kernel<__nv_bfloat16, 8>(__nv_bfloat16 const*, __nv_fp8_e4m3*, float*, unsigned int)	act_quant	1.38	0.10	[64, 1, 1]
139	fused_moe_kernel	moe_gemm	55.33	-0.19	[1408, 1, 1]
140	_moe_sum_reduce_kernel	moe_route	3.20	-2.14	[8, 2, 1]
141	_gemma_dual_rmsnorm_residual_kernel	norm_rope_kv	2.34	0.13	[8, 1, 1]
142	kernel_cutlass_kernel_flashinfernormkernelsrmsnormRMSNormKernel_object_at__tensorptrbf16gmemalign128oi64281628161_tensorptrbf16gmemalign16o28161_tensorptrbf16gmemalign128oi64281628161___T_0	norm_rope_kv	2.40	0.22	[2, 1, 1]
143	void sglang::per_token_quant_fp8_cta_kernel<__nv_bfloat16, 8>(__nv_bfloat16 const*, __nv_fp8_e4m3*, float*, unsigned int)	act_quant	1.50	0.10	[8, 1, 1]
144	_ZN7cutlass13device_kernelINS_4gemm6kernel13GemmUniversalIN4cute5tupleIJiiiiEEENS1_10collective13CollectiveMmaINS1_31MainloopSm120TmaWarpSpecializedILi2ELi2ENS5_IJNS4_1CILi1EEESB_SB_EEENS1_40KernelTmaWarpSpecializedCooperativeSm120ILi2EEEEENS5_IJNSA_ILi128EEESG_SG_EEENS_12float_e4m3_tENS5_IJlSB_lEEESI_SJ_NS4_8TiledMMAINS4_8MMA_AtomIJNS4_16SM120_16x8x32_TNISI_SI_fEEEEENS4_6LayoutINS5_IJNSA_ILi4EEENSA_ILi2EEESB_EEENS5_IJSB_SQ_NSA_ILi0EEEEEEEENS5_IJSG_NSA_ILi32EEESW_EEEEENS4_13SM90_TMA_LOADENS4_14ComposedLayoutINS4_7SwizzleILi3ELi4ELi3EEENS4_18smem_ptr_flag_bitsILi8EEENSP_INS5_IJNSA_ILi8EEESG_EEENS5_IJSG_SB_EEEEEEENS4_9Copy_AtomIJNS4_17SM75_U32x4_LDSM_NEhEEENS4_8identityESZ_S19_S1C_S1D_EENS_8epilogue10collective18CollectiveEpilogueINS1F_22Sm90TmaWarpSpecializedILi2ELi2ELi4ELb0ELb1EEEJSH_NS5_IJNSA_ILi64EEESW_EEEvSJ_NS_10bfloat16_tESJ_NS1F_6fusion15Sm90TreeVisitorINS1N_11Sm90ComputeINS_10multipliesES1M_fLNS_15FloatRoundStyleE2EvEEJNS1N_16Sm90ColBroadcastILi0ESH_ffNS5_IJSB_ST_ST_EEELi4ELb1EEENS1O_INS1P_IS1Q_ffLS1R_2EvEEJNS1N_16Sm90RowBroadcastILi0ESH_ffNS5_IJST_SB_ST_EEELi4ELb1EEENS1N_12Sm90AccFetchEEEEEEESZ_NS10_INS11_ILi2ELi4ELi3EEENS13_ILi16EEENSP_INS5_IJS15_SW_EEENS5_IJSW_SB_EEEEEEENS4_17SM75_U32x2_LDSM_NENS4_14SM90_TMA_STOREES28_NS4_17SM90_U32x2_STSM_NENS1A_IJS2B_NS_6half_tEEEEvEEEvvEEEEvNT_6ParamsE	dense_gemm	36.00	0.10	[1, 64, 1]
145	_gemma_qkv_rmsnorm_kernel	norm_rope_kv	1.57	0.06	[8, 32, 1]
146	void sglang::fused_rope_kernel<true, 256l, true, __nv_bfloat16, __nv_bfloat16, long, 32u>(sglang::FusedRopeParams)	norm_rope_kv	1.41	0.22	[48, 1, 1]
147	void at::native::elementwise_kernel<128, 4, at::native::gpu_kernel_impl_nocast<at::native::BUnaryFunctor<c10::BFloat16, c10::BFloat16, c10::BFloat16, at::native::binary_internal::MulFunctor<float> > >(at::TensorIteratorBase&, at::native::BUnaryFunctor<c10::BFloat16, c10::BFloat16, c10::BFloat16, at::native::binary_internal::MulFunctor<float> > const&)::{lambda(int)#1}>(int, at::native::gpu_kernel_impl_nocast<at::native::BUnaryFunctor<c10::BFloat16, c10::BFloat16, c10::BFloat16, at::native::binary_internal::MulFunctor<float> > >(at::TensorIteratorBase&, at::native::BUnaryFunctor<c10::BFloat16, c10::BFloat16, c10::BFloat16, at::native::binary_internal::MulFunctor<float> > const&)::{lambda(int)#1})	elementwise_copy	1.73	0.10	[32, 1, 1]
148	void at::native::elementwise_kernel<128, 4, at::native::gpu_kernel_impl_nocast<at::native::BUnaryFunctor<c10::BFloat16, c10::BFloat16, c10::BFloat16, at::native::binary_internal::MulFunctor<float> > >(at::TensorIteratorBase&, at::native::BUnaryFunctor<c10::BFloat16, c10::BFloat16, c10::BFloat16, at::native::binary_internal::MulFunctor<float> > const&)::{lambda(int)#1}>(int, at::native::gpu_kernel_impl_nocast<at::native::BUnaryFunctor<c10::BFloat16, c10::BFloat16, c10::BFloat16, at::native::binary_internal::MulFunctor<float> > >(at::TensorIteratorBase&, at::native::BUnaryFunctor<c10::BFloat16, c10::BFloat16, c10::BFloat16, at::native::binary_internal::MulFunctor<float> > const&)::{lambda(int)#1})	elementwise_copy	1.50	0.10	[32, 1, 1]
149	void at::native::elementwise_kernel<128, 4, at::native::gpu_kernel_impl_nocast<at::native::ConvertToFloat8E4M3fnOp<c10::BFloat16> >(at::TensorIteratorBase&, at::native::ConvertToFloat8E4M3fnOp<c10::BFloat16> const&)::{lambda(int)#1}>(int, at::native::gpu_kernel_impl_nocast<at::native::ConvertToFloat8E4M3fnOp<c10::BFloat16> >(at::TensorIteratorBase&, at::native::ConvertToFloat8E4M3fnOp<c10::BFloat16> const&)::{lambda(int)#1})	elementwise_copy	1.70	0.06	[32, 1, 1]
150	void at::native::elementwise_kernel<128, 4, at::native::gpu_kernel_impl_nocast<at::native::ConvertToFloat8E4M3fnOp<c10::BFloat16> >(at::TensorIteratorBase&, at::native::ConvertToFloat8E4M3fnOp<c10::BFloat16> const&)::{lambda(int)#1}>(int, at::native::gpu_kernel_impl_nocast<at::native::ConvertToFloat8E4M3fnOp<c10::BFloat16> >(at::TensorIteratorBase&, at::native::ConvertToFloat8E4M3fnOp<c10::BFloat16> const&)::{lambda(int)#1})	elementwise_copy	1.63	0.10	[32, 1, 1]
151	void sglang::store_kvcache_kernel<2048l, 2048l, 128u, true, long>(sglang::StoreKVCacheParams)	norm_rope_kv	1.02	0.22	[32, 1, 1]
152	_fwd_grouped_kernel_stage1	attention	29.86	0.10	[8, 8, 8]
153	_fwd_kernel_stage2	attention	2.18	0.22	[8, 16, 1]
154	void sglang::per_token_quant_fp8_cta_kernel<__nv_bfloat16, 8>(__nv_bfloat16 const*, __nv_fp8_e4m3*, float*, unsigned int)	act_quant	1.76	0.10	[8, 1, 1]
155	_ZN7cutlass13device_kernelINS_4gemm6kernel13GemmUniversalIN4cute5tupleIJiiiiEEENS1_10collective13CollectiveMmaINS1_31MainloopSm120TmaWarpSpecializedILi2ELi2ENS5_IJNS4_1CILi1EEESB_SB_EEENS1_40KernelTmaWarpSpecializedCooperativeSm120ILi2EEEEENS5_IJNSA_ILi128EEESG_SG_EEENS_12float_e4m3_tENS5_IJlSB_lEEESI_SJ_NS4_8TiledMMAINS4_8MMA_AtomIJNS4_16SM120_16x8x32_TNISI_SI_fEEEEENS4_6LayoutINS5_IJNSA_ILi4EEENSA_ILi2EEESB_EEENS5_IJSB_SQ_NSA_ILi0EEEEEEEENS5_IJSG_NSA_ILi32EEESW_EEEEENS4_13SM90_TMA_LOADENS4_14ComposedLayoutINS4_7SwizzleILi3ELi4ELi3EEENS4_18smem_ptr_flag_bitsILi8EEENSP_INS5_IJNSA_ILi8EEESG_EEENS5_IJSG_SB_EEEEEEENS4_9Copy_AtomIJNS4_17SM75_U32x4_LDSM_NEhEEENS4_8identityESZ_S19_S1C_S1D_EENS_8epilogue10collective18CollectiveEpilogueINS1F_22Sm90TmaWarpSpecializedILi2ELi2ELi4ELb0ELb1EEEJSH_NS5_IJNSA_ILi64EEESW_EEEvSJ_NS_10bfloat16_tESJ_NS1F_6fusion15Sm90TreeVisitorINS1N_11Sm90ComputeINS_10multipliesES1M_fLNS_15FloatRoundStyleE2EvEEJNS1N_16Sm90ColBroadcastILi0ESH_ffNS5_IJSB_ST_ST_EEELi4ELb1EEENS1O_INS1P_IS1Q_ffLS1R_2EvEEJNS1N_16Sm90RowBroadcastILi0ESH_ffNS5_IJST_SB_ST_EEELi4ELb1EEENS1N_12Sm90AccFetchEEEEEEESZ_NS10_INS11_ILi2ELi4ELi3EEENS13_ILi16EEENSP_INS5_IJS15_SW_EEENS5_IJSW_SB_EEEEEEENS4_17SM75_U32x2_LDSM_NENS4_14SM90_TMA_STOREES28_NS4_17SM90_U32x2_STSM_NENS1A_IJS2B_NS_6half_tEEEEvEEEvvEEEEvNT_6ParamsE	dense_gemm	49.98	0.10	[1, 22, 1]
156	kernel_cutlass_kernel_flashinfernormkernelsrmsnormRMSNormKernel_object_at__tensorptrbf16gmemalign128oi64281628161_tensorptrbf16gmemalign16o28161_tensorptrbf16gmemalign128oi64281628161___T_0	norm_rope_kv	2.56	-0.22	[2, 1, 1]
157	kernel_cutlass_kernel_flashinfernormkernelsfused_add_rmsnormFusedAddRMSNormKernel_object_at__tensorptrbf16gmemalign128oi64281628161_tensorptrbf16gmemalign128oi64281628161_tensorptrbf16gme_0	norm_rope_kv	2.50	0.10	[2, 1, 1]
158	void sglang::per_token_quant_fp8_cta_kernel<__nv_bfloat16, 8>(__nv_bfloat16 const*, __nv_fp8_e4m3*, float*, unsigned int)	act_quant	1.54	0.10	[8, 1, 1]
159	_ZN7cutlass13device_kernelINS_4gemm6kernel13GemmUniversalIN4cute5tupleIJiiiiEEENS1_10collective13CollectiveMmaINS1_31MainloopSm120TmaWarpSpecializedILi2ELi2ENS5_IJNS4_1CILi1EEESB_SB_EEENS1_40KernelTmaWarpSpecializedCooperativeSm120ILi2EEEEENS5_IJNSA_ILi128EEESG_SG_EEENS_12float_e4m3_tENS5_IJlSB_lEEESI_SJ_NS4_8TiledMMAINS4_8MMA_AtomIJNS4_16SM120_16x8x32_TNISI_SI_fEEEEENS4_6LayoutINS5_IJNSA_ILi4EEENSA_ILi2EEESB_EEENS5_IJSB_SQ_NSA_ILi0EEEEEEEENS5_IJSG_NSA_ILi32EEESW_EEEEENS4_13SM90_TMA_LOADENS4_14ComposedLayoutINS4_7SwizzleILi3ELi4ELi3EEENS4_18smem_ptr_flag_bitsILi8EEENSP_INS5_IJNSA_ILi8EEESG_EEENS5_IJSG_SB_EEEEEEENS4_9Copy_AtomIJNS4_17SM75_U32x4_LDSM_NEhEEENS4_8identityESZ_S19_S1C_S1D_EENS_8epilogue10collective18CollectiveEpilogueINS1F_22Sm90TmaWarpSpecializedILi2ELi2ELi4ELb0ELb1EEEJSH_NS5_IJNSA_ILi64EEESW_EEEvSJ_NS_10bfloat16_tESJ_NS1F_6fusion15Sm90TreeVisitorINS1N_11Sm90ComputeINS_10multipliesES1M_fLNS_15FloatRoundStyleE2EvEEJNS1N_16Sm90ColBroadcastILi0ESH_ffNS5_IJSB_ST_ST_EEELi4ELb1EEENS1O_INS1P_IS1Q_ffLS1R_2EvEEJNS1N_16Sm90RowBroadcastILi0ESH_ffNS5_IJST_SB_ST_EEELi4ELb1EEENS1N_12Sm90AccFetchEEEEEEESZ_NS10_INS11_ILi2ELi4ELi3EEENS13_ILi16EEENSP_INS5_IJS15_SW_EEENS5_IJSW_SB_EEEEEEENS4_17SM75_U32x2_LDSM_NENS4_14SM90_TMA_STOREES28_NS4_17SM90_U32x2_STSM_NENS1A_IJS2B_NS_6half_tEEEEvEEEvvEEEEvNT_6ParamsE	dense_gemm	35.68	0.06	[1, 33, 1]
160	void sglang::act_and_mul_kernel<__nv_bfloat16, (sglang::ActivationKind)2, true, false, false, false>(sglang::ActivationParams)	elementwise_copy	1.47	0.22	[5, 1, 1]
161	void sglang::per_token_quant_fp8_cta_kernel<__nv_bfloat16, 8>(__nv_bfloat16 const*, __nv_fp8_e4m3*, float*, unsigned int)	act_quant	1.50	0.06	[8, 1, 1]
162	_ZN7cutlass13device_kernelINS_4gemm6kernel13GemmUniversalIN4cute5tupleIJiiiiEEENS1_10collective13CollectiveMmaINS1_31MainloopSm120TmaWarpSpecializedILi2ELi2ENS5_IJNS4_1CILi1EEESB_SB_EEENS1_40KernelTmaWarpSpecializedCooperativeSm120ILi2EEEEENS5_IJNSA_ILi128EEESG_SG_EEENS_12float_e4m3_tENS5_IJlSB_lEEESI_SJ_NS4_8TiledMMAINS4_8MMA_AtomIJNS4_16SM120_16x8x32_TNISI_SI_fEEEEENS4_6LayoutINS5_IJNSA_ILi4EEENSA_ILi2EEESB_EEENS5_IJSB_SQ_NSA_ILi0EEEEEEEENS5_IJSG_NSA_ILi32EEESW_EEEEENS4_13SM90_TMA_LOADENS4_14ComposedLayoutINS4_7SwizzleILi3ELi4ELi3EEENS4_18smem_ptr_flag_bitsILi8EEENSP_INS5_IJNSA_ILi8EEESG_EEENS5_IJSG_SB_EEEEEEENS4_9Copy_AtomIJNS4_17SM75_U32x4_LDSM_NEhEEENS4_8identityESZ_S19_S1C_S1D_EENS_8epilogue10collective18CollectiveEpilogueINS1F_22Sm90TmaWarpSpecializedILi2ELi2ELi4ELb0ELb1EEEJSH_NS5_IJNSA_ILi64EEESW_EEEvSJ_NS_10bfloat16_tESJ_NS1F_6fusion15Sm90TreeVisitorINS1N_11Sm90ComputeINS_10multipliesES1M_fLNS_15FloatRoundStyleE2EvEEJNS1N_16Sm90ColBroadcastILi0ESH_ffNS5_IJSB_ST_ST_EEELi4ELb1EEENS1O_INS1P_IS1Q_ffLS1R_2EvEEJNS1N_16Sm90RowBroadcastILi0ESH_ffNS5_IJST_SB_ST_EEELi4ELb1EEENS1N_12Sm90AccFetchEEEEEEESZ_NS10_INS11_ILi2ELi4ELi3EEENS13_ILi16EEENSP_INS5_IJS15_SW_EEENS5_IJSW_SB_EEEEEEENS4_17SM75_U32x2_LDSM_NENS4_14SM90_TMA_STOREES28_NS4_17SM90_U32x2_STSM_NENS1A_IJS2B_NS_6half_tEEEEvEEEvvEEEEvNT_6ParamsE	dense_gemm	28.03	0.10	[1, 22, 1]
163	kernel_cutlass_kernel_flashinfernormkernelsrmsnormRMSNormKernel_object_at__tensorptrbf16gmemalign128oi64281628161_tensorptrbf16gmemalign16o28161_tensorptrbf16gmemalign128oi64281628161___T_0	norm_rope_kv	2.37	0.19	[2, 1, 1]
164	void cutlass::Kernel2<cutlass_80_wmma_tensorop_bf16_s161616gemm_bf16_16x16_128x2_tn_align8>(cutlass_80_wmma_tensorop_bf16_s161616gemm_bf16_16x16_128x2_tn_align8::Params)	dense_gemm	3.42	0.10	[8, 1, 9]
165	void cublasLt::splitKreduce_kernel<32, 16, int, __nv_bfloat16, __nv_bfloat16, float, __nv_bfloat16, false, __nv_bfloat16, __nv_bfloat16, __nv_bfloat16, true, false, false, false>(cublasLt::cublasSplitKParams<float>, __nv_bfloat16 const*, __nv_bfloat16 const*, __nv_bfloat16*, __nv_bfloat16*, float const*, float const*, __nv_bfloat16 const*, __nv_bfloat16 const*, __nv_bfloat16*, void*, long, float*, int*, float*, float*, float const*, float const*, float const*, float const*, float const*)	dense_gemm	1.31	0.06	[4, 1, 1]
166	kernel_cutlass_kernel_flashinfernormkernelsrmsnormRMSNormKernel_object_at__tensorptrbf16gmemalign128oi64281628161_tensorptrbf16gmemalign16o28161_tensorptrbf16gmemalign128oi64281628161___T_0	norm_rope_kv	2.56	-0.38	[2, 1, 1]
167	_gemma4_routing_kernel	moe_route	1.73	0.10	[8, 1, 1]
168	_moe_align_small_numel_kernel	moe_route	3.33	0.22	[1, 1, 1]
169	void sglang::per_token_quant_fp8_cta_kernel<__nv_bfloat16, 8>(__nv_bfloat16 const*, __nv_fp8_e4m3*, float*, unsigned int)	act_quant	1.66	0.13	[8, 1, 1]
170	fused_moe_kernel	moe_gemm	63.90	-0.22	[704, 1, 1]
171	void sglang::act_and_mul_kernel<__nv_bfloat16, (sglang::ActivationKind)1, true, false, false, false>(sglang::ActivationParams)	elementwise_copy	20.64	-19.58	[11, 1, 1]
172	void sglang::per_token_quant_fp8_cta_kernel<__nv_bfloat16, 8>(__nv_bfloat16 const*, __nv_fp8_e4m3*, float*, unsigned int)	act_quant	1.41	0.10	[64, 1, 1]
173	fused_moe_kernel	moe_gemm	34.24	-0.22	[1408, 1, 1]
174	_moe_sum_reduce_kernel	moe_route	2.14	-1.02	[8, 2, 1]
175	_gemma_dual_rmsnorm_residual_kernel	norm_rope_kv	2.30	0.10	[8, 1, 1]
176	kernel_cutlass_kernel_flashinfernormkernelsrmsnormRMSNormKernel_object_at__tensorptrbf16gmemalign128oi64281628161_tensorptrbf16gmemalign16o28161_tensorptrbf16gmemalign128oi64281628161___T_0	norm_rope_kv	2.37	0.22	[2, 1, 1]
177	void sglang::per_token_quant_fp8_cta_kernel<__nv_bfloat16, 8>(__nv_bfloat16 const*, __nv_fp8_e4m3*, float*, unsigned int)	act_quant	1.47	0.10	[8, 1, 1]
178	_ZN7cutlass13device_kernelINS_4gemm6kernel13GemmUniversalIN4cute5tupleIJiiiiEEENS1_10collective13CollectiveMmaINS1_31MainloopSm120TmaWarpSpecializedILi2ELi2ENS5_IJNS4_1CILi1EEESB_SB_EEENS1_40KernelTmaWarpSpecializedCooperativeSm120ILi2EEEEENS5_IJNSA_ILi128EEESG_SG_EEENS_12float_e4m3_tENS5_IJlSB_lEEESI_SJ_NS4_8TiledMMAINS4_8MMA_AtomIJNS4_16SM120_16x8x32_TNISI_SI_fEEEEENS4_6LayoutINS5_IJNSA_ILi4EEENSA_ILi2EEESB_EEENS5_IJSB_SQ_NSA_ILi0EEEEEEEENS5_IJSG_NSA_ILi32EEESW_EEEEENS4_13SM90_TMA_LOADENS4_14ComposedLayoutINS4_7SwizzleILi3ELi4ELi3EEENS4_18smem_ptr_flag_bitsILi8EEENSP_INS5_IJNSA_ILi8EEESG_EEENS5_IJSG_SB_EEEEEEENS4_9Copy_AtomIJNS4_17SM75_U32x4_LDSM_NEhEEENS4_8identityESZ_S19_S1C_S1D_EENS_8epilogue10collective18CollectiveEpilogueINS1F_22Sm90TmaWarpSpecializedILi2ELi2ELi4ELb0ELb1EEEJSH_NS5_IJNSA_ILi64EEESW_EEEvSJ_NS_10bfloat16_tESJ_NS1F_6fusion15Sm90TreeVisitorINS1N_11Sm90ComputeINS_10multipliesES1M_fLNS_15FloatRoundStyleE2EvEEJNS1N_16Sm90ColBroadcastILi0ESH_ffNS5_IJSB_ST_ST_EEELi4ELb1EEENS1O_INS1P_IS1Q_ffLS1R_2EvEEJNS1N_16Sm90RowBroadcastILi0ESH_ffNS5_IJST_SB_ST_EEELi4ELb1EEENS1N_12Sm90AccFetchEEEEEEESZ_NS10_INS11_ILi2ELi4ELi3EEENS13_ILi16EEENSP_INS5_IJS15_SW_EEENS5_IJSW_SB_EEEEEEENS4_17SM75_U32x2_LDSM_NENS4_14SM90_TMA_STOREES28_NS4_17SM90_U32x2_STSM_NENS1A_IJS2B_NS_6half_tEEEEvEEEvvEEEEvNT_6ParamsE	dense_gemm	36.70	0.10	[1, 80, 1]
179	_gemma_qkv_rmsnorm_kernel	norm_rope_kv	1.66	0.10	[8, 20, 1]
180	void sglang::fused_rope_kernel<true, 512l, true, __nv_bfloat16, __nv_bfloat16, long, 64u>(sglang::FusedRopeParams)	norm_rope_kv	1.38	0.22	[72, 1, 1]
181	void at::native::elementwise_kernel<128, 4, at::native::gpu_kernel_impl_nocast<at::native::BUnaryFunctor<c10::BFloat16, c10::BFloat16, c10::BFloat16, at::native::binary_internal::MulFunctor<float> > >(at::TensorIteratorBase&, at::native::BUnaryFunctor<c10::BFloat16, c10::BFloat16, c10::BFloat16, at::native::binary_internal::MulFunctor<float> > const&)::{lambda(int)#1}>(int, at::native::gpu_kernel_impl_nocast<at::native::BUnaryFunctor<c10::BFloat16, c10::BFloat16, c10::BFloat16, at::native::binary_internal::MulFunctor<float> > >(at::TensorIteratorBase&, at::native::BUnaryFunctor<c10::BFloat16, c10::BFloat16, c10::BFloat16, at::native::binary_internal::MulFunctor<float> > const&)::{lambda(int)#1})	elementwise_copy	1.73	0.10	[16, 1, 1]
182	void at::native::elementwise_kernel<128, 4, at::native::gpu_kernel_impl_nocast<at::native::BUnaryFunctor<c10::BFloat16, c10::BFloat16, c10::BFloat16, at::native::binary_internal::MulFunctor<float> > >(at::TensorIteratorBase&, at::native::BUnaryFunctor<c10::BFloat16, c10::BFloat16, c10::BFloat16, at::native::binary_internal::MulFunctor<float> > const&)::{lambda(int)#1}>(int, at::native::gpu_kernel_impl_nocast<at::native::BUnaryFunctor<c10::BFloat16, c10::BFloat16, c10::BFloat16, at::native::binary_internal::MulFunctor<float> > >(at::TensorIteratorBase&, at::native::BUnaryFunctor<c10::BFloat16, c10::BFloat16, c10::BFloat16, at::native::binary_internal::MulFunctor<float> > const&)::{lambda(int)#1})	elementwise_copy	1.47	0.10	[16, 1, 1]
183	void at::native::elementwise_kernel<128, 4, at::native::gpu_kernel_impl_nocast<at::native::ConvertToFloat8E4M3fnOp<c10::BFloat16> >(at::TensorIteratorBase&, at::native::ConvertToFloat8E4M3fnOp<c10::BFloat16> const&)::{lambda(int)#1}>(int, at::native::gpu_kernel_impl_nocast<at::native::ConvertToFloat8E4M3fnOp<c10::BFloat16> >(at::TensorIteratorBase&, at::native::ConvertToFloat8E4M3fnOp<c10::BFloat16> const&)::{lambda(int)#1})	elementwise_copy	1.70	0.10	[16, 1, 1]
184	void at::native::elementwise_kernel<128, 4, at::native::gpu_kernel_impl_nocast<at::native::ConvertToFloat8E4M3fnOp<c10::BFloat16> >(at::TensorIteratorBase&, at::native::ConvertToFloat8E4M3fnOp<c10::BFloat16> const&)::{lambda(int)#1}>(int, at::native::gpu_kernel_impl_nocast<at::native::ConvertToFloat8E4M3fnOp<c10::BFloat16> >(at::TensorIteratorBase&, at::native::ConvertToFloat8E4M3fnOp<c10::BFloat16> const&)::{lambda(int)#1})	elementwise_copy	1.60	0.10	[16, 1, 1]
185	void sglang::store_kvcache_kernel<1024l, 1024l, 64u, true, long>(sglang::StoreKVCacheParams)	norm_rope_kv	1.06	0.22	[16, 1, 1]
186	_fwd_grouped_kernel_stage1	attention	99.62	0.10	[8, 2, 8]
187	_fwd_kernel_stage2	attention	2.40	0.22	[8, 16, 1]
188	void sglang::per_token_quant_fp8_cta_kernel<__nv_bfloat16, 8>(__nv_bfloat16 const*, __nv_fp8_e4m3*, float*, unsigned int)	act_quant	1.95	0.06	[8, 1, 1]
189	_ZN7cutlass13device_kernelINS_4gemm6kernel13GemmUniversalIN4cute5tupleIJiiiiEEENS1_10collective13CollectiveMmaINS1_31MainloopSm120TmaWarpSpecializedILi2ELi2ENS5_IJNS4_1CILi1EEESB_SB_EEENS1_40KernelTmaWarpSpecializedCooperativeSm120ILi2EEEEENS5_IJNSA_ILi128EEESG_SG_EEENS_12float_e4m3_tENS5_IJlSB_lEEESI_SJ_NS4_8TiledMMAINS4_8MMA_AtomIJNS4_16SM120_16x8x32_TNISI_SI_fEEEEENS4_6LayoutINS5_IJNSA_ILi4EEENSA_ILi2EEESB_EEENS5_IJSB_SQ_NSA_ILi0EEEEEEEENS5_IJSG_NSA_ILi32EEESW_EEEEENS4_13SM90_TMA_LOADENS4_14ComposedLayoutINS4_7SwizzleILi3ELi4ELi3EEENS4_18smem_ptr_flag_bitsILi8EEENSP_INS5_IJNSA_ILi8EEESG_EEENS5_IJSG_SB_EEEEEEENS4_9Copy_AtomIJNS4_17SM75_U32x4_LDSM_NEhEEENS4_8identityESZ_S19_S1C_S1D_EENS_8epilogue10collective18CollectiveEpilogueINS1F_22Sm90TmaWarpSpecializedILi2ELi2ELi4ELb0ELb1EEEJSH_NS5_IJNSA_ILi64EEESW_EEEvSJ_NS_10bfloat16_tESJ_NS1F_6fusion15Sm90TreeVisitorINS1N_11Sm90ComputeINS_10multipliesES1M_fLNS_15FloatRoundStyleE2EvEEJNS1N_16Sm90ColBroadcastILi0ESH_ffNS5_IJSB_ST_ST_EEELi4ELb1EEENS1O_INS1P_IS1Q_ffLS1R_2EvEEJNS1N_16Sm90RowBroadcastILi0ESH_ffNS5_IJST_SB_ST_EEELi4ELb1EEENS1N_12Sm90AccFetchEEEEEEESZ_NS10_INS11_ILi2ELi4ELi3EEENS13_ILi16EEENSP_INS5_IJS15_SW_EEENS5_IJSW_SB_EEEEEEENS4_17SM75_U32x2_LDSM_NENS4_14SM90_TMA_STOREES28_NS4_17SM90_U32x2_STSM_NENS1A_IJS2B_NS_6half_tEEEEvEEEvvEEEEvNT_6ParamsE	dense_gemm	95.94	0.06	[1, 22, 1]
190	kernel_cutlass_kernel_flashinfernormkernelsrmsnormRMSNormKernel_object_at__tensorptrbf16gmemalign128oi64281628161_tensorptrbf16gmemalign16o28161_tensorptrbf16gmemalign128oi64281628161___T_0	norm_rope_kv	2.50	-0.19	[2, 1, 1]
191	kernel_cutlass_kernel_flashinfernormkernelsfused_add_rmsnormFusedAddRMSNormKernel_object_at__tensorptrbf16gmemalign128oi64281628161_tensorptrbf16gmemalign128oi64281628161_tensorptrbf16gme_0	norm_rope_kv	2.46	0.10	[2, 1, 1]
192	void sglang::per_token_quant_fp8_cta_kernel<__nv_bfloat16, 8>(__nv_bfloat16 const*, __nv_fp8_e4m3*, float*, unsigned int)	act_quant	1.50	0.10	[8, 1, 1]
193	_ZN7cutlass13device_kernelINS_4gemm6kernel13GemmUniversalIN4cute5tupleIJiiiiEEENS1_10collective13CollectiveMmaINS1_31MainloopSm120TmaWarpSpecializedILi2ELi2ENS5_IJNS4_1CILi1EEESB_SB_EEENS1_40KernelTmaWarpSpecializedCooperativeSm120ILi2EEEEENS5_IJNSA_ILi128EEESG_SG_EEENS_12float_e4m3_tENS5_IJlSB_lEEESI_SJ_NS4_8TiledMMAINS4_8MMA_AtomIJNS4_16SM120_16x8x32_TNISI_SI_fEEEEENS4_6LayoutINS5_IJNSA_ILi4EEENSA_ILi2EEESB_EEENS5_IJSB_SQ_NSA_ILi0EEEEEEEENS5_IJSG_NSA_ILi32EEESW_EEEEENS4_13SM90_TMA_LOADENS4_14ComposedLayoutINS4_7SwizzleILi3ELi4ELi3EEENS4_18smem_ptr_flag_bitsILi8EEENSP_INS5_IJNSA_ILi8EEESG_EEENS5_IJSG_SB_EEEEEEENS4_9Copy_AtomIJNS4_17SM75_U32x4_LDSM_NEhEEENS4_8identityESZ_S19_S1C_S1D_EENS_8epilogue10collective18CollectiveEpilogueINS1F_22Sm90TmaWarpSpecializedILi2ELi2ELi4ELb0ELb1EEEJSH_NS5_IJNSA_ILi64EEESW_EEEvSJ_NS_10bfloat16_tESJ_NS1F_6fusion15Sm90TreeVisitorINS1N_11Sm90ComputeINS_10multipliesES1M_fLNS_15FloatRoundStyleE2EvEEJNS1N_16Sm90ColBroadcastILi0ESH_ffNS5_IJSB_ST_ST_EEELi4ELb1EEENS1O_INS1P_IS1Q_ffLS1R_2EvEEJNS1N_16Sm90RowBroadcastILi0ESH_ffNS5_IJST_SB_ST_EEELi4ELb1EEENS1N_12Sm90AccFetchEEEEEEESZ_NS10_INS11_ILi2ELi4ELi3EEENS13_ILi16EEENSP_INS5_IJS15_SW_EEENS5_IJSW_SB_EEEEEEENS4_17SM75_U32x2_LDSM_NENS4_14SM90_TMA_STOREES28_NS4_17SM90_U32x2_STSM_NENS1A_IJS2B_NS_6half_tEEEEvEEEvvEEEEvNT_6ParamsE	dense_gemm	35.62	0.10	[1, 33, 1]
194	void sglang::act_and_mul_kernel<__nv_bfloat16, (sglang::ActivationKind)2, true, false, false, false>(sglang::ActivationParams)	elementwise_copy	1.44	0.22	[5, 1, 1]
195	void sglang::per_token_quant_fp8_cta_kernel<__nv_bfloat16, 8>(__nv_bfloat16 const*, __nv_fp8_e4m3*, float*, unsigned int)	act_quant	1.47	0.10	[8, 1, 1]
196	_ZN7cutlass13device_kernelINS_4gemm6kernel13GemmUniversalIN4cute5tupleIJiiiiEEENS1_10collective13CollectiveMmaINS1_31MainloopSm120TmaWarpSpecializedILi2ELi2ENS5_IJNS4_1CILi1EEESB_SB_EEENS1_40KernelTmaWarpSpecializedCooperativeSm120ILi2EEEEENS5_IJNSA_ILi128EEESG_SG_EEENS_12float_e4m3_tENS5_IJlSB_lEEESI_SJ_NS4_8TiledMMAINS4_8MMA_AtomIJNS4_16SM120_16x8x32_TNISI_SI_fEEEEENS4_6LayoutINS5_IJNSA_ILi4EEENSA_ILi2EEESB_EEENS5_IJSB_SQ_NSA_ILi0EEEEEEEENS5_IJSG_NSA_ILi32EEESW_EEEEENS4_13SM90_TMA_LOADENS4_14ComposedLayoutINS4_7SwizzleILi3ELi4ELi3EEENS4_18smem_ptr_flag_bitsILi8EEENSP_INS5_IJNSA_ILi8EEESG_EEENS5_IJSG_SB_EEEEEEENS4_9Copy_AtomIJNS4_17SM75_U32x4_LDSM_NEhEEENS4_8identityESZ_S19_S1C_S1D_EENS_8epilogue10collective18CollectiveEpilogueINS1F_22Sm90TmaWarpSpecializedILi2ELi2ELi4ELb0ELb1EEEJSH_NS5_IJNSA_ILi64EEESW_EEEvSJ_NS_10bfloat16_tESJ_NS1F_6fusion15Sm90TreeVisitorINS1N_11Sm90ComputeINS_10multipliesES1M_fLNS_15FloatRoundStyleE2EvEEJNS1N_16Sm90ColBroadcastILi0ESH_ffNS5_IJSB_ST_ST_EEELi4ELb1EEENS1O_INS1P_IS1Q_ffLS1R_2EvEEJNS1N_16Sm90RowBroadcastILi0ESH_ffNS5_IJST_SB_ST_EEELi4ELb1EEENS1N_12Sm90AccFetchEEEEEEESZ_NS10_INS11_ILi2ELi4ELi3EEENS13_ILi16EEENSP_INS5_IJS15_SW_EEENS5_IJSW_SB_EEEEEEENS4_17SM75_U32x2_LDSM_NENS4_14SM90_TMA_STOREES28_NS4_17SM90_U32x2_STSM_NENS1A_IJS2B_NS_6half_tEEEEvEEEvvEEEEvNT_6ParamsE	dense_gemm	28.03	0.10	[1, 22, 1]
197	kernel_cutlass_kernel_flashinfernormkernelsrmsnormRMSNormKernel_object_at__tensorptrbf16gmemalign128oi64281628161_tensorptrbf16gmemalign16o28161_tensorptrbf16gmemalign128oi64281628161___T_0	norm_rope_kv	2.43	0.22	[2, 1, 1]
198	void cutlass::Kernel2<cutlass_80_wmma_tensorop_bf16_s161616gemm_bf16_16x16_128x2_tn_align8>(cutlass_80_wmma_tensorop_bf16_s161616gemm_bf16_16x16_128x2_tn_align8::Params)	dense_gemm	3.39	0.10	[8, 1, 9]
199	void cublasLt::splitKreduce_kernel<32, 16, int, __nv_bfloat16, __nv_bfloat16, float, __nv_bfloat16, false, __nv_bfloat16, __nv_bfloat16, __nv_bfloat16, true, false, false, false>(cublasLt::cublasSplitKParams<float>, __nv_bfloat16 const*, __nv_bfloat16 const*, __nv_bfloat16*, __nv_bfloat16*, float const*, float const*, __nv_bfloat16 const*, __nv_bfloat16 const*, __nv_bfloat16*, void*, long, float*, int*, float*, float*, float const*, float const*, float const*, float const*, float const*)	dense_gemm	1.28	0.10	[4, 1, 1]
200	kernel_cutlass_kernel_flashinfernormkernelsrmsnormRMSNormKernel_object_at__tensorptrbf16gmemalign128oi64281628161_tensorptrbf16gmemalign16o28161_tensorptrbf16gmemalign128oi64281628161___T_0	norm_rope_kv	2.50	-0.32	[2, 1, 1]
201	_gemma4_routing_kernel	moe_route	1.76	0.10	[8, 1, 1]
202	_moe_align_small_numel_kernel	moe_route	3.39	0.22	[1, 1, 1]
203	void sglang::per_token_quant_fp8_cta_kernel<__nv_bfloat16, 8>(__nv_bfloat16 const*, __nv_fp8_e4m3*, float*, unsigned int)	act_quant	1.66	0.10	[8, 1, 1]
204	fused_moe_kernel	moe_gemm	104.00	-0.19	[704, 1, 1]
205	void sglang::act_and_mul_kernel<__nv_bfloat16, (sglang::ActivationKind)1, true, false, false, false>(sglang::ActivationParams)	elementwise_copy	22.37	-21.06	[11, 1, 1]
206	void sglang::per_token_quant_fp8_cta_kernel<__nv_bfloat16, 8>(__nv_bfloat16 const*, __nv_fp8_e4m3*, float*, unsigned int)	act_quant	1.38	0.10	[64, 1, 1]
207	fused_moe_kernel	moe_gemm	54.53	-0.19	[1408, 1, 1]
208	_moe_sum_reduce_kernel	moe_route	3.23	-2.14	[8, 2, 1]
209	_gemma_dual_rmsnorm_residual_kernel	norm_rope_kv	2.33	0.13	[8, 1, 1]
210	kernel_cutlass_kernel_flashinfernormkernelsrmsnormRMSNormKernel_object_at__tensorptrbf16gmemalign128oi64281628161_tensorptrbf16gmemalign16o28161_tensorptrbf16gmemalign128oi64281628161___T_0	norm_rope_kv	2.50	0.19	[2, 1, 1]
211	void sglang::per_token_quant_fp8_cta_kernel<__nv_bfloat16, 8>(__nv_bfloat16 const*, __nv_fp8_e4m3*, float*, unsigned int)	act_quant	1.50	0.10	[8, 1, 1]
212	_ZN7cutlass13device_kernelINS_4gemm6kernel13GemmUniversalIN4cute5tupleIJiiiiEEENS1_10collective13CollectiveMmaINS1_31MainloopSm120TmaWarpSpecializedILi2ELi2ENS5_IJNS4_1CILi1EEESB_SB_EEENS1_40KernelTmaWarpSpecializedCooperativeSm120ILi2EEEEENS5_IJNSA_ILi128EEESG_SG_EEENS_12float_e4m3_tENS5_IJlSB_lEEESI_SJ_NS4_8TiledMMAINS4_8MMA_AtomIJNS4_16SM120_16x8x32_TNISI_SI_fEEEEENS4_6LayoutINS5_IJNSA_ILi4EEENSA_ILi2EEESB_EEENS5_IJSB_SQ_NSA_ILi0EEEEEEEENS5_IJSG_NSA_ILi32EEESW_EEEEENS4_13SM90_TMA_LOADENS4_14ComposedLayoutINS4_7SwizzleILi3ELi4ELi3EEENS4_18smem_ptr_flag_bitsILi8EEENSP_INS5_IJNSA_ILi8EEESG_EEENS5_IJSG_SB_EEEEEEENS4_9Copy_AtomIJNS4_17SM75_U32x4_LDSM_NEhEEENS4_8identityESZ_S19_S1C_S1D_EENS_8epilogue10collective18CollectiveEpilogueINS1F_22Sm90TmaWarpSpecializedILi2ELi2ELi4ELb0ELb1EEEJSH_NS5_IJNSA_ILi64EEESW_EEEvSJ_NS_10bfloat16_tESJ_NS1F_6fusion15Sm90TreeVisitorINS1N_11Sm90ComputeINS_10multipliesES1M_fLNS_15FloatRoundStyleE2EvEEJNS1N_16Sm90ColBroadcastILi0ESH_ffNS5_IJSB_ST_ST_EEELi4ELb1EEENS1O_INS1P_IS1Q_ffLS1R_2EvEEJNS1N_16Sm90RowBroadcastILi0ESH_ffNS5_IJST_SB_ST_EEELi4ELb1EEENS1N_12Sm90AccFetchEEEEEEESZ_NS10_INS11_ILi2ELi4ELi3EEENS13_ILi16EEENSP_INS5_IJS15_SW_EEENS5_IJSW_SB_EEEEEEENS4_17SM75_U32x2_LDSM_NENS4_14SM90_TMA_STOREES28_NS4_17SM90_U32x2_STSM_NENS1A_IJS2B_NS_6half_tEEEEvEEEvvEEEEvNT_6ParamsE	dense_gemm	36.10	0.06	[1, 64, 1]
213	_gemma_qkv_rmsnorm_kernel	norm_rope_kv	1.41	0.10	[8, 32, 1]
214	void sglang::fused_rope_kernel<true, 256l, true, __nv_bfloat16, __nv_bfloat16, long, 32u>(sglang::FusedRopeParams)	norm_rope_kv	1.63	0.19	[48, 1, 1]
215	void at::native::elementwise_kernel<128, 4, at::native::gpu_kernel_impl_nocast<at::native::BUnaryFunctor<c10::BFloat16, c10::BFloat16, c10::BFloat16, at::native::binary_internal::MulFunctor<float> > >(at::TensorIteratorBase&, at::native::BUnaryFunctor<c10::BFloat16, c10::BFloat16, c10::BFloat16, at::native::binary_internal::MulFunctor<float> > const&)::{lambda(int)#1}>(int, at::native::gpu_kernel_impl_nocast<at::native::BUnaryFunctor<c10::BFloat16, c10::BFloat16, c10::BFloat16, at::native::binary_internal::MulFunctor<float> > >(at::TensorIteratorBase&, at::native::BUnaryFunctor<c10::BFloat16, c10::BFloat16, c10::BFloat16, at::native::binary_internal::MulFunctor<float> > const&)::{lambda(int)#1})	elementwise_copy	1.73	0.10	[32, 1, 1]
216	void at::native::elementwise_kernel<128, 4, at::native::gpu_kernel_impl_nocast<at::native::BUnaryFunctor<c10::BFloat16, c10::BFloat16, c10::BFloat16, at::native::binary_internal::MulFunctor<float> > >(at::TensorIteratorBase&, at::native::BUnaryFunctor<c10::BFloat16, c10::BFloat16, c10::BFloat16, at::native::binary_internal::MulFunctor<float> > const&)::{lambda(int)#1}>(int, at::native::gpu_kernel_impl_nocast<at::native::BUnaryFunctor<c10::BFloat16, c10::BFloat16, c10::BFloat16, at::native::binary_internal::MulFunctor<float> > >(at::TensorIteratorBase&, at::native::BUnaryFunctor<c10::BFloat16, c10::BFloat16, c10::BFloat16, at::native::binary_internal::MulFunctor<float> > const&)::{lambda(int)#1})	elementwise_copy	1.50	0.10	[32, 1, 1]
217	void at::native::elementwise_kernel<128, 4, at::native::gpu_kernel_impl_nocast<at::native::ConvertToFloat8E4M3fnOp<c10::BFloat16> >(at::TensorIteratorBase&, at::native::ConvertToFloat8E4M3fnOp<c10::BFloat16> const&)::{lambda(int)#1}>(int, at::native::gpu_kernel_impl_nocast<at::native::ConvertToFloat8E4M3fnOp<c10::BFloat16> >(at::TensorIteratorBase&, at::native::ConvertToFloat8E4M3fnOp<c10::BFloat16> const&)::{lambda(int)#1})	elementwise_copy	1.73	0.06	[32, 1, 1]
218	void at::native::elementwise_kernel<128, 4, at::native::gpu_kernel_impl_nocast<at::native::ConvertToFloat8E4M3fnOp<c10::BFloat16> >(at::TensorIteratorBase&, at::native::ConvertToFloat8E4M3fnOp<c10::BFloat16> const&)::{lambda(int)#1}>(int, at::native::gpu_kernel_impl_nocast<at::native::ConvertToFloat8E4M3fnOp<c10::BFloat16> >(at::TensorIteratorBase&, at::native::ConvertToFloat8E4M3fnOp<c10::BFloat16> const&)::{lambda(int)#1})	elementwise_copy	1.66	0.06	[32, 1, 1]
219	void sglang::store_kvcache_kernel<2048l, 2048l, 128u, true, long>(sglang::StoreKVCacheParams)	norm_rope_kv	1.06	0.22	[32, 1, 1]
220	_fwd_grouped_kernel_stage1	attention	29.44	0.06	[8, 8, 8]
221	_fwd_kernel_stage2	attention	2.18	0.22	[8, 16, 1]
222	void sglang::per_token_quant_fp8_cta_kernel<__nv_bfloat16, 8>(__nv_bfloat16 const*, __nv_fp8_e4m3*, float*, unsigned int)	act_quant	1.79	0.06	[8, 1, 1]
223	_ZN7cutlass13device_kernelINS_4gemm6kernel13GemmUniversalIN4cute5tupleIJiiiiEEENS1_10collective13CollectiveMmaINS1_31MainloopSm120TmaWarpSpecializedILi2ELi2ENS5_IJNS4_1CILi1EEESB_SB_EEENS1_40KernelTmaWarpSpecializedCooperativeSm120ILi2EEEEENS5_IJNSA_ILi128EEESG_SG_EEENS_12float_e4m3_tENS5_IJlSB_lEEESI_SJ_NS4_8TiledMMAINS4_8MMA_AtomIJNS4_16SM120_16x8x32_TNISI_SI_fEEEEENS4_6LayoutINS5_IJNSA_ILi4EEENSA_ILi2EEESB_EEENS5_IJSB_SQ_NSA_ILi0EEEEEEEENS5_IJSG_NSA_ILi32EEESW_EEEEENS4_13SM90_TMA_LOADENS4_14ComposedLayoutINS4_7SwizzleILi3ELi4ELi3EEENS4_18smem_ptr_flag_bitsILi8EEENSP_INS5_IJNSA_ILi8EEESG_EEENS5_IJSG_SB_EEEEEEENS4_9Copy_AtomIJNS4_17SM75_U32x4_LDSM_NEhEEENS4_8identityESZ_S19_S1C_S1D_EENS_8epilogue10collective18CollectiveEpilogueINS1F_22Sm90TmaWarpSpecializedILi2ELi2ELi4ELb0ELb1EEEJSH_NS5_IJNSA_ILi64EEESW_EEEvSJ_NS_10bfloat16_tESJ_NS1F_6fusion15Sm90TreeVisitorINS1N_11Sm90ComputeINS_10multipliesES1M_fLNS_15FloatRoundStyleE2EvEEJNS1N_16Sm90ColBroadcastILi0ESH_ffNS5_IJSB_ST_ST_EEELi4ELb1EEENS1O_INS1P_IS1Q_ffLS1R_2EvEEJNS1N_16Sm90RowBroadcastILi0ESH_ffNS5_IJST_SB_ST_EEELi4ELb1EEENS1N_12Sm90AccFetchEEEEEEESZ_NS10_INS11_ILi2ELi4ELi3EEENS13_ILi16EEENSP_INS5_IJS15_SW_EEENS5_IJSW_SB_EEEEEEENS4_17SM75_U32x2_LDSM_NENS4_14SM90_TMA_STOREES28_NS4_17SM90_U32x2_STSM_NENS1A_IJS2B_NS_6half_tEEEEvEEEvvEEEEvNT_6ParamsE	dense_gemm	49.60	0.10	[1, 22, 1]
224	kernel_cutlass_kernel_flashinfernormkernelsrmsnormRMSNormKernel_object_at__tensorptrbf16gmemalign128oi64281628161_tensorptrbf16gmemalign16o28161_tensorptrbf16gmemalign128oi64281628161___T_0	norm_rope_kv	2.50	-0.19	[2, 1, 1]
225	kernel_cutlass_kernel_flashinfernormkernelsfused_add_rmsnormFusedAddRMSNormKernel_object_at__tensorptrbf16gmemalign128oi64281628161_tensorptrbf16gmemalign128oi64281628161_tensorptrbf16gme_0	norm_rope_kv	2.46	0.10	[2, 1, 1]
226	void sglang::per_token_quant_fp8_cta_kernel<__nv_bfloat16, 8>(__nv_bfloat16 const*, __nv_fp8_e4m3*, float*, unsigned int)	act_quant	1.50	0.10	[8, 1, 1]
227	_ZN7cutlass13device_kernelINS_4gemm6kernel13GemmUniversalIN4cute5tupleIJiiiiEEENS1_10collective13CollectiveMmaINS1_31MainloopSm120TmaWarpSpecializedILi2ELi2ENS5_IJNS4_1CILi1EEESB_SB_EEENS1_40KernelTmaWarpSpecializedCooperativeSm120ILi2EEEEENS5_IJNSA_ILi128EEESG_SG_EEENS_12float_e4m3_tENS5_IJlSB_lEEESI_SJ_NS4_8TiledMMAINS4_8MMA_AtomIJNS4_16SM120_16x8x32_TNISI_SI_fEEEEENS4_6LayoutINS5_IJNSA_ILi4EEENSA_ILi2EEESB_EEENS5_IJSB_SQ_NSA_ILi0EEEEEEEENS5_IJSG_NSA_ILi32EEESW_EEEEENS4_13SM90_TMA_LOADENS4_14ComposedLayoutINS4_7SwizzleILi3ELi4ELi3EEENS4_18smem_ptr_flag_bitsILi8EEENSP_INS5_IJNSA_ILi8EEESG_EEENS5_IJSG_SB_EEEEEEENS4_9Copy_AtomIJNS4_17SM75_U32x4_LDSM_NEhEEENS4_8identityESZ_S19_S1C_S1D_EENS_8epilogue10collective18CollectiveEpilogueINS1F_22Sm90TmaWarpSpecializedILi2ELi2ELi4ELb0ELb1EEEJSH_NS5_IJNSA_ILi64EEESW_EEEvSJ_NS_10bfloat16_tESJ_NS1F_6fusion15Sm90TreeVisitorINS1N_11Sm90ComputeINS_10multipliesES1M_fLNS_15FloatRoundStyleE2EvEEJNS1N_16Sm90ColBroadcastILi0ESH_ffNS5_IJSB_ST_ST_EEELi4ELb1EEENS1O_INS1P_IS1Q_ffLS1R_2EvEEJNS1N_16Sm90RowBroadcastILi0ESH_ffNS5_IJST_SB_ST_EEELi4ELb1EEENS1N_12Sm90AccFetchEEEEEEESZ_NS10_INS11_ILi2ELi4ELi3EEENS13_ILi16EEENSP_INS5_IJS15_SW_EEENS5_IJSW_SB_EEEEEEENS4_17SM75_U32x2_LDSM_NENS4_14SM90_TMA_STOREES28_NS4_17SM90_U32x2_STSM_NENS1A_IJS2B_NS_6half_tEEEEvEEEvvEEEEvNT_6ParamsE	dense_gemm	35.52	0.13	[1, 33, 1]
228	void sglang::act_and_mul_kernel<__nv_bfloat16, (sglang::ActivationKind)2, true, false, false, false>(sglang::ActivationParams)	elementwise_copy	1.47	0.22	[5, 1, 1]
229	void sglang::per_token_quant_fp8_cta_kernel<__nv_bfloat16, 8>(__nv_bfloat16 const*, __nv_fp8_e4m3*, float*, unsigned int)	act_quant	1.47	0.06	[8, 1, 1]
230	_ZN7cutlass13device_kernelINS_4gemm6kernel13GemmUniversalIN4cute5tupleIJiiiiEEENS1_10collective13CollectiveMmaINS1_31MainloopSm120TmaWarpSpecializedILi2ELi2ENS5_IJNS4_1CILi1EEESB_SB_EEENS1_40KernelTmaWarpSpecializedCooperativeSm120ILi2EEEEENS5_IJNSA_ILi128EEESG_SG_EEENS_12float_e4m3_tENS5_IJlSB_lEEESI_SJ_NS4_8TiledMMAINS4_8MMA_AtomIJNS4_16SM120_16x8x32_TNISI_SI_fEEEEENS4_6LayoutINS5_IJNSA_ILi4EEENSA_ILi2EEESB_EEENS5_IJSB_SQ_NSA_ILi0EEEEEEEENS5_IJSG_NSA_ILi32EEESW_EEEEENS4_13SM90_TMA_LOADENS4_14ComposedLayoutINS4_7SwizzleILi3ELi4ELi3EEENS4_18smem_ptr_flag_bitsILi8EEENSP_INS5_IJNSA_ILi8EEESG_EEENS5_IJSG_SB_EEEEEEENS4_9Copy_AtomIJNS4_17SM75_U32x4_LDSM_NEhEEENS4_8identityESZ_S19_S1C_S1D_EENS_8epilogue10collective18CollectiveEpilogueINS1F_22Sm90TmaWarpSpecializedILi2ELi2ELi4ELb0ELb1EEEJSH_NS5_IJNSA_ILi64EEESW_EEEvSJ_NS_10bfloat16_tESJ_NS1F_6fusion15Sm90TreeVisitorINS1N_11Sm90ComputeINS_10multipliesES1M_fLNS_15FloatRoundStyleE2EvEEJNS1N_16Sm90ColBroadcastILi0ESH_ffNS5_IJSB_ST_ST_EEELi4ELb1EEENS1O_INS1P_IS1Q_ffLS1R_2EvEEJNS1N_16Sm90RowBroadcastILi0ESH_ffNS5_IJST_SB_ST_EEELi4ELb1EEENS1N_12Sm90AccFetchEEEEEEESZ_NS10_INS11_ILi2ELi4ELi3EEENS13_ILi16EEENSP_INS5_IJS15_SW_EEENS5_IJSW_SB_EEEEEEENS4_17SM75_U32x2_LDSM_NENS4_14SM90_TMA_STOREES28_NS4_17SM90_U32x2_STSM_NENS1A_IJS2B_NS_6half_tEEEEvEEEvvEEEEvNT_6ParamsE	dense_gemm	28.03	0.10	[1, 22, 1]
231	kernel_cutlass_kernel_flashinfernormkernelsrmsnormRMSNormKernel_object_at__tensorptrbf16gmemalign128oi64281628161_tensorptrbf16gmemalign16o28161_tensorptrbf16gmemalign128oi64281628161___T_0	norm_rope_kv	2.37	0.22	[2, 1, 1]
232	void cutlass::Kernel2<cutlass_80_wmma_tensorop_bf16_s161616gemm_bf16_16x16_128x2_tn_align8>(cutlass_80_wmma_tensorop_bf16_s161616gemm_bf16_16x16_128x2_tn_align8::Params)	dense_gemm	3.62	0.06	[8, 1, 9]
233	void cublasLt::splitKreduce_kernel<32, 16, int, __nv_bfloat16, __nv_bfloat16, float, __nv_bfloat16, false, __nv_bfloat16, __nv_bfloat16, __nv_bfloat16, true, false, false, false>(cublasLt::cublasSplitKParams<float>, __nv_bfloat16 const*, __nv_bfloat16 const*, __nv_bfloat16*, __nv_bfloat16*, float const*, float const*, __nv_bfloat16 const*, __nv_bfloat16 const*, __nv_bfloat16*, void*, long, float*, int*, float*, float*, float const*, float const*, float const*, float const*, float const*)	dense_gemm	1.28	0.06	[4, 1, 1]
234	kernel_cutlass_kernel_flashinfernormkernelsrmsnormRMSNormKernel_object_at__tensorptrbf16gmemalign128oi64281628161_tensorptrbf16gmemalign16o28161_tensorptrbf16gmemalign128oi64281628161___T_0	norm_rope_kv	2.46	-0.32	[2, 1, 1]
235	_gemma4_routing_kernel	moe_route	1.76	0.10	[8, 1, 1]
236	_moe_align_small_numel_kernel	moe_route	3.39	0.19	[1, 1, 1]
237	void sglang::per_token_quant_fp8_cta_kernel<__nv_bfloat16, 8>(__nv_bfloat16 const*, __nv_fp8_e4m3*, float*, unsigned int)	act_quant	1.86	0.10	[8, 1, 1]
238	fused_moe_kernel	moe_gemm	97.06	-0.38	[704, 1, 1]
239	void sglang::act_and_mul_kernel<__nv_bfloat16, (sglang::ActivationKind)1, true, false, false, false>(sglang::ActivationParams)	elementwise_copy	18.37	-17.02	[11, 1, 1]
240	void sglang::per_token_quant_fp8_cta_kernel<__nv_bfloat16, 8>(__nv_bfloat16 const*, __nv_fp8_e4m3*, float*, unsigned int)	act_quant	1.38	0.10	[64, 1, 1]
241	fused_moe_kernel	moe_gemm	51.30	-0.19	[1408, 1, 1]
242	_moe_sum_reduce_kernel	moe_route	3.36	-2.27	[8, 2, 1]
243	_gemma_dual_rmsnorm_residual_kernel	norm_rope_kv	2.30	0.10	[8, 1, 1]
244	kernel_cutlass_kernel_flashinfernormkernelsrmsnormRMSNormKernel_object_at__tensorptrbf16gmemalign128oi64281628161_tensorptrbf16gmemalign16o28161_tensorptrbf16gmemalign128oi64281628161___T_0	norm_rope_kv	2.40	0.22	[2, 1, 1]
245	void sglang::per_token_quant_fp8_cta_kernel<__nv_bfloat16, 8>(__nv_bfloat16 const*, __nv_fp8_e4m3*, float*, unsigned int)	act_quant	1.50	0.10	[8, 1, 1]
246	_ZN7cutlass13device_kernelINS_4gemm6kernel13GemmUniversalIN4cute5tupleIJiiiiEEENS1_10collective13CollectiveMmaINS1_31MainloopSm120TmaWarpSpecializedILi2ELi2ENS5_IJNS4_1CILi1EEESB_SB_EEENS1_40KernelTmaWarpSpecializedCooperativeSm120ILi2EEEEENS5_IJNSA_ILi128EEESG_SG_EEENS_12float_e4m3_tENS5_IJlSB_lEEESI_SJ_NS4_8TiledMMAINS4_8MMA_AtomIJNS4_16SM120_16x8x32_TNISI_SI_fEEEEENS4_6LayoutINS5_IJNSA_ILi4EEENSA_ILi2EEESB_EEENS5_IJSB_SQ_NSA_ILi0EEEEEEEENS5_IJSG_NSA_ILi32EEESW_EEEEENS4_13SM90_TMA_LOADENS4_14ComposedLayoutINS4_7SwizzleILi3ELi4ELi3EEENS4_18smem_ptr_flag_bitsILi8EEENSP_INS5_IJNSA_ILi8EEESG_EEENS5_IJSG_SB_EEEEEEENS4_9Copy_AtomIJNS4_17SM75_U32x4_LDSM_NEhEEENS4_8identityESZ_S19_S1C_S1D_EENS_8epilogue10collective18CollectiveEpilogueINS1F_22Sm90TmaWarpSpecializedILi2ELi2ELi4ELb0ELb1EEEJSH_NS5_IJNSA_ILi64EEESW_EEEvSJ_NS_10bfloat16_tESJ_NS1F_6fusion15Sm90TreeVisitorINS1N_11Sm90ComputeINS_10multipliesES1M_fLNS_15FloatRoundStyleE2EvEEJNS1N_16Sm90ColBroadcastILi0ESH_ffNS5_IJSB_ST_ST_EEELi4ELb1EEENS1O_INS1P_IS1Q_ffLS1R_2EvEEJNS1N_16Sm90RowBroadcastILi0ESH_ffNS5_IJST_SB_ST_EEELi4ELb1EEENS1N_12Sm90AccFetchEEEEEEESZ_NS10_INS11_ILi2ELi4ELi3EEENS13_ILi16EEENSP_INS5_IJS15_SW_EEENS5_IJSW_SB_EEEEEEENS4_17SM75_U32x2_LDSM_NENS4_14SM90_TMA_STOREES28_NS4_17SM90_U32x2_STSM_NENS1A_IJS2B_NS_6half_tEEEEvEEEvvEEEEvNT_6ParamsE	dense_gemm	35.97	0.10	[1, 64, 1]
247	_gemma_qkv_rmsnorm_kernel	norm_rope_kv	1.44	0.10	[8, 32, 1]
248	void sglang::fused_rope_kernel<true, 256l, true, __nv_bfloat16, __nv_bfloat16, long, 32u>(sglang::FusedRopeParams)	norm_rope_kv	1.47	0.22	[48, 1, 1]
249	void at::native::elementwise_kernel<128, 4, at::native::gpu_kernel_impl_nocast<at::native::BUnaryFunctor<c10::BFloat16, c10::BFloat16, c10::BFloat16, at::native::binary_internal::MulFunctor<float> > >(at::TensorIteratorBase&, at::native::BUnaryFunctor<c10::BFloat16, c10::BFloat16, c10::BFloat16, at::native::binary_internal::MulFunctor<float> > const&)::{lambda(int)#1}>(int, at::native::gpu_kernel_impl_nocast<at::native::BUnaryFunctor<c10::BFloat16, c10::BFloat16, c10::BFloat16, at::native::binary_internal::MulFunctor<float> > >(at::TensorIteratorBase&, at::native::BUnaryFunctor<c10::BFloat16, c10::BFloat16, c10::BFloat16, at::native::binary_internal::MulFunctor<float> > const&)::{lambda(int)#1})	elementwise_copy	1.70	0.10	[32, 1, 1]
250	void at::native::elementwise_kernel<128, 4, at::native::gpu_kernel_impl_nocast<at::native::BUnaryFunctor<c10::BFloat16, c10::BFloat16, c10::BFloat16, at::native::binary_internal::MulFunctor<float> > >(at::TensorIteratorBase&, at::native::BUnaryFunctor<c10::BFloat16, c10::BFloat16, c10::BFloat16, at::native::binary_internal::MulFunctor<float> > const&)::{lambda(int)#1}>(int, at::native::gpu_kernel_impl_nocast<at::native::BUnaryFunctor<c10::BFloat16, c10::BFloat16, c10::BFloat16, at::native::binary_internal::MulFunctor<float> > >(at::TensorIteratorBase&, at::native::BUnaryFunctor<c10::BFloat16, c10::BFloat16, c10::BFloat16, at::native::binary_internal::MulFunctor<float> > const&)::{lambda(int)#1})	elementwise_copy	1.47	0.10	[32, 1, 1]
251	void at::native::elementwise_kernel<128, 4, at::native::gpu_kernel_impl_nocast<at::native::ConvertToFloat8E4M3fnOp<c10::BFloat16> >(at::TensorIteratorBase&, at::native::ConvertToFloat8E4M3fnOp<c10::BFloat16> const&)::{lambda(int)#1}>(int, at::native::gpu_kernel_impl_nocast<at::native::ConvertToFloat8E4M3fnOp<c10::BFloat16> >(at::TensorIteratorBase&, at::native::ConvertToFloat8E4M3fnOp<c10::BFloat16> const&)::{lambda(int)#1})	elementwise_copy	1.66	0.10	[32, 1, 1]
252	void at::native::elementwise_kernel<128, 4, at::native::gpu_kernel_impl_nocast<at::native::ConvertToFloat8E4M3fnOp<c10::BFloat16> >(at::TensorIteratorBase&, at::native::ConvertToFloat8E4M3fnOp<c10::BFloat16> const&)::{lambda(int)#1}>(int, at::native::gpu_kernel_impl_nocast<at::native::ConvertToFloat8E4M3fnOp<c10::BFloat16> >(at::TensorIteratorBase&, at::native::ConvertToFloat8E4M3fnOp<c10::BFloat16> const&)::{lambda(int)#1})	elementwise_copy	1.57	0.10	[32, 1, 1]
253	void sglang::store_kvcache_kernel<2048l, 2048l, 128u, true, long>(sglang::StoreKVCacheParams)	norm_rope_kv	1.02	0.22	[32, 1, 1]
254	_fwd_grouped_kernel_stage1	attention	29.38	0.13	[8, 8, 8]
255	_fwd_kernel_stage2	attention	2.18	0.22	[8, 16, 1]
256	void sglang::per_token_quant_fp8_cta_kernel<__nv_bfloat16, 8>(__nv_bfloat16 const*, __nv_fp8_e4m3*, float*, unsigned int)	act_quant	1.79	0.10	[8, 1, 1]
257	_ZN7cutlass13device_kernelINS_4gemm6kernel13GemmUniversalIN4cute5tupleIJiiiiEEENS1_10collective13CollectiveMmaINS1_31MainloopSm120TmaWarpSpecializedILi2ELi2ENS5_IJNS4_1CILi1EEESB_SB_EEENS1_40KernelTmaWarpSpecializedCooperativeSm120ILi2EEEEENS5_IJNSA_ILi128EEESG_SG_EEENS_12float_e4m3_tENS5_IJlSB_lEEESI_SJ_NS4_8TiledMMAINS4_8MMA_AtomIJNS4_16SM120_16x8x32_TNISI_SI_fEEEEENS4_6LayoutINS5_IJNSA_ILi4EEENSA_ILi2EEESB_EEENS5_IJSB_SQ_NSA_ILi0EEEEEEEENS5_IJSG_NSA_ILi32EEESW_EEEEENS4_13SM90_TMA_LOADENS4_14ComposedLayoutINS4_7SwizzleILi3ELi4ELi3EEENS4_18smem_ptr_flag_bitsILi8EEENSP_INS5_IJNSA_ILi8EEESG_EEENS5_IJSG_SB_EEEEEEENS4_9Copy_AtomIJNS4_17SM75_U32x4_LDSM_NEhEEENS4_8identityESZ_S19_S1C_S1D_EENS_8epilogue10collective18CollectiveEpilogueINS1F_22Sm90TmaWarpSpecializedILi2ELi2ELi4ELb0ELb1EEEJSH_NS5_IJNSA_ILi64EEESW_EEEvSJ_NS_10bfloat16_tESJ_NS1F_6fusion15Sm90TreeVisitorINS1N_11Sm90ComputeINS_10multipliesES1M_fLNS_15FloatRoundStyleE2EvEEJNS1N_16Sm90ColBroadcastILi0ESH_ffNS5_IJSB_ST_ST_EEELi4ELb1EEENS1O_INS1P_IS1Q_ffLS1R_2EvEEJNS1N_16Sm90RowBroadcastILi0ESH_ffNS5_IJST_SB_ST_EEELi4ELb1EEENS1N_12Sm90AccFetchEEEEEEESZ_NS10_INS11_ILi2ELi4ELi3EEENS13_ILi16EEENSP_INS5_IJS15_SW_EEENS5_IJSW_SB_EEEEEEENS4_17SM75_U32x2_LDSM_NENS4_14SM90_TMA_STOREES28_NS4_17SM90_U32x2_STSM_NENS1A_IJS2B_NS_6half_tEEEEvEEEvvEEEEvNT_6ParamsE	dense_gemm	49.63	0.10	[1, 22, 1]
258	kernel_cutlass_kernel_flashinfernormkernelsrmsnormRMSNormKernel_object_at__tensorptrbf16gmemalign128oi64281628161_tensorptrbf16gmemalign16o28161_tensorptrbf16gmemalign128oi64281628161___T_0	norm_rope_kv	2.43	-0.22	[2, 1, 1]
259	kernel_cutlass_kernel_flashinfernormkernelsfused_add_rmsnormFusedAddRMSNormKernel_object_at__tensorptrbf16gmemalign128oi64281628161_tensorptrbf16gmemalign128oi64281628161_tensorptrbf16gme_0	norm_rope_kv	2.50	0.10	[2, 1, 1]
260	void sglang::per_token_quant_fp8_cta_kernel<__nv_bfloat16, 8>(__nv_bfloat16 const*, __nv_fp8_e4m3*, float*, unsigned int)	act_quant	1.50	0.10	[8, 1, 1]
261	_ZN7cutlass13device_kernelINS_4gemm6kernel13GemmUniversalIN4cute5tupleIJiiiiEEENS1_10collective13CollectiveMmaINS1_31MainloopSm120TmaWarpSpecializedILi2ELi2ENS5_IJNS4_1CILi1EEESB_SB_EEENS1_40KernelTmaWarpSpecializedCooperativeSm120ILi2EEEEENS5_IJNSA_ILi128EEESG_SG_EEENS_12float_e4m3_tENS5_IJlSB_lEEESI_SJ_NS4_8TiledMMAINS4_8MMA_AtomIJNS4_16SM120_16x8x32_TNISI_SI_fEEEEENS4_6LayoutINS5_IJNSA_ILi4EEENSA_ILi2EEESB_EEENS5_IJSB_SQ_NSA_ILi0EEEEEEEENS5_IJSG_NSA_ILi32EEESW_EEEEENS4_13SM90_TMA_LOADENS4_14ComposedLayoutINS4_7SwizzleILi3ELi4ELi3EEENS4_18smem_ptr_flag_bitsILi8EEENSP_INS5_IJNSA_ILi8EEESG_EEENS5_IJSG_SB_EEEEEEENS4_9Copy_AtomIJNS4_17SM75_U32x4_LDSM_NEhEEENS4_8identityESZ_S19_S1C_S1D_EENS_8epilogue10collective18CollectiveEpilogueINS1F_22Sm90TmaWarpSpecializedILi2ELi2ELi4ELb0ELb1EEEJSH_NS5_IJNSA_ILi64EEESW_EEEvSJ_NS_10bfloat16_tESJ_NS1F_6fusion15Sm90TreeVisitorINS1N_11Sm90ComputeINS_10multipliesES1M_fLNS_15FloatRoundStyleE2EvEEJNS1N_16Sm90ColBroadcastILi0ESH_ffNS5_IJSB_ST_ST_EEELi4ELb1EEENS1O_INS1P_IS1Q_ffLS1R_2EvEEJNS1N_16Sm90RowBroadcastILi0ESH_ffNS5_IJST_SB_ST_EEELi4ELb1EEENS1N_12Sm90AccFetchEEEEEEESZ_NS10_INS11_ILi2ELi4ELi3EEENS13_ILi16EEENSP_INS5_IJS15_SW_EEENS5_IJSW_SB_EEEEEEENS4_17SM75_U32x2_LDSM_NENS4_14SM90_TMA_STOREES28_NS4_17SM90_U32x2_STSM_NENS1A_IJS2B_NS_6half_tEEEEvEEEvvEEEEvNT_6ParamsE	dense_gemm	35.52	0.10	[1, 33, 1]
262	void sglang::act_and_mul_kernel<__nv_bfloat16, (sglang::ActivationKind)2, true, false, false, false>(sglang::ActivationParams)	elementwise_copy	1.44	0.22	[5, 1, 1]
263	void sglang::per_token_quant_fp8_cta_kernel<__nv_bfloat16, 8>(__nv_bfloat16 const*, __nv_fp8_e4m3*, float*, unsigned int)	act_quant	1.47	0.10	[8, 1, 1]
264	_ZN7cutlass13device_kernelINS_4gemm6kernel13GemmUniversalIN4cute5tupleIJiiiiEEENS1_10collective13CollectiveMmaINS1_31MainloopSm120TmaWarpSpecializedILi2ELi2ENS5_IJNS4_1CILi1EEESB_SB_EEENS1_40KernelTmaWarpSpecializedCooperativeSm120ILi2EEEEENS5_IJNSA_ILi128EEESG_SG_EEENS_12float_e4m3_tENS5_IJlSB_lEEESI_SJ_NS4_8TiledMMAINS4_8MMA_AtomIJNS4_16SM120_16x8x32_TNISI_SI_fEEEEENS4_6LayoutINS5_IJNSA_ILi4EEENSA_ILi2EEESB_EEENS5_IJSB_SQ_NSA_ILi0EEEEEEEENS5_IJSG_NSA_ILi32EEESW_EEEEENS4_13SM90_TMA_LOADENS4_14ComposedLayoutINS4_7SwizzleILi3ELi4ELi3EEENS4_18smem_ptr_flag_bitsILi8EEENSP_INS5_IJNSA_ILi8EEESG_EEENS5_IJSG_SB_EEEEEEENS4_9Copy_AtomIJNS4_17SM75_U32x4_LDSM_NEhEEENS4_8identityESZ_S19_S1C_S1D_EENS_8epilogue10collective18CollectiveEpilogueINS1F_22Sm90TmaWarpSpecializedILi2ELi2ELi4ELb0ELb1EEEJSH_NS5_IJNSA_ILi64EEESW_EEEvSJ_NS_10bfloat16_tESJ_NS1F_6fusion15Sm90TreeVisitorINS1N_11Sm90ComputeINS_10multipliesES1M_fLNS_15FloatRoundStyleE2EvEEJNS1N_16Sm90ColBroadcastILi0ESH_ffNS5_IJSB_ST_ST_EEELi4ELb1EEENS1O_INS1P_IS1Q_ffLS1R_2EvEEJNS1N_16Sm90RowBroadcastILi0ESH_ffNS5_IJST_SB_ST_EEELi4ELb1EEENS1N_12Sm90AccFetchEEEEEEESZ_NS10_INS11_ILi2ELi4ELi3EEENS13_ILi16EEENSP_INS5_IJS15_SW_EEENS5_IJSW_SB_EEEEEEENS4_17SM75_U32x2_LDSM_NENS4_14SM90_TMA_STOREES28_NS4_17SM90_U32x2_STSM_NENS1A_IJS2B_NS_6half_tEEEEvEEEvvEEEEvNT_6ParamsE	dense_gemm	28.38	0.10	[1, 22, 1]
265	kernel_cutlass_kernel_flashinfernormkernelsrmsnormRMSNormKernel_object_at__tensorptrbf16gmemalign128oi64281628161_tensorptrbf16gmemalign16o28161_tensorptrbf16gmemalign128oi64281628161___T_0	norm_rope_kv	2.34	0.22	[2, 1, 1]
266	void cutlass::Kernel2<cutlass_80_wmma_tensorop_bf16_s161616gemm_bf16_16x16_128x2_tn_align8>(cutlass_80_wmma_tensorop_bf16_s161616gemm_bf16_16x16_128x2_tn_align8::Params)	dense_gemm	3.33	0.10	[8, 1, 9]
267	void cublasLt::splitKreduce_kernel<32, 16, int, __nv_bfloat16, __nv_bfloat16, float, __nv_bfloat16, false, __nv_bfloat16, __nv_bfloat16, __nv_bfloat16, true, false, false, false>(cublasLt::cublasSplitKParams<float>, __nv_bfloat16 const*, __nv_bfloat16 const*, __nv_bfloat16*, __nv_bfloat16*, float const*, float const*, __nv_bfloat16 const*, __nv_bfloat16 const*, __nv_bfloat16*, void*, long, float*, int*, float*, float*, float const*, float const*, float const*, float const*, float const*)	dense_gemm	1.28	0.06	[4, 1, 1]
268	kernel_cutlass_kernel_flashinfernormkernelsrmsnormRMSNormKernel_object_at__tensorptrbf16gmemalign128oi64281628161_tensorptrbf16gmemalign16o28161_tensorptrbf16gmemalign128oi64281628161___T_0	norm_rope_kv	2.46	-0.32	[2, 1, 1]
269	_gemma4_routing_kernel	moe_route	1.76	0.10	[8, 1, 1]
270	_moe_align_small_numel_kernel	moe_route	3.36	0.22	[1, 1, 1]
271	void sglang::per_token_quant_fp8_cta_kernel<__nv_bfloat16, 8>(__nv_bfloat16 const*, __nv_fp8_e4m3*, float*, unsigned int)	act_quant	1.63	0.10	[8, 1, 1]
272	fused_moe_kernel	moe_gemm	110.82	-0.16	[704, 1, 1]
273	void sglang::act_and_mul_kernel<__nv_bfloat16, (sglang::ActivationKind)1, true, false, false, false>(sglang::ActivationParams)	elementwise_copy	24.96	-23.52	[11, 1, 1]
274	void sglang::per_token_quant_fp8_cta_kernel<__nv_bfloat16, 8>(__nv_bfloat16 const*, __nv_fp8_e4m3*, float*, unsigned int)	act_quant	1.38	0.10	[64, 1, 1]
275	fused_moe_kernel	moe_gemm	58.69	-0.19	[1408, 1, 1]
276	_moe_sum_reduce_kernel	moe_route	3.55	-2.46	[8, 2, 1]
277	_gemma_dual_rmsnorm_residual_kernel	norm_rope_kv	2.37	0.10	[8, 1, 1]
278	kernel_cutlass_kernel_flashinfernormkernelsrmsnormRMSNormKernel_object_at__tensorptrbf16gmemalign128oi64281628161_tensorptrbf16gmemalign16o28161_tensorptrbf16gmemalign128oi64281628161___T_0	norm_rope_kv	2.37	0.22	[2, 1, 1]
279	void sglang::per_token_quant_fp8_cta_kernel<__nv_bfloat16, 8>(__nv_bfloat16 const*, __nv_fp8_e4m3*, float*, unsigned int)	act_quant	1.50	0.09	[8, 1, 1]
280	_ZN7cutlass13device_kernelINS_4gemm6kernel13GemmUniversalIN4cute5tupleIJiiiiEEENS1_10collective13CollectiveMmaINS1_31MainloopSm120TmaWarpSpecializedILi2ELi2ENS5_IJNS4_1CILi1EEESB_SB_EEENS1_40KernelTmaWarpSpecializedCooperativeSm120ILi2EEEEENS5_IJNSA_ILi128EEESG_SG_EEENS_12float_e4m3_tENS5_IJlSB_lEEESI_SJ_NS4_8TiledMMAINS4_8MMA_AtomIJNS4_16SM120_16x8x32_TNISI_SI_fEEEEENS4_6LayoutINS5_IJNSA_ILi4EEENSA_ILi2EEESB_EEENS5_IJSB_SQ_NSA_ILi0EEEEEEEENS5_IJSG_NSA_ILi32EEESW_EEEEENS4_13SM90_TMA_LOADENS4_14ComposedLayoutINS4_7SwizzleILi3ELi4ELi3EEENS4_18smem_ptr_flag_bitsILi8EEENSP_INS5_IJNSA_ILi8EEESG_EEENS5_IJSG_SB_EEEEEEENS4_9Copy_AtomIJNS4_17SM75_U32x4_LDSM_NEhEEENS4_8identityESZ_S19_S1C_S1D_EENS_8epilogue10collective18CollectiveEpilogueINS1F_22Sm90TmaWarpSpecializedILi2ELi2ELi4ELb0ELb1EEEJSH_NS5_IJNSA_ILi64EEESW_EEEvSJ_NS_10bfloat16_tESJ_NS1F_6fusion15Sm90TreeVisitorINS1N_11Sm90ComputeINS_10multipliesES1M_fLNS_15FloatRoundStyleE2EvEEJNS1N_16Sm90ColBroadcastILi0ESH_ffNS5_IJSB_ST_ST_EEELi4ELb1EEENS1O_INS1P_IS1Q_ffLS1R_2EvEEJNS1N_16Sm90RowBroadcastILi0ESH_ffNS5_IJST_SB_ST_EEELi4ELb1EEENS1N_12Sm90AccFetchEEEEEEESZ_NS10_INS11_ILi2ELi4ELi3EEENS13_ILi16EEENSP_INS5_IJS15_SW_EEENS5_IJSW_SB_EEEEEEENS4_17SM75_U32x2_LDSM_NENS4_14SM90_TMA_STOREES28_NS4_17SM90_U32x2_STSM_NENS1A_IJS2B_NS_6half_tEEEEvEEEvvEEEEvNT_6ParamsE	dense_gemm	36.13	0.09	[1, 64, 1]
281	_gemma_qkv_rmsnorm_kernel	norm_rope_kv	1.44	0.09	[8, 32, 1]
282	void sglang::fused_rope_kernel<true, 256l, true, __nv_bfloat16, __nv_bfloat16, long, 32u>(sglang::FusedRopeParams)	norm_rope_kv	1.47	0.19	[48, 1, 1]
283	void at::native::elementwise_kernel<128, 4, at::native::gpu_kernel_impl_nocast<at::native::BUnaryFunctor<c10::BFloat16, c10::BFloat16, c10::BFloat16, at::native::binary_internal::MulFunctor<float> > >(at::TensorIteratorBase&, at::native::BUnaryFunctor<c10::BFloat16, c10::BFloat16, c10::BFloat16, at::native::binary_internal::MulFunctor<float> > const&)::{lambda(int)#1}>(int, at::native::gpu_kernel_impl_nocast<at::native::BUnaryFunctor<c10::BFloat16, c10::BFloat16, c10::BFloat16, at::native::binary_internal::MulFunctor<float> > >(at::TensorIteratorBase&, at::native::BUnaryFunctor<c10::BFloat16, c10::BFloat16, c10::BFloat16, at::native::binary_internal::MulFunctor<float> > const&)::{lambda(int)#1})	elementwise_copy	1.73	0.06	[32, 1, 1]
284	void at::native::elementwise_kernel<128, 4, at::native::gpu_kernel_impl_nocast<at::native::BUnaryFunctor<c10::BFloat16, c10::BFloat16, c10::BFloat16, at::native::binary_internal::MulFunctor<float> > >(at::TensorIteratorBase&, at::native::BUnaryFunctor<c10::BFloat16, c10::BFloat16, c10::BFloat16, at::native::binary_internal::MulFunctor<float> > const&)::{lambda(int)#1}>(int, at::native::gpu_kernel_impl_nocast<at::native::BUnaryFunctor<c10::BFloat16, c10::BFloat16, c10::BFloat16, at::native::binary_internal::MulFunctor<float> > >(at::TensorIteratorBase&, at::native::BUnaryFunctor<c10::BFloat16, c10::BFloat16, c10::BFloat16, at::native::binary_internal::MulFunctor<float> > const&)::{lambda(int)#1})	elementwise_copy	1.50	0.10	[32, 1, 1]
285	void at::native::elementwise_kernel<128, 4, at::native::gpu_kernel_impl_nocast<at::native::ConvertToFloat8E4M3fnOp<c10::BFloat16> >(at::TensorIteratorBase&, at::native::ConvertToFloat8E4M3fnOp<c10::BFloat16> const&)::{lambda(int)#1}>(int, at::native::gpu_kernel_impl_nocast<at::native::ConvertToFloat8E4M3fnOp<c10::BFloat16> >(at::TensorIteratorBase&, at::native::ConvertToFloat8E4M3fnOp<c10::BFloat16> const&)::{lambda(int)#1})	elementwise_copy	1.70	0.10	[32, 1, 1]
286	void at::native::elementwise_kernel<128, 4, at::native::gpu_kernel_impl_nocast<at::native::ConvertToFloat8E4M3fnOp<c10::BFloat16> >(at::TensorIteratorBase&, at::native::ConvertToFloat8E4M3fnOp<c10::BFloat16> const&)::{lambda(int)#1}>(int, at::native::gpu_kernel_impl_nocast<at::native::ConvertToFloat8E4M3fnOp<c10::BFloat16> >(at::TensorIteratorBase&, at::native::ConvertToFloat8E4M3fnOp<c10::BFloat16> const&)::{lambda(int)#1})	elementwise_copy	1.60	0.10	[32, 1, 1]
287	void sglang::store_kvcache_kernel<2048l, 2048l, 128u, true, long>(sglang::StoreKVCacheParams)	norm_rope_kv	1.06	0.22	[32, 1, 1]
288	_fwd_grouped_kernel_stage1	attention	30.27	0.10	[8, 8, 8]
289	_fwd_kernel_stage2	attention	2.21	0.19	[8, 16, 1]
290	void sglang::per_token_quant_fp8_cta_kernel<__nv_bfloat16, 8>(__nv_bfloat16 const*, __nv_fp8_e4m3*, float*, unsigned int)	act_quant	1.79	0.06	[8, 1, 1]
291	_ZN7cutlass13device_kernelINS_4gemm6kernel13GemmUniversalIN4cute5tupleIJiiiiEEENS1_10collective13CollectiveMmaINS1_31MainloopSm120TmaWarpSpecializedILi2ELi2ENS5_IJNS4_1CILi1EEESB_SB_EEENS1_40KernelTmaWarpSpecializedCooperativeSm120ILi2EEEEENS5_IJNSA_ILi128EEESG_SG_EEENS_12float_e4m3_tENS5_IJlSB_lEEESI_SJ_NS4_8TiledMMAINS4_8MMA_AtomIJNS4_16SM120_16x8x32_TNISI_SI_fEEEEENS4_6LayoutINS5_IJNSA_ILi4EEENSA_ILi2EEESB_EEENS5_IJSB_SQ_NSA_ILi0EEEEEEEENS5_IJSG_NSA_ILi32EEESW_EEEEENS4_13SM90_TMA_LOADENS4_14ComposedLayoutINS4_7SwizzleILi3ELi4ELi3EEENS4_18smem_ptr_flag_bitsILi8EEENSP_INS5_IJNSA_ILi8EEESG_EEENS5_IJSG_SB_EEEEEEENS4_9Copy_AtomIJNS4_17SM75_U32x4_LDSM_NEhEEENS4_8identityESZ_S19_S1C_S1D_EENS_8epilogue10collective18CollectiveEpilogueINS1F_22Sm90TmaWarpSpecializedILi2ELi2ELi4ELb0ELb1EEEJSH_NS5_IJNSA_ILi64EEESW_EEEvSJ_NS_10bfloat16_tESJ_NS1F_6fusion15Sm90TreeVisitorINS1N_11Sm90ComputeINS_10multipliesES1M_fLNS_15FloatRoundStyleE2EvEEJNS1N_16Sm90ColBroadcastILi0ESH_ffNS5_IJSB_ST_ST_EEELi4ELb1EEENS1O_INS1P_IS1Q_ffLS1R_2EvEEJNS1N_16Sm90RowBroadcastILi0ESH_ffNS5_IJST_SB_ST_EEELi4ELb1EEENS1N_12Sm90AccFetchEEEEEEESZ_NS10_INS11_ILi2ELi4ELi3EEENS13_ILi16EEENSP_INS5_IJS15_SW_EEENS5_IJSW_SB_EEEEEEENS4_17SM75_U32x2_LDSM_NENS4_14SM90_TMA_STOREES28_NS4_17SM90_U32x2_STSM_NENS1A_IJS2B_NS_6half_tEEEEvEEEvvEEEEvNT_6ParamsE	dense_gemm	49.60	0.06	[1, 22, 1]
292	kernel_cutlass_kernel_flashinfernormkernelsrmsnormRMSNormKernel_object_at__tensorptrbf16gmemalign128oi64281628161_tensorptrbf16gmemalign16o28161_tensorptrbf16gmemalign128oi64281628161___T_0	norm_rope_kv	2.69	-0.16	[2, 1, 1]
293	kernel_cutlass_kernel_flashinfernormkernelsfused_add_rmsnormFusedAddRMSNormKernel_object_at__tensorptrbf16gmemalign128oi64281628161_tensorptrbf16gmemalign128oi64281628161_tensorptrbf16gme_0	norm_rope_kv	2.50	0.06	[2, 1, 1]
294	void sglang::per_token_quant_fp8_cta_kernel<__nv_bfloat16, 8>(__nv_bfloat16 const*, __nv_fp8_e4m3*, float*, unsigned int)	act_quant	1.50	0.10	[8, 1, 1]
295	_ZN7cutlass13device_kernelINS_4gemm6kernel13GemmUniversalIN4cute5tupleIJiiiiEEENS1_10collective13CollectiveMmaINS1_31MainloopSm120TmaWarpSpecializedILi2ELi2ENS5_IJNS4_1CILi1EEESB_SB_EEENS1_40KernelTmaWarpSpecializedCooperativeSm120ILi2EEEEENS5_IJNSA_ILi128EEESG_SG_EEENS_12float_e4m3_tENS5_IJlSB_lEEESI_SJ_NS4_8TiledMMAINS4_8MMA_AtomIJNS4_16SM120_16x8x32_TNISI_SI_fEEEEENS4_6LayoutINS5_IJNSA_ILi4EEENSA_ILi2EEESB_EEENS5_IJSB_SQ_NSA_ILi0EEEEEEEENS5_IJSG_NSA_ILi32EEESW_EEEEENS4_13SM90_TMA_LOADENS4_14ComposedLayoutINS4_7SwizzleILi3ELi4ELi3EEENS4_18smem_ptr_flag_bitsILi8EEENSP_INS5_IJNSA_ILi8EEESG_EEENS5_IJSG_SB_EEEEEEENS4_9Copy_AtomIJNS4_17SM75_U32x4_LDSM_NEhEEENS4_8identityESZ_S19_S1C_S1D_EENS_8epilogue10collective18CollectiveEpilogueINS1F_22Sm90TmaWarpSpecializedILi2ELi2ELi4ELb0ELb1EEEJSH_NS5_IJNSA_ILi64EEESW_EEEvSJ_NS_10bfloat16_tESJ_NS1F_6fusion15Sm90TreeVisitorINS1N_11Sm90ComputeINS_10multipliesES1M_fLNS_15FloatRoundStyleE2EvEEJNS1N_16Sm90ColBroadcastILi0ESH_ffNS5_IJSB_ST_ST_EEELi4ELb1EEENS1O_INS1P_IS1Q_ffLS1R_2EvEEJNS1N_16Sm90RowBroadcastILi0ESH_ffNS5_IJST_SB_ST_EEELi4ELb1EEENS1N_12Sm90AccFetchEEEEEEESZ_NS10_INS11_ILi2ELi4ELi3EEENS13_ILi16EEENSP_INS5_IJS15_SW_EEENS5_IJSW_SB_EEEEEEENS4_17SM75_U32x2_LDSM_NENS4_14SM90_TMA_STOREES28_NS4_17SM90_U32x2_STSM_NENS1A_IJS2B_NS_6half_tEEEEvEEEvvEEEEvNT_6ParamsE	dense_gemm	35.52	0.10	[1, 33, 1]
296	void sglang::act_and_mul_kernel<__nv_bfloat16, (sglang::ActivationKind)2, true, false, false, false>(sglang::ActivationParams)	elementwise_copy	1.47	0.22	[5, 1, 1]
297	void sglang::per_token_quant_fp8_cta_kernel<__nv_bfloat16, 8>(__nv_bfloat16 const*, __nv_fp8_e4m3*, float*, unsigned int)	act_quant	1.47	0.10	[8, 1, 1]
298	_ZN7cutlass13device_kernelINS_4gemm6kernel13GemmUniversalIN4cute5tupleIJiiiiEEENS1_10collective13CollectiveMmaINS1_31MainloopSm120TmaWarpSpecializedILi2ELi2ENS5_IJNS4_1CILi1EEESB_SB_EEENS1_40KernelTmaWarpSpecializedCooperativeSm120ILi2EEEEENS5_IJNSA_ILi128EEESG_SG_EEENS_12float_e4m3_tENS5_IJlSB_lEEESI_SJ_NS4_8TiledMMAINS4_8MMA_AtomIJNS4_16SM120_16x8x32_TNISI_SI_fEEEEENS4_6LayoutINS5_IJNSA_ILi4EEENSA_ILi2EEESB_EEENS5_IJSB_SQ_NSA_ILi0EEEEEEEENS5_IJSG_NSA_ILi32EEESW_EEEEENS4_13SM90_TMA_LOADENS4_14ComposedLayoutINS4_7SwizzleILi3ELi4ELi3EEENS4_18smem_ptr_flag_bitsILi8EEENSP_INS5_IJNSA_ILi8EEESG_EEENS5_IJSG_SB_EEEEEEENS4_9Copy_AtomIJNS4_17SM75_U32x4_LDSM_NEhEEENS4_8identityESZ_S19_S1C_S1D_EENS_8epilogue10collective18CollectiveEpilogueINS1F_22Sm90TmaWarpSpecializedILi2ELi2ELi4ELb0ELb1EEEJSH_NS5_IJNSA_ILi64EEESW_EEEvSJ_NS_10bfloat16_tESJ_NS1F_6fusion15Sm90TreeVisitorINS1N_11Sm90ComputeINS_10multipliesES1M_fLNS_15FloatRoundStyleE2EvEEJNS1N_16Sm90ColBroadcastILi0ESH_ffNS5_IJSB_ST_ST_EEELi4ELb1EEENS1O_INS1P_IS1Q_ffLS1R_2EvEEJNS1N_16Sm90RowBroadcastILi0ESH_ffNS5_IJST_SB_ST_EEELi4ELb1EEENS1N_12Sm90AccFetchEEEEEEESZ_NS10_INS11_ILi2ELi4ELi3EEENS13_ILi16EEENSP_INS5_IJS15_SW_EEENS5_IJSW_SB_EEEEEEENS4_17SM75_U32x2_LDSM_NENS4_14SM90_TMA_STOREES28_NS4_17SM90_U32x2_STSM_NENS1A_IJS2B_NS_6half_tEEEEvEEEvvEEEEvNT_6ParamsE	dense_gemm	28.00	0.10	[1, 22, 1]
299	kernel_cutlass_kernel_flashinfernormkernelsrmsnormRMSNormKernel_object_at__tensorptrbf16gmemalign128oi64281628161_tensorptrbf16gmemalign16o28161_tensorptrbf16gmemalign128oi64281628161___T_0	norm_rope_kv	2.34	0.19	[2, 1, 1]
300	void cutlass::Kernel2<cutlass_80_wmma_tensorop_bf16_s161616gemm_bf16_16x16_128x2_tn_align8>(cutlass_80_wmma_tensorop_bf16_s161616gemm_bf16_16x16_128x2_tn_align8::Params)	dense_gemm	3.33	0.10	[8, 1, 9]
301	void cublasLt::splitKreduce_kernel<32, 16, int, __nv_bfloat16, __nv_bfloat16, float, __nv_bfloat16, false, __nv_bfloat16, __nv_bfloat16, __nv_bfloat16, true, false, false, false>(cublasLt::cublasSplitKParams<float>, __nv_bfloat16 const*, __nv_bfloat16 const*, __nv_bfloat16*, __nv_bfloat16*, float const*, float const*, __nv_bfloat16 const*, __nv_bfloat16 const*, __nv_bfloat16*, void*, long, float*, int*, float*, float*, float const*, float const*, float const*, float const*, float const*)	dense_gemm	1.28	0.10	[4, 1, 1]
302	kernel_cutlass_kernel_flashinfernormkernelsrmsnormRMSNormKernel_object_at__tensorptrbf16gmemalign128oi64281628161_tensorptrbf16gmemalign16o28161_tensorptrbf16gmemalign128oi64281628161___T_0	norm_rope_kv	2.46	-0.32	[2, 1, 1]
303	_gemma4_routing_kernel	moe_route	1.76	0.06	[8, 1, 1]
304	_moe_align_small_numel_kernel	moe_route	3.39	0.22	[1, 1, 1]
305	void sglang::per_token_quant_fp8_cta_kernel<__nv_bfloat16, 8>(__nv_bfloat16 const*, __nv_fp8_e4m3*, float*, unsigned int)	act_quant	1.70	0.10	[8, 1, 1]
306	fused_moe_kernel	moe_gemm	117.28	-0.22	[704, 1, 1]
307	void sglang::act_and_mul_kernel<__nv_bfloat16, (sglang::ActivationKind)1, true, false, false, false>(sglang::ActivationParams)	elementwise_copy	10.66	-9.31	[11, 1, 1]
308	void sglang::per_token_quant_fp8_cta_kernel<__nv_bfloat16, 8>(__nv_bfloat16 const*, __nv_fp8_e4m3*, float*, unsigned int)	act_quant	1.41	0.10	[64, 1, 1]
309	fused_moe_kernel	moe_gemm	60.51	-0.22	[1408, 1, 1]
310	_moe_sum_reduce_kernel	moe_route	3.30	-2.18	[8, 2, 1]
311	_gemma_dual_rmsnorm_residual_kernel	norm_rope_kv	2.37	0.06	[8, 1, 1]
312	kernel_cutlass_kernel_flashinfernormkernelsrmsnormRMSNormKernel_object_at__tensorptrbf16gmemalign128oi64281628161_tensorptrbf16gmemalign16o28161_tensorptrbf16gmemalign128oi64281628161___T_0	norm_rope_kv	2.37	0.19	[2, 1, 1]
313	void sglang::per_token_quant_fp8_cta_kernel<__nv_bfloat16, 8>(__nv_bfloat16 const*, __nv_fp8_e4m3*, float*, unsigned int)	act_quant	1.47	0.13	[8, 1, 1]
314	_ZN7cutlass13device_kernelINS_4gemm6kernel13GemmUniversalIN4cute5tupleIJiiiiEEENS1_10collective13CollectiveMmaINS1_31MainloopSm120TmaWarpSpecializedILi2ELi2ENS5_IJNS4_1CILi1EEESB_SB_EEENS1_40KernelTmaWarpSpecializedCooperativeSm120ILi2EEEEENS5_IJNSA_ILi128EEESG_SG_EEENS_12float_e4m3_tENS5_IJlSB_lEEESI_SJ_NS4_8TiledMMAINS4_8MMA_AtomIJNS4_16SM120_16x8x32_TNISI_SI_fEEEEENS4_6LayoutINS5_IJNSA_ILi4EEENSA_ILi2EEESB_EEENS5_IJSB_SQ_NSA_ILi0EEEEEEEENS5_IJSG_NSA_ILi32EEESW_EEEEENS4_13SM90_TMA_LOADENS4_14ComposedLayoutINS4_7SwizzleILi3ELi4ELi3EEENS4_18smem_ptr_flag_bitsILi8EEENSP_INS5_IJNSA_ILi8EEESG_EEENS5_IJSG_SB_EEEEEEENS4_9Copy_AtomIJNS4_17SM75_U32x4_LDSM_NEhEEENS4_8identityESZ_S19_S1C_S1D_EENS_8epilogue10collective18CollectiveEpilogueINS1F_22Sm90TmaWarpSpecializedILi2ELi2ELi4ELb0ELb1EEEJSH_NS5_IJNSA_ILi64EEESW_EEEvSJ_NS_10bfloat16_tESJ_NS1F_6fusion15Sm90TreeVisitorINS1N_11Sm90ComputeINS_10multipliesES1M_fLNS_15FloatRoundStyleE2EvEEJNS1N_16Sm90ColBroadcastILi0ESH_ffNS5_IJSB_ST_ST_EEELi4ELb1EEENS1O_INS1P_IS1Q_ffLS1R_2EvEEJNS1N_16Sm90RowBroadcastILi0ESH_ffNS5_IJST_SB_ST_EEELi4ELb1EEENS1N_12Sm90AccFetchEEEEEEESZ_NS10_INS11_ILi2ELi4ELi3EEENS13_ILi16EEENSP_INS5_IJS15_SW_EEENS5_IJSW_SB_EEEEEEENS4_17SM75_U32x2_LDSM_NENS4_14SM90_TMA_STOREES28_NS4_17SM90_U32x2_STSM_NENS1A_IJS2B_NS_6half_tEEEEvEEEvvEEEEvNT_6ParamsE	dense_gemm	36.19	0.10	[1, 64, 1]
315	_gemma_qkv_rmsnorm_kernel	norm_rope_kv	1.63	0.10	[8, 32, 1]
316	void sglang::fused_rope_kernel<true, 256l, true, __nv_bfloat16, __nv_bfloat16, long, 32u>(sglang::FusedRopeParams)	norm_rope_kv	1.44	0.22	[48, 1, 1]
317	void at::native::elementwise_kernel<128, 4, at::native::gpu_kernel_impl_nocast<at::native::BUnaryFunctor<c10::BFloat16, c10::BFloat16, c10::BFloat16, at::native::binary_internal::MulFunctor<float> > >(at::TensorIteratorBase&, at::native::BUnaryFunctor<c10::BFloat16, c10::BFloat16, c10::BFloat16, at::native::binary_internal::MulFunctor<float> > const&)::{lambda(int)#1}>(int, at::native::gpu_kernel_impl_nocast<at::native::BUnaryFunctor<c10::BFloat16, c10::BFloat16, c10::BFloat16, at::native::binary_internal::MulFunctor<float> > >(at::TensorIteratorBase&, at::native::BUnaryFunctor<c10::BFloat16, c10::BFloat16, c10::BFloat16, at::native::binary_internal::MulFunctor<float> > const&)::{lambda(int)#1})	elementwise_copy	1.70	0.13	[32, 1, 1]
318	void at::native::elementwise_kernel<128, 4, at::native::gpu_kernel_impl_nocast<at::native::BUnaryFunctor<c10::BFloat16, c10::BFloat16, c10::BFloat16, at::native::binary_internal::MulFunctor<float> > >(at::TensorIteratorBase&, at::native::BUnaryFunctor<c10::BFloat16, c10::BFloat16, c10::BFloat16, at::native::binary_internal::MulFunctor<float> > const&)::{lambda(int)#1}>(int, at::native::gpu_kernel_impl_nocast<at::native::BUnaryFunctor<c10::BFloat16, c10::BFloat16, c10::BFloat16, at::native::binary_internal::MulFunctor<float> > >(at::TensorIteratorBase&, at::native::BUnaryFunctor<c10::BFloat16, c10::BFloat16, c10::BFloat16, at::native::binary_internal::MulFunctor<float> > const&)::{lambda(int)#1})	elementwise_copy	1.47	0.10	[32, 1, 1]
319	void at::native::elementwise_kernel<128, 4, at::native::gpu_kernel_impl_nocast<at::native::ConvertToFloat8E4M3fnOp<c10::BFloat16> >(at::TensorIteratorBase&, at::native::ConvertToFloat8E4M3fnOp<c10::BFloat16> const&)::{lambda(int)#1}>(int, at::native::gpu_kernel_impl_nocast<at::native::ConvertToFloat8E4M3fnOp<c10::BFloat16> >(at::TensorIteratorBase&, at::native::ConvertToFloat8E4M3fnOp<c10::BFloat16> const&)::{lambda(int)#1})	elementwise_copy	1.66	0.10	[32, 1, 1]
320	void at::native::elementwise_kernel<128, 4, at::native::gpu_kernel_impl_nocast<at::native::ConvertToFloat8E4M3fnOp<c10::BFloat16> >(at::TensorIteratorBase&, at::native::ConvertToFloat8E4M3fnOp<c10::BFloat16> const&)::{lambda(int)#1}>(int, at::native::gpu_kernel_impl_nocast<at::native::ConvertToFloat8E4M3fnOp<c10::BFloat16> >(at::TensorIteratorBase&, at::native::ConvertToFloat8E4M3fnOp<c10::BFloat16> const&)::{lambda(int)#1})	elementwise_copy	1.70	0.10	[32, 1, 1]
321	void sglang::store_kvcache_kernel<2048l, 2048l, 128u, true, long>(sglang::StoreKVCacheParams)	norm_rope_kv	1.06	0.22	[32, 1, 1]
322	_fwd_grouped_kernel_stage1	attention	29.47	0.06	[8, 8, 8]
323	_fwd_kernel_stage2	attention	2.18	0.22	[8, 16, 1]
324	void sglang::per_token_quant_fp8_cta_kernel<__nv_bfloat16, 8>(__nv_bfloat16 const*, __nv_fp8_e4m3*, float*, unsigned int)	act_quant	1.79	0.10	[8, 1, 1]
325	_ZN7cutlass13device_kernelINS_4gemm6kernel13GemmUniversalIN4cute5tupleIJiiiiEEENS1_10collective13CollectiveMmaINS1_31MainloopSm120TmaWarpSpecializedILi2ELi2ENS5_IJNS4_1CILi1EEESB_SB_EEENS1_40KernelTmaWarpSpecializedCooperativeSm120ILi2EEEEENS5_IJNSA_ILi128EEESG_SG_EEENS_12float_e4m3_tENS5_IJlSB_lEEESI_SJ_NS4_8TiledMMAINS4_8MMA_AtomIJNS4_16SM120_16x8x32_TNISI_SI_fEEEEENS4_6LayoutINS5_IJNSA_ILi4EEENSA_ILi2EEESB_EEENS5_IJSB_SQ_NSA_ILi0EEEEEEEENS5_IJSG_NSA_ILi32EEESW_EEEEENS4_13SM90_TMA_LOADENS4_14ComposedLayoutINS4_7SwizzleILi3ELi4ELi3EEENS4_18smem_ptr_flag_bitsILi8EEENSP_INS5_IJNSA_ILi8EEESG_EEENS5_IJSG_SB_EEEEEEENS4_9Copy_AtomIJNS4_17SM75_U32x4_LDSM_NEhEEENS4_8identityESZ_S19_S1C_S1D_EENS_8epilogue10collective18CollectiveEpilogueINS1F_22Sm90TmaWarpSpecializedILi2ELi2ELi4ELb0ELb1EEEJSH_NS5_IJNSA_ILi64EEESW_EEEvSJ_NS_10bfloat16_tESJ_NS1F_6fusion15Sm90TreeVisitorINS1N_11Sm90ComputeINS_10multipliesES1M_fLNS_15FloatRoundStyleE2EvEEJNS1N_16Sm90ColBroadcastILi0ESH_ffNS5_IJSB_ST_ST_EEELi4ELb1EEENS1O_INS1P_IS1Q_ffLS1R_2EvEEJNS1N_16Sm90RowBroadcastILi0ESH_ffNS5_IJST_SB_ST_EEELi4ELb1EEENS1N_12Sm90AccFetchEEEEEEESZ_NS10_INS11_ILi2ELi4ELi3EEENS13_ILi16EEENSP_INS5_IJS15_SW_EEENS5_IJSW_SB_EEEEEEENS4_17SM75_U32x2_LDSM_NENS4_14SM90_TMA_STOREES28_NS4_17SM90_U32x2_STSM_NENS1A_IJS2B_NS_6half_tEEEEvEEEvvEEEEvNT_6ParamsE	dense_gemm	49.73	0.10	[1, 22, 1]
326	kernel_cutlass_kernel_flashinfernormkernelsrmsnormRMSNormKernel_object_at__tensorptrbf16gmemalign128oi64281628161_tensorptrbf16gmemalign16o28161_tensorptrbf16gmemalign128oi64281628161___T_0	norm_rope_kv	2.46	-0.32	[2, 1, 1]
327	kernel_cutlass_kernel_flashinfernormkernelsfused_add_rmsnormFusedAddRMSNormKernel_object_at__tensorptrbf16gmemalign128oi64281628161_tensorptrbf16gmemalign128oi64281628161_tensorptrbf16gme_0	norm_rope_kv	2.50	0.10	[2, 1, 1]
328	void sglang::per_token_quant_fp8_cta_kernel<__nv_bfloat16, 8>(__nv_bfloat16 const*, __nv_fp8_e4m3*, float*, unsigned int)	act_quant	1.50	0.10	[8, 1, 1]
329	_ZN7cutlass13device_kernelINS_4gemm6kernel13GemmUniversalIN4cute5tupleIJiiiiEEENS1_10collective13CollectiveMmaINS1_31MainloopSm120TmaWarpSpecializedILi2ELi2ENS5_IJNS4_1CILi1EEESB_SB_EEENS1_40KernelTmaWarpSpecializedCooperativeSm120ILi2EEEEENS5_IJNSA_ILi128EEESG_SG_EEENS_12float_e4m3_tENS5_IJlSB_lEEESI_SJ_NS4_8TiledMMAINS4_8MMA_AtomIJNS4_16SM120_16x8x32_TNISI_SI_fEEEEENS4_6LayoutINS5_IJNSA_ILi4EEENSA_ILi2EEESB_EEENS5_IJSB_SQ_NSA_ILi0EEEEEEEENS5_IJSG_NSA_ILi32EEESW_EEEEENS4_13SM90_TMA_LOADENS4_14ComposedLayoutINS4_7SwizzleILi3ELi4ELi3EEENS4_18smem_ptr_flag_bitsILi8EEENSP_INS5_IJNSA_ILi8EEESG_EEENS5_IJSG_SB_EEEEEEENS4_9Copy_AtomIJNS4_17SM75_U32x4_LDSM_NEhEEENS4_8identityESZ_S19_S1C_S1D_EENS_8epilogue10collective18CollectiveEpilogueINS1F_22Sm90TmaWarpSpecializedILi2ELi2ELi4ELb0ELb1EEEJSH_NS5_IJNSA_ILi64EEESW_EEEvSJ_NS_10bfloat16_tESJ_NS1F_6fusion15Sm90TreeVisitorINS1N_11Sm90ComputeINS_10multipliesES1M_fLNS_15FloatRoundStyleE2EvEEJNS1N_16Sm90ColBroadcastILi0ESH_ffNS5_IJSB_ST_ST_EEELi4ELb1EEENS1O_INS1P_IS1Q_ffLS1R_2EvEEJNS1N_16Sm90RowBroadcastILi0ESH_ffNS5_IJST_SB_ST_EEELi4ELb1EEENS1N_12Sm90AccFetchEEEEEEESZ_NS10_INS11_ILi2ELi4ELi3EEENS13_ILi16EEENSP_INS5_IJS15_SW_EEENS5_IJSW_SB_EEEEEEENS4_17SM75_U32x2_LDSM_NENS4_14SM90_TMA_STOREES28_NS4_17SM90_U32x2_STSM_NENS1A_IJS2B_NS_6half_tEEEEvEEEvvEEEEvNT_6ParamsE	dense_gemm	35.46	0.10	[1, 33, 1]
330	void sglang::act_and_mul_kernel<__nv_bfloat16, (sglang::ActivationKind)2, true, false, false, false>(sglang::ActivationParams)	elementwise_copy	1.47	0.22	[5, 1, 1]
331	void sglang::per_token_quant_fp8_cta_kernel<__nv_bfloat16, 8>(__nv_bfloat16 const*, __nv_fp8_e4m3*, float*, unsigned int)	act_quant	1.47	0.10	[8, 1, 1]
332	_ZN7cutlass13device_kernelINS_4gemm6kernel13GemmUniversalIN4cute5tupleIJiiiiEEENS1_10collective13CollectiveMmaINS1_31MainloopSm120TmaWarpSpecializedILi2ELi2ENS5_IJNS4_1CILi1EEESB_SB_EEENS1_40KernelTmaWarpSpecializedCooperativeSm120ILi2EEEEENS5_IJNSA_ILi128EEESG_SG_EEENS_12float_e4m3_tENS5_IJlSB_lEEESI_SJ_NS4_8TiledMMAINS4_8MMA_AtomIJNS4_16SM120_16x8x32_TNISI_SI_fEEEEENS4_6LayoutINS5_IJNSA_ILi4EEENSA_ILi2EEESB_EEENS5_IJSB_SQ_NSA_ILi0EEEEEEEENS5_IJSG_NSA_ILi32EEESW_EEEEENS4_13SM90_TMA_LOADENS4_14ComposedLayoutINS4_7SwizzleILi3ELi4ELi3EEENS4_18smem_ptr_flag_bitsILi8EEENSP_INS5_IJNSA_ILi8EEESG_EEENS5_IJSG_SB_EEEEEEENS4_9Copy_AtomIJNS4_17SM75_U32x4_LDSM_NEhEEENS4_8identityESZ_S19_S1C_S1D_EENS_8epilogue10collective18CollectiveEpilogueINS1F_22Sm90TmaWarpSpecializedILi2ELi2ELi4ELb0ELb1EEEJSH_NS5_IJNSA_ILi64EEESW_EEEvSJ_NS_10bfloat16_tESJ_NS1F_6fusion15Sm90TreeVisitorINS1N_11Sm90ComputeINS_10multipliesES1M_fLNS_15FloatRoundStyleE2EvEEJNS1N_16Sm90ColBroadcastILi0ESH_ffNS5_IJSB_ST_ST_EEELi4ELb1EEENS1O_INS1P_IS1Q_ffLS1R_2EvEEJNS1N_16Sm90RowBroadcastILi0ESH_ffNS5_IJST_SB_ST_EEELi4ELb1EEENS1N_12Sm90AccFetchEEEEEEESZ_NS10_INS11_ILi2ELi4ELi3EEENS13_ILi16EEENSP_INS5_IJS15_SW_EEENS5_IJSW_SB_EEEEEEENS4_17SM75_U32x2_LDSM_NENS4_14SM90_TMA_STOREES28_NS4_17SM90_U32x2_STSM_NENS1A_IJS2B_NS_6half_tEEEEvEEEvvEEEEvNT_6ParamsE	dense_gemm	28.10	0.10	[1, 22, 1]
333	kernel_cutlass_kernel_flashinfernormkernelsrmsnormRMSNormKernel_object_at__tensorptrbf16gmemalign128oi64281628161_tensorptrbf16gmemalign16o28161_tensorptrbf16gmemalign128oi64281628161___T_0	norm_rope_kv	2.40	0.19	[2, 1, 1]
334	void cutlass::Kernel2<cutlass_80_wmma_tensorop_bf16_s161616gemm_bf16_16x16_128x2_tn_align8>(cutlass_80_wmma_tensorop_bf16_s161616gemm_bf16_16x16_128x2_tn_align8::Params)	dense_gemm	3.30	0.10	[8, 1, 9]
335	void cublasLt::splitKreduce_kernel<32, 16, int, __nv_bfloat16, __nv_bfloat16, float, __nv_bfloat16, false, __nv_bfloat16, __nv_bfloat16, __nv_bfloat16, true, false, false, false>(cublasLt::cublasSplitKParams<float>, __nv_bfloat16 const*, __nv_bfloat16 const*, __nv_bfloat16*, __nv_bfloat16*, float const*, float const*, __nv_bfloat16 const*, __nv_bfloat16 const*, __nv_bfloat16*, void*, long, float*, int*, float*, float*, float const*, float const*, float const*, float const*, float const*)	dense_gemm	1.28	0.06	[4, 1, 1]
336	kernel_cutlass_kernel_flashinfernormkernelsrmsnormRMSNormKernel_object_at__tensorptrbf16gmemalign128oi64281628161_tensorptrbf16gmemalign16o28161_tensorptrbf16gmemalign128oi64281628161___T_0	norm_rope_kv	2.59	-0.29	[2, 1, 1]
337	_gemma4_routing_kernel	moe_route	1.79	0.10	[8, 1, 1]
338	_moe_align_small_numel_kernel	moe_route	3.39	0.22	[1, 1, 1]
339	void sglang::per_token_quant_fp8_cta_kernel<__nv_bfloat16, 8>(__nv_bfloat16 const*, __nv_fp8_e4m3*, float*, unsigned int)	act_quant	1.66	0.10	[8, 1, 1]
340	fused_moe_kernel	moe_gemm	106.59	-0.19	[704, 1, 1]
341	void sglang::act_and_mul_kernel<__nv_bfloat16, (sglang::ActivationKind)1, true, false, false, false>(sglang::ActivationParams)	elementwise_copy	24.90	-23.55	[11, 1, 1]
342	void sglang::per_token_quant_fp8_cta_kernel<__nv_bfloat16, 8>(__nv_bfloat16 const*, __nv_fp8_e4m3*, float*, unsigned int)	act_quant	1.41	0.10	[64, 1, 1]
343	fused_moe_kernel	moe_gemm	56.10	-0.22	[1408, 1, 1]
344	_moe_sum_reduce_kernel	moe_route	3.14	-2.21	[8, 2, 1]
345	_gemma_dual_rmsnorm_residual_kernel	norm_rope_kv	2.37	0.10	[8, 1, 1]
346	kernel_cutlass_kernel_flashinfernormkernelsrmsnormRMSNormKernel_object_at__tensorptrbf16gmemalign128oi64281628161_tensorptrbf16gmemalign16o28161_tensorptrbf16gmemalign128oi64281628161___T_0	norm_rope_kv	2.40	0.22	[2, 1, 1]
347	void sglang::per_token_quant_fp8_cta_kernel<__nv_bfloat16, 8>(__nv_bfloat16 const*, __nv_fp8_e4m3*, float*, unsigned int)	act_quant	1.47	0.10	[8, 1, 1]
348	_ZN7cutlass13device_kernelINS_4gemm6kernel13GemmUniversalIN4cute5tupleIJiiiiEEENS1_10collective13CollectiveMmaINS1_31MainloopSm120TmaWarpSpecializedILi2ELi2ENS5_IJNS4_1CILi1EEESB_SB_EEENS1_40KernelTmaWarpSpecializedCooperativeSm120ILi2EEEEENS5_IJNSA_ILi128EEESG_SG_EEENS_12float_e4m3_tENS5_IJlSB_lEEESI_SJ_NS4_8TiledMMAINS4_8MMA_AtomIJNS4_16SM120_16x8x32_TNISI_SI_fEEEEENS4_6LayoutINS5_IJNSA_ILi4EEENSA_ILi2EEESB_EEENS5_IJSB_SQ_NSA_ILi0EEEEEEEENS5_IJSG_NSA_ILi32EEESW_EEEEENS4_13SM90_TMA_LOADENS4_14ComposedLayoutINS4_7SwizzleILi3ELi4ELi3EEENS4_18smem_ptr_flag_bitsILi8EEENSP_INS5_IJNSA_ILi8EEESG_EEENS5_IJSG_SB_EEEEEEENS4_9Copy_AtomIJNS4_17SM75_U32x4_LDSM_NEhEEENS4_8identityESZ_S19_S1C_S1D_EENS_8epilogue10collective18CollectiveEpilogueINS1F_22Sm90TmaWarpSpecializedILi2ELi2ELi4ELb0ELb1EEEJSH_NS5_IJNSA_ILi64EEESW_EEEvSJ_NS_10bfloat16_tESJ_NS1F_6fusion15Sm90TreeVisitorINS1N_11Sm90ComputeINS_10multipliesES1M_fLNS_15FloatRoundStyleE2EvEEJNS1N_16Sm90ColBroadcastILi0ESH_ffNS5_IJSB_ST_ST_EEELi4ELb1EEENS1O_INS1P_IS1Q_ffLS1R_2EvEEJNS1N_16Sm90RowBroadcastILi0ESH_ffNS5_IJST_SB_ST_EEELi4ELb1EEENS1N_12Sm90AccFetchEEEEEEESZ_NS10_INS11_ILi2ELi4ELi3EEENS13_ILi16EEENSP_INS5_IJS15_SW_EEENS5_IJSW_SB_EEEEEEENS4_17SM75_U32x2_LDSM_NENS4_14SM90_TMA_STOREES28_NS4_17SM90_U32x2_STSM_NENS1A_IJS2B_NS_6half_tEEEEvEEEvvEEEEvNT_6ParamsE	dense_gemm	36.06	0.10	[1, 64, 1]
349	_gemma_qkv_rmsnorm_kernel	norm_rope_kv	1.44	0.10	[8, 32, 1]
350	void sglang::fused_rope_kernel<true, 256l, true, __nv_bfloat16, __nv_bfloat16, long, 32u>(sglang::FusedRopeParams)	norm_rope_kv	1.44	0.22	[48, 1, 1]
351	void at::native::elementwise_kernel<128, 4, at::native::gpu_kernel_impl_nocast<at::native::BUnaryFunctor<c10::BFloat16, c10::BFloat16, c10::BFloat16, at::native::binary_internal::MulFunctor<float> > >(at::TensorIteratorBase&, at::native::BUnaryFunctor<c10::BFloat16, c10::BFloat16, c10::BFloat16, at::native::binary_internal::MulFunctor<float> > const&)::{lambda(int)#1}>(int, at::native::gpu_kernel_impl_nocast<at::native::BUnaryFunctor<c10::BFloat16, c10::BFloat16, c10::BFloat16, at::native::binary_internal::MulFunctor<float> > >(at::TensorIteratorBase&, at::native::BUnaryFunctor<c10::BFloat16, c10::BFloat16, c10::BFloat16, at::native::binary_internal::MulFunctor<float> > const&)::{lambda(int)#1})	elementwise_copy	1.73	0.10	[32, 1, 1]
352	void at::native::elementwise_kernel<128, 4, at::native::gpu_kernel_impl_nocast<at::native::BUnaryFunctor<c10::BFloat16, c10::BFloat16, c10::BFloat16, at::native::binary_internal::MulFunctor<float> > >(at::TensorIteratorBase&, at::native::BUnaryFunctor<c10::BFloat16, c10::BFloat16, c10::BFloat16, at::native::binary_internal::MulFunctor<float> > const&)::{lambda(int)#1}>(int, at::native::gpu_kernel_impl_nocast<at::native::BUnaryFunctor<c10::BFloat16, c10::BFloat16, c10::BFloat16, at::native::binary_internal::MulFunctor<float> > >(at::TensorIteratorBase&, at::native::BUnaryFunctor<c10::BFloat16, c10::BFloat16, c10::BFloat16, at::native::binary_internal::MulFunctor<float> > const&)::{lambda(int)#1})	elementwise_copy	1.47	0.10	[32, 1, 1]
353	void at::native::elementwise_kernel<128, 4, at::native::gpu_kernel_impl_nocast<at::native::ConvertToFloat8E4M3fnOp<c10::BFloat16> >(at::TensorIteratorBase&, at::native::ConvertToFloat8E4M3fnOp<c10::BFloat16> const&)::{lambda(int)#1}>(int, at::native::gpu_kernel_impl_nocast<at::native::ConvertToFloat8E4M3fnOp<c10::BFloat16> >(at::TensorIteratorBase&, at::native::ConvertToFloat8E4M3fnOp<c10::BFloat16> const&)::{lambda(int)#1})	elementwise_copy	1.73	0.10	[32, 1, 1]
354	void at::native::elementwise_kernel<128, 4, at::native::gpu_kernel_impl_nocast<at::native::ConvertToFloat8E4M3fnOp<c10::BFloat16> >(at::TensorIteratorBase&, at::native::ConvertToFloat8E4M3fnOp<c10::BFloat16> const&)::{lambda(int)#1}>(int, at::native::gpu_kernel_impl_nocast<at::native::ConvertToFloat8E4M3fnOp<c10::BFloat16> >(at::TensorIteratorBase&, at::native::ConvertToFloat8E4M3fnOp<c10::BFloat16> const&)::{lambda(int)#1})	elementwise_copy	1.60	0.07	[32, 1, 1]
355	void sglang::store_kvcache_kernel<2048l, 2048l, 128u, true, long>(sglang::StoreKVCacheParams)	norm_rope_kv	1.06	0.22	[32, 1, 1]
356	_fwd_grouped_kernel_stage1	attention	28.23	0.09	[8, 8, 8]
357	_fwd_kernel_stage2	attention	2.14	0.22	[8, 16, 1]
358	void sglang::per_token_quant_fp8_cta_kernel<__nv_bfloat16, 8>(__nv_bfloat16 const*, __nv_fp8_e4m3*, float*, unsigned int)	act_quant	1.73	0.13	[8, 1, 1]
359	_ZN7cutlass13device_kernelINS_4gemm6kernel13GemmUniversalIN4cute5tupleIJiiiiEEENS1_10collective13CollectiveMmaINS1_31MainloopSm120TmaWarpSpecializedILi2ELi2ENS5_IJNS4_1CILi1EEESB_SB_EEENS1_40KernelTmaWarpSpecializedCooperativeSm120ILi2EEEEENS5_IJNSA_ILi128EEESG_SG_EEENS_12float_e4m3_tENS5_IJlSB_lEEESI_SJ_NS4_8TiledMMAINS4_8MMA_AtomIJNS4_16SM120_16x8x32_TNISI_SI_fEEEEENS4_6LayoutINS5_IJNSA_ILi4EEENSA_ILi2EEESB_EEENS5_IJSB_SQ_NSA_ILi0EEEEEEEENS5_IJSG_NSA_ILi32EEESW_EEEEENS4_13SM90_TMA_LOADENS4_14ComposedLayoutINS4_7SwizzleILi3ELi4ELi3EEENS4_18smem_ptr_flag_bitsILi8EEENSP_INS5_IJNSA_ILi8EEESG_EEENS5_IJSG_SB_EEEEEEENS4_9Copy_AtomIJNS4_17SM75_U32x4_LDSM_NEhEEENS4_8identityESZ_S19_S1C_S1D_EENS_8epilogue10collective18CollectiveEpilogueINS1F_22Sm90TmaWarpSpecializedILi2ELi2ELi4ELb0ELb1EEEJSH_NS5_IJNSA_ILi64EEESW_EEEvSJ_NS_10bfloat16_tESJ_NS1F_6fusion15Sm90TreeVisitorINS1N_11Sm90ComputeINS_10multipliesES1M_fLNS_15FloatRoundStyleE2EvEEJNS1N_16Sm90ColBroadcastILi0ESH_ffNS5_IJSB_ST_ST_EEELi4ELb1EEENS1O_INS1P_IS1Q_ffLS1R_2EvEEJNS1N_16Sm90RowBroadcastILi0ESH_ffNS5_IJST_SB_ST_EEELi4ELb1EEENS1N_12Sm90AccFetchEEEEEEESZ_NS10_INS11_ILi2ELi4ELi3EEENS13_ILi16EEENSP_INS5_IJS15_SW_EEENS5_IJSW_SB_EEEEEEENS4_17SM75_U32x2_LDSM_NENS4_14SM90_TMA_STOREES28_NS4_17SM90_U32x2_STSM_NENS1A_IJS2B_NS_6half_tEEEEvEEEvvEEEEvNT_6ParamsE	dense_gemm	49.60	0.13	[1, 22, 1]
360	kernel_cutlass_kernel_flashinfernormkernelsrmsnormRMSNormKernel_object_at__tensorptrbf16gmemalign128oi64281628161_tensorptrbf16gmemalign16o28161_tensorptrbf16gmemalign128oi64281628161___T_0	norm_rope_kv	2.56	-0.19	[2, 1, 1]
361	kernel_cutlass_kernel_flashinfernormkernelsfused_add_rmsnormFusedAddRMSNormKernel_object_at__tensorptrbf16gmemalign128oi64281628161_tensorptrbf16gmemalign128oi64281628161_tensorptrbf16gme_0	norm_rope_kv	2.50	0.10	[2, 1, 1]
362	void sglang::per_token_quant_fp8_cta_kernel<__nv_bfloat16, 8>(__nv_bfloat16 const*, __nv_fp8_e4m3*, float*, unsigned int)	act_quant	1.54	0.10	[8, 1, 1]
363	_ZN7cutlass13device_kernelINS_4gemm6kernel13GemmUniversalIN4cute5tupleIJiiiiEEENS1_10collective13CollectiveMmaINS1_31MainloopSm120TmaWarpSpecializedILi2ELi2ENS5_IJNS4_1CILi1EEESB_SB_EEENS1_40KernelTmaWarpSpecializedCooperativeSm120ILi2EEEEENS5_IJNSA_ILi128EEESG_SG_EEENS_12float_e4m3_tENS5_IJlSB_lEEESI_SJ_NS4_8TiledMMAINS4_8MMA_AtomIJNS4_16SM120_16x8x32_TNISI_SI_fEEEEENS4_6LayoutINS5_IJNSA_ILi4EEENSA_ILi2EEESB_EEENS5_IJSB_SQ_NSA_ILi0EEEEEEEENS5_IJSG_NSA_ILi32EEESW_EEEEENS4_13SM90_TMA_LOADENS4_14ComposedLayoutINS4_7SwizzleILi3ELi4ELi3EEENS4_18smem_ptr_flag_bitsILi8EEENSP_INS5_IJNSA_ILi8EEESG_EEENS5_IJSG_SB_EEEEEEENS4_9Copy_AtomIJNS4_17SM75_U32x4_LDSM_NEhEEENS4_8identityESZ_S19_S1C_S1D_EENS_8epilogue10collective18CollectiveEpilogueINS1F_22Sm90TmaWarpSpecializedILi2ELi2ELi4ELb0ELb1EEEJSH_NS5_IJNSA_ILi64EEESW_EEEvSJ_NS_10bfloat16_tESJ_NS1F_6fusion15Sm90TreeVisitorINS1N_11Sm90ComputeINS_10multipliesES1M_fLNS_15FloatRoundStyleE2EvEEJNS1N_16Sm90ColBroadcastILi0ESH_ffNS5_IJSB_ST_ST_EEELi4ELb1EEENS1O_INS1P_IS1Q_ffLS1R_2EvEEJNS1N_16Sm90RowBroadcastILi0ESH_ffNS5_IJST_SB_ST_EEELi4ELb1EEENS1N_12Sm90AccFetchEEEEEEESZ_NS10_INS11_ILi2ELi4ELi3EEENS13_ILi16EEENSP_INS5_IJS15_SW_EEENS5_IJSW_SB_EEEEEEENS4_17SM75_U32x2_LDSM_NENS4_14SM90_TMA_STOREES28_NS4_17SM90_U32x2_STSM_NENS1A_IJS2B_NS_6half_tEEEEvEEEvvEEEEvNT_6ParamsE	dense_gemm	35.46	0.06	[1, 33, 1]
364	void sglang::act_and_mul_kernel<__nv_bfloat16, (sglang::ActivationKind)2, true, false, false, false>(sglang::ActivationParams)	elementwise_copy	1.44	0.22	[5, 1, 1]
365	void sglang::per_token_quant_fp8_cta_kernel<__nv_bfloat16, 8>(__nv_bfloat16 const*, __nv_fp8_e4m3*, float*, unsigned int)	act_quant	1.50	0.10	[8, 1, 1]
366	_ZN7cutlass13device_kernelINS_4gemm6kernel13GemmUniversalIN4cute5tupleIJiiiiEEENS1_10collective13CollectiveMmaINS1_31MainloopSm120TmaWarpSpecializedILi2ELi2ENS5_IJNS4_1CILi1EEESB_SB_EEENS1_40KernelTmaWarpSpecializedCooperativeSm120ILi2EEEEENS5_IJNSA_ILi128EEESG_SG_EEENS_12float_e4m3_tENS5_IJlSB_lEEESI_SJ_NS4_8TiledMMAINS4_8MMA_AtomIJNS4_16SM120_16x8x32_TNISI_SI_fEEEEENS4_6LayoutINS5_IJNSA_ILi4EEENSA_ILi2EEESB_EEENS5_IJSB_SQ_NSA_ILi0EEEEEEEENS5_IJSG_NSA_ILi32EEESW_EEEEENS4_13SM90_TMA_LOADENS4_14ComposedLayoutINS4_7SwizzleILi3ELi4ELi3EEENS4_18smem_ptr_flag_bitsILi8EEENSP_INS5_IJNSA_ILi8EEESG_EEENS5_IJSG_SB_EEEEEEENS4_9Copy_AtomIJNS4_17SM75_U32x4_LDSM_NEhEEENS4_8identityESZ_S19_S1C_S1D_EENS_8epilogue10collective18CollectiveEpilogueINS1F_22Sm90TmaWarpSpecializedILi2ELi2ELi4ELb0ELb1EEEJSH_NS5_IJNSA_ILi64EEESW_EEEvSJ_NS_10bfloat16_tESJ_NS1F_6fusion15Sm90TreeVisitorINS1N_11Sm90ComputeINS_10multipliesES1M_fLNS_15FloatRoundStyleE2EvEEJNS1N_16Sm90ColBroadcastILi0ESH_ffNS5_IJSB_ST_ST_EEELi4ELb1EEENS1O_INS1P_IS1Q_ffLS1R_2EvEEJNS1N_16Sm90RowBroadcastILi0ESH_ffNS5_IJST_SB_ST_EEELi4ELb1EEENS1N_12Sm90AccFetchEEEEEEESZ_NS10_INS11_ILi2ELi4ELi3EEENS13_ILi16EEENSP_INS5_IJS15_SW_EEENS5_IJSW_SB_EEEEEEENS4_17SM75_U32x2_LDSM_NENS4_14SM90_TMA_STOREES28_NS4_17SM90_U32x2_STSM_NENS1A_IJS2B_NS_6half_tEEEEvEEEvvEEEEvNT_6ParamsE	dense_gemm	28.10	0.06	[1, 22, 1]
367	kernel_cutlass_kernel_flashinfernormkernelsrmsnormRMSNormKernel_object_at__tensorptrbf16gmemalign128oi64281628161_tensorptrbf16gmemalign16o28161_tensorptrbf16gmemalign128oi64281628161___T_0	norm_rope_kv	2.37	0.22	[2, 1, 1]
368	void cutlass::Kernel2<cutlass_80_wmma_tensorop_bf16_s161616gemm_bf16_16x16_128x2_tn_align8>(cutlass_80_wmma_tensorop_bf16_s161616gemm_bf16_16x16_128x2_tn_align8::Params)	dense_gemm	3.39	0.10	[8, 1, 9]
369	void cublasLt::splitKreduce_kernel<32, 16, int, __nv_bfloat16, __nv_bfloat16, float, __nv_bfloat16, false, __nv_bfloat16, __nv_bfloat16, __nv_bfloat16, true, false, false, false>(cublasLt::cublasSplitKParams<float>, __nv_bfloat16 const*, __nv_bfloat16 const*, __nv_bfloat16*, __nv_bfloat16*, float const*, float const*, __nv_bfloat16 const*, __nv_bfloat16 const*, __nv_bfloat16*, void*, long, float*, int*, float*, float*, float const*, float const*, float const*, float const*, float const*)	dense_gemm	1.28	0.10	[4, 1, 1]
370	kernel_cutlass_kernel_flashinfernormkernelsrmsnormRMSNormKernel_object_at__tensorptrbf16gmemalign128oi64281628161_tensorptrbf16gmemalign16o28161_tensorptrbf16gmemalign128oi64281628161___T_0	norm_rope_kv	2.43	-0.32	[2, 1, 1]
371	_gemma4_routing_kernel	moe_route	1.76	0.10	[8, 1, 1]
372	_moe_align_small_numel_kernel	moe_route	3.39	0.19	[1, 1, 1]
373	void sglang::per_token_quant_fp8_cta_kernel<__nv_bfloat16, 8>(__nv_bfloat16 const*, __nv_fp8_e4m3*, float*, unsigned int)	act_quant	1.66	0.10	[8, 1, 1]
374	fused_moe_kernel	moe_gemm	117.22	-0.19	[704, 1, 1]
375	void sglang::act_and_mul_kernel<__nv_bfloat16, (sglang::ActivationKind)1, true, false, false, false>(sglang::ActivationParams)	elementwise_copy	11.43	-9.98	[11, 1, 1]
376	void sglang::per_token_quant_fp8_cta_kernel<__nv_bfloat16, 8>(__nv_bfloat16 const*, __nv_fp8_e4m3*, float*, unsigned int)	act_quant	1.50	0.06	[64, 1, 1]
377	fused_moe_kernel	moe_gemm	59.94	-0.29	[1408, 1, 1]
378	_moe_sum_reduce_kernel	moe_route	3.52	-2.43	[8, 2, 1]
379	_gemma_dual_rmsnorm_residual_kernel	norm_rope_kv	2.34	0.10	[8, 1, 1]
380	kernel_cutlass_kernel_flashinfernormkernelsrmsnormRMSNormKernel_object_at__tensorptrbf16gmemalign128oi64281628161_tensorptrbf16gmemalign16o28161_tensorptrbf16gmemalign128oi64281628161___T_0	norm_rope_kv	2.40	0.22	[2, 1, 1]
381	void sglang::per_token_quant_fp8_cta_kernel<__nv_bfloat16, 8>(__nv_bfloat16 const*, __nv_fp8_e4m3*, float*, unsigned int)	act_quant	1.50	0.10	[8, 1, 1]
382	_ZN7cutlass13device_kernelINS_4gemm6kernel13GemmUniversalIN4cute5tupleIJiiiiEEENS1_10collective13CollectiveMmaINS1_31MainloopSm120TmaWarpSpecializedILi2ELi2ENS5_IJNS4_1CILi1EEESB_SB_EEENS1_40KernelTmaWarpSpecializedCooperativeSm120ILi2EEEEENS5_IJNSA_ILi128EEESG_SG_EEENS_12float_e4m3_tENS5_IJlSB_lEEESI_SJ_NS4_8TiledMMAINS4_8MMA_AtomIJNS4_16SM120_16x8x32_TNISI_SI_fEEEEENS4_6LayoutINS5_IJNSA_ILi4EEENSA_ILi2EEESB_EEENS5_IJSB_SQ_NSA_ILi0EEEEEEEENS5_IJSG_NSA_ILi32EEESW_EEEEENS4_13SM90_TMA_LOADENS4_14ComposedLayoutINS4_7SwizzleILi3ELi4ELi3EEENS4_18smem_ptr_flag_bitsILi8EEENSP_INS5_IJNSA_ILi8EEESG_EEENS5_IJSG_SB_EEEEEEENS4_9Copy_AtomIJNS4_17SM75_U32x4_LDSM_NEhEEENS4_8identityESZ_S19_S1C_S1D_EENS_8epilogue10collective18CollectiveEpilogueINS1F_22Sm90TmaWarpSpecializedILi2ELi2ELi4ELb0ELb1EEEJSH_NS5_IJNSA_ILi64EEESW_EEEvSJ_NS_10bfloat16_tESJ_NS1F_6fusion15Sm90TreeVisitorINS1N_11Sm90ComputeINS_10multipliesES1M_fLNS_15FloatRoundStyleE2EvEEJNS1N_16Sm90ColBroadcastILi0ESH_ffNS5_IJSB_ST_ST_EEELi4ELb1EEENS1O_INS1P_IS1Q_ffLS1R_2EvEEJNS1N_16Sm90RowBroadcastILi0ESH_ffNS5_IJST_SB_ST_EEELi4ELb1EEENS1N_12Sm90AccFetchEEEEEEESZ_NS10_INS11_ILi2ELi4ELi3EEENS13_ILi16EEENSP_INS5_IJS15_SW_EEENS5_IJSW_SB_EEEEEEENS4_17SM75_U32x2_LDSM_NENS4_14SM90_TMA_STOREES28_NS4_17SM90_U32x2_STSM_NENS1A_IJS2B_NS_6half_tEEEEvEEEvvEEEEvNT_6ParamsE	dense_gemm	36.45	0.10	[1, 80, 1]
383	_gemma_qkv_rmsnorm_kernel	norm_rope_kv	1.47	0.10	[8, 20, 1]
384	void sglang::fused_rope_kernel<true, 512l, true, __nv_bfloat16, __nv_bfloat16, long, 64u>(sglang::FusedRopeParams)	norm_rope_kv	1.38	0.22	[72, 1, 1]
385	void at::native::elementwise_kernel<128, 4, at::native::gpu_kernel_impl_nocast<at::native::BUnaryFunctor<c10::BFloat16, c10::BFloat16, c10::BFloat16, at::native::binary_internal::MulFunctor<float> > >(at::TensorIteratorBase&, at::native::BUnaryFunctor<c10::BFloat16, c10::BFloat16, c10::BFloat16, at::native::binary_internal::MulFunctor<float> > const&)::{lambda(int)#1}>(int, at::native::gpu_kernel_impl_nocast<at::native::BUnaryFunctor<c10::BFloat16, c10::BFloat16, c10::BFloat16, at::native::binary_internal::MulFunctor<float> > >(at::TensorIteratorBase&, at::native::BUnaryFunctor<c10::BFloat16, c10::BFloat16, c10::BFloat16, at::native::binary_internal::MulFunctor<float> > const&)::{lambda(int)#1})	elementwise_copy	1.73	0.10	[16, 1, 1]
386	void at::native::elementwise_kernel<128, 4, at::native::gpu_kernel_impl_nocast<at::native::BUnaryFunctor<c10::BFloat16, c10::BFloat16, c10::BFloat16, at::native::binary_internal::MulFunctor<float> > >(at::TensorIteratorBase&, at::native::BUnaryFunctor<c10::BFloat16, c10::BFloat16, c10::BFloat16, at::native::binary_internal::MulFunctor<float> > const&)::{lambda(int)#1}>(int, at::native::gpu_kernel_impl_nocast<at::native::BUnaryFunctor<c10::BFloat16, c10::BFloat16, c10::BFloat16, at::native::binary_internal::MulFunctor<float> > >(at::TensorIteratorBase&, at::native::BUnaryFunctor<c10::BFloat16, c10::BFloat16, c10::BFloat16, at::native::binary_internal::MulFunctor<float> > const&)::{lambda(int)#1})	elementwise_copy	1.47	0.10	[16, 1, 1]
387	void at::native::elementwise_kernel<128, 4, at::native::gpu_kernel_impl_nocast<at::native::ConvertToFloat8E4M3fnOp<c10::BFloat16> >(at::TensorIteratorBase&, at::native::ConvertToFloat8E4M3fnOp<c10::BFloat16> const&)::{lambda(int)#1}>(int, at::native::gpu_kernel_impl_nocast<at::native::ConvertToFloat8E4M3fnOp<c10::BFloat16> >(at::TensorIteratorBase&, at::native::ConvertToFloat8E4M3fnOp<c10::BFloat16> const&)::{lambda(int)#1})	elementwise_copy	1.70	0.10	[16, 1, 1]
388	void at::native::elementwise_kernel<128, 4, at::native::gpu_kernel_impl_nocast<at::native::ConvertToFloat8E4M3fnOp<c10::BFloat16> >(at::TensorIteratorBase&, at::native::ConvertToFloat8E4M3fnOp<c10::BFloat16> const&)::{lambda(int)#1}>(int, at::native::gpu_kernel_impl_nocast<at::native::ConvertToFloat8E4M3fnOp<c10::BFloat16> >(at::TensorIteratorBase&, at::native::ConvertToFloat8E4M3fnOp<c10::BFloat16> const&)::{lambda(int)#1})	elementwise_copy	1.63	0.10	[16, 1, 1]
389	void sglang::store_kvcache_kernel<1024l, 1024l, 64u, true, long>(sglang::StoreKVCacheParams)	norm_rope_kv	1.06	0.19	[16, 1, 1]
390	_fwd_grouped_kernel_stage1	attention	100.13	0.10	[8, 2, 8]
391	_fwd_kernel_stage2	attention	2.37	0.22	[8, 16, 1]
392	void sglang::per_token_quant_fp8_cta_kernel<__nv_bfloat16, 8>(__nv_bfloat16 const*, __nv_fp8_e4m3*, float*, unsigned int)	act_quant	1.89	0.10	[8, 1, 1]
393	_ZN7cutlass13device_kernelINS_4gemm6kernel13GemmUniversalIN4cute5tupleIJiiiiEEENS1_10collective13CollectiveMmaINS1_31MainloopSm120TmaWarpSpecializedILi2ELi2ENS5_IJNS4_1CILi1EEESB_SB_EEENS1_40KernelTmaWarpSpecializedCooperativeSm120ILi2EEEEENS5_IJNSA_ILi128EEESG_SG_EEENS_12float_e4m3_tENS5_IJlSB_lEEESI_SJ_NS4_8TiledMMAINS4_8MMA_AtomIJNS4_16SM120_16x8x32_TNISI_SI_fEEEEENS4_6LayoutINS5_IJNSA_ILi4EEENSA_ILi2EEESB_EEENS5_IJSB_SQ_NSA_ILi0EEEEEEEENS5_IJSG_NSA_ILi32EEESW_EEEEENS4_13SM90_TMA_LOADENS4_14ComposedLayoutINS4_7SwizzleILi3ELi4ELi3EEENS4_18smem_ptr_flag_bitsILi8EEENSP_INS5_IJNSA_ILi8EEESG_EEENS5_IJSG_SB_EEEEEEENS4_9Copy_AtomIJNS4_17SM75_U32x4_LDSM_NEhEEENS4_8identityESZ_S19_S1C_S1D_EENS_8epilogue10collective18CollectiveEpilogueINS1F_22Sm90TmaWarpSpecializedILi2ELi2ELi4ELb0ELb1EEEJSH_NS5_IJNSA_ILi64EEESW_EEEvSJ_NS_10bfloat16_tESJ_NS1F_6fusion15Sm90TreeVisitorINS1N_11Sm90ComputeINS_10multipliesES1M_fLNS_15FloatRoundStyleE2EvEEJNS1N_16Sm90ColBroadcastILi0ESH_ffNS5_IJSB_ST_ST_EEELi4ELb1EEENS1O_INS1P_IS1Q_ffLS1R_2EvEEJNS1N_16Sm90RowBroadcastILi0ESH_ffNS5_IJST_SB_ST_EEELi4ELb1EEENS1N_12Sm90AccFetchEEEEEEESZ_NS10_INS11_ILi2ELi4ELi3EEENS13_ILi16EEENSP_INS5_IJS15_SW_EEENS5_IJSW_SB_EEEEEEENS4_17SM75_U32x2_LDSM_NENS4_14SM90_TMA_STOREES28_NS4_17SM90_U32x2_STSM_NENS1A_IJS2B_NS_6half_tEEEEvEEEvvEEEEvNT_6ParamsE	dense_gemm	95.87	0.10	[1, 22, 1]
394	kernel_cutlass_kernel_flashinfernormkernelsrmsnormRMSNormKernel_object_at__tensorptrbf16gmemalign128oi64281628161_tensorptrbf16gmemalign16o28161_tensorptrbf16gmemalign128oi64281628161___T_0	norm_rope_kv	2.53	-0.19	[2, 1, 1]
395	kernel_cutlass_kernel_flashinfernormkernelsfused_add_rmsnormFusedAddRMSNormKernel_object_at__tensorptrbf16gmemalign128oi64281628161_tensorptrbf16gmemalign128oi64281628161_tensorptrbf16gme_0	norm_rope_kv	2.56	0.13	[2, 1, 1]
396	void sglang::per_token_quant_fp8_cta_kernel<__nv_bfloat16, 8>(__nv_bfloat16 const*, __nv_fp8_e4m3*, float*, unsigned int)	act_quant	1.50	0.10	[8, 1, 1]
397	_ZN7cutlass13device_kernelINS_4gemm6kernel13GemmUniversalIN4cute5tupleIJiiiiEEENS1_10collective13CollectiveMmaINS1_31MainloopSm120TmaWarpSpecializedILi2ELi2ENS5_IJNS4_1CILi1EEESB_SB_EEENS1_40KernelTmaWarpSpecializedCooperativeSm120ILi2EEEEENS5_IJNSA_ILi128EEESG_SG_EEENS_12float_e4m3_tENS5_IJlSB_lEEESI_SJ_NS4_8TiledMMAINS4_8MMA_AtomIJNS4_16SM120_16x8x32_TNISI_SI_fEEEEENS4_6LayoutINS5_IJNSA_ILi4EEENSA_ILi2EEESB_EEENS5_IJSB_SQ_NSA_ILi0EEEEEEEENS5_IJSG_NSA_ILi32EEESW_EEEEENS4_13SM90_TMA_LOADENS4_14ComposedLayoutINS4_7SwizzleILi3ELi4ELi3EEENS4_18smem_ptr_flag_bitsILi8EEENSP_INS5_IJNSA_ILi8EEESG_EEENS5_IJSG_SB_EEEEEEENS4_9Copy_AtomIJNS4_17SM75_U32x4_LDSM_NEhEEENS4_8identityESZ_S19_S1C_S1D_EENS_8epilogue10collective18CollectiveEpilogueINS1F_22Sm90TmaWarpSpecializedILi2ELi2ELi4ELb0ELb1EEEJSH_NS5_IJNSA_ILi64EEESW_EEEvSJ_NS_10bfloat16_tESJ_NS1F_6fusion15Sm90TreeVisitorINS1N_11Sm90ComputeINS_10multipliesES1M_fLNS_15FloatRoundStyleE2EvEEJNS1N_16Sm90ColBroadcastILi0ESH_ffNS5_IJSB_ST_ST_EEELi4ELb1EEENS1O_INS1P_IS1Q_ffLS1R_2EvEEJNS1N_16Sm90RowBroadcastILi0ESH_ffNS5_IJST_SB_ST_EEELi4ELb1EEENS1N_12Sm90AccFetchEEEEEEESZ_NS10_INS11_ILi2ELi4ELi3EEENS13_ILi16EEENSP_INS5_IJS15_SW_EEENS5_IJSW_SB_EEEEEEENS4_17SM75_U32x2_LDSM_NENS4_14SM90_TMA_STOREES28_NS4_17SM90_U32x2_STSM_NENS1A_IJS2B_NS_6half_tEEEEvEEEvvEEEEvNT_6ParamsE	dense_gemm	35.62	0.10	[1, 33, 1]
398	void sglang::act_and_mul_kernel<__nv_bfloat16, (sglang::ActivationKind)2, true, false, false, false>(sglang::ActivationParams)	elementwise_copy	1.47	0.19	[5, 1, 1]
399	void sglang::per_token_quant_fp8_cta_kernel<__nv_bfloat16, 8>(__nv_bfloat16 const*, __nv_fp8_e4m3*, float*, unsigned int)	act_quant	1.50	0.06	[8, 1, 1]
400	_ZN7cutlass13device_kernelINS_4gemm6kernel13GemmUniversalIN4cute5tupleIJiiiiEEENS1_10collective13CollectiveMmaINS1_31MainloopSm120TmaWarpSpecializedILi2ELi2ENS5_IJNS4_1CILi1EEESB_SB_EEENS1_40KernelTmaWarpSpecializedCooperativeSm120ILi2EEEEENS5_IJNSA_ILi128EEESG_SG_EEENS_12float_e4m3_tENS5_IJlSB_lEEESI_SJ_NS4_8TiledMMAINS4_8MMA_AtomIJNS4_16SM120_16x8x32_TNISI_SI_fEEEEENS4_6LayoutINS5_IJNSA_ILi4EEENSA_ILi2EEESB_EEENS5_IJSB_SQ_NSA_ILi0EEEEEEEENS5_IJSG_NSA_ILi32EEESW_EEEEENS4_13SM90_TMA_LOADENS4_14ComposedLayoutINS4_7SwizzleILi3ELi4ELi3EEENS4_18smem_ptr_flag_bitsILi8EEENSP_INS5_IJNSA_ILi8EEESG_EEENS5_IJSG_SB_EEEEEEENS4_9Copy_AtomIJNS4_17SM75_U32x4_LDSM_NEhEEENS4_8identityESZ_S19_S1C_S1D_EENS_8epilogue10collective18CollectiveEpilogueINS1F_22Sm90TmaWarpSpecializedILi2ELi2ELi4ELb0ELb1EEEJSH_NS5_IJNSA_ILi64EEESW_EEEvSJ_NS_10bfloat16_tESJ_NS1F_6fusion15Sm90TreeVisitorINS1N_11Sm90ComputeINS_10multipliesES1M_fLNS_15FloatRoundStyleE2EvEEJNS1N_16Sm90ColBroadcastILi0ESH_ffNS5_IJSB_ST_ST_EEELi4ELb1EEENS1O_INS1P_IS1Q_ffLS1R_2EvEEJNS1N_16Sm90RowBroadcastILi0ESH_ffNS5_IJST_SB_ST_EEELi4ELb1EEENS1N_12Sm90AccFetchEEEEEEESZ_NS10_INS11_ILi2ELi4ELi3EEENS13_ILi16EEENSP_INS5_IJS15_SW_EEENS5_IJSW_SB_EEEEEEENS4_17SM75_U32x2_LDSM_NENS4_14SM90_TMA_STOREES28_NS4_17SM90_U32x2_STSM_NENS1A_IJS2B_NS_6half_tEEEEvEEEvvEEEEvNT_6ParamsE	dense_gemm	28.03	0.06	[1, 22, 1]
401	kernel_cutlass_kernel_flashinfernormkernelsrmsnormRMSNormKernel_object_at__tensorptrbf16gmemalign128oi64281628161_tensorptrbf16gmemalign16o28161_tensorptrbf16gmemalign128oi64281628161___T_0	norm_rope_kv	2.37	0.19	[2, 1, 1]
402	void cutlass::Kernel2<cutlass_80_wmma_tensorop_bf16_s161616gemm_bf16_16x16_128x2_tn_align8>(cutlass_80_wmma_tensorop_bf16_s161616gemm_bf16_16x16_128x2_tn_align8::Params)	dense_gemm	3.33	0.10	[8, 1, 9]
403	void cublasLt::splitKreduce_kernel<32, 16, int, __nv_bfloat16, __nv_bfloat16, float, __nv_bfloat16, false, __nv_bfloat16, __nv_bfloat16, __nv_bfloat16, true, false, false, false>(cublasLt::cublasSplitKParams<float>, __nv_bfloat16 const*, __nv_bfloat16 const*, __nv_bfloat16*, __nv_bfloat16*, float const*, float const*, __nv_bfloat16 const*, __nv_bfloat16 const*, __nv_bfloat16*, void*, long, float*, int*, float*, float*, float const*, float const*, float const*, float const*, float const*)	dense_gemm	1.28	0.10	[4, 1, 1]
404	kernel_cutlass_kernel_flashinfernormkernelsrmsnormRMSNormKernel_object_at__tensorptrbf16gmemalign128oi64281628161_tensorptrbf16gmemalign16o28161_tensorptrbf16gmemalign128oi64281628161___T_0	norm_rope_kv	2.43	-0.32	[2, 1, 1]
405	_gemma4_routing_kernel	moe_route	1.76	0.13	[8, 1, 1]
406	_moe_align_small_numel_kernel	moe_route	3.39	0.19	[1, 1, 1]
407	void sglang::per_token_quant_fp8_cta_kernel<__nv_bfloat16, 8>(__nv_bfloat16 const*, __nv_fp8_e4m3*, float*, unsigned int)	act_quant	1.63	0.10	[8, 1, 1]
408	fused_moe_kernel	moe_gemm	117.34	-0.16	[704, 1, 1]
409	void sglang::act_and_mul_kernel<__nv_bfloat16, (sglang::ActivationKind)1, true, false, false, false>(sglang::ActivationParams)	elementwise_copy	9.76	-8.26	[11, 1, 1]
410	void sglang::per_token_quant_fp8_cta_kernel<__nv_bfloat16, 8>(__nv_bfloat16 const*, __nv_fp8_e4m3*, float*, unsigned int)	act_quant	1.34	0.06	[64, 1, 1]
411	fused_moe_kernel	moe_gemm	59.94	-0.13	[1408, 1, 1]
412	_moe_sum_reduce_kernel	moe_route	3.23	-2.11	[8, 2, 1]
413	_gemma_dual_rmsnorm_residual_kernel	norm_rope_kv	2.21	0.10	[8, 1, 1]
414	kernel_cutlass_kernel_flashinfernormkernelsrmsnormRMSNormKernel_object_at__tensorptrbf16gmemalign128oi64281628161_tensorptrbf16gmemalign16o28161_tensorptrbf16gmemalign128oi64281628161___T_0	norm_rope_kv	2.37	0.22	[2, 1, 1]
415	void sglang::per_token_quant_fp8_cta_kernel<__nv_bfloat16, 8>(__nv_bfloat16 const*, __nv_fp8_e4m3*, float*, unsigned int)	act_quant	1.50	0.10	[8, 1, 1]
416	_ZN7cutlass13device_kernelINS_4gemm6kernel13GemmUniversalIN4cute5tupleIJiiiiEEENS1_10collective13CollectiveMmaINS1_31MainloopSm120TmaWarpSpecializedILi2ELi2ENS5_IJNS4_1CILi1EEESB_SB_EEENS1_40KernelTmaWarpSpecializedCooperativeSm120ILi2EEEEENS5_IJNSA_ILi128EEESG_SG_EEENS_12float_e4m3_tENS5_IJlSB_lEEESI_SJ_NS4_8TiledMMAINS4_8MMA_AtomIJNS4_16SM120_16x8x32_TNISI_SI_fEEEEENS4_6LayoutINS5_IJNSA_ILi4EEENSA_ILi2EEESB_EEENS5_IJSB_SQ_NSA_ILi0EEEEEEEENS5_IJSG_NSA_ILi32EEESW_EEEEENS4_13SM90_TMA_LOADENS4_14ComposedLayoutINS4_7SwizzleILi3ELi4ELi3EEENS4_18smem_ptr_flag_bitsILi8EEENSP_INS5_IJNSA_ILi8EEESG_EEENS5_IJSG_SB_EEEEEEENS4_9Copy_AtomIJNS4_17SM75_U32x4_LDSM_NEhEEENS4_8identityESZ_S19_S1C_S1D_EENS_8epilogue10collective18CollectiveEpilogueINS1F_22Sm90TmaWarpSpecializedILi2ELi2ELi4ELb0ELb1EEEJSH_NS5_IJNSA_ILi64EEESW_EEEvSJ_NS_10bfloat16_tESJ_NS1F_6fusion15Sm90TreeVisitorINS1N_11Sm90ComputeINS_10multipliesES1M_fLNS_15FloatRoundStyleE2EvEEJNS1N_16Sm90ColBroadcastILi0ESH_ffNS5_IJSB_ST_ST_EEELi4ELb1EEENS1O_INS1P_IS1Q_ffLS1R_2EvEEJNS1N_16Sm90RowBroadcastILi0ESH_ffNS5_IJST_SB_ST_EEELi4ELb1EEENS1N_12Sm90AccFetchEEEEEEESZ_NS10_INS11_ILi2ELi4ELi3EEENS13_ILi16EEENSP_INS5_IJS15_SW_EEENS5_IJSW_SB_EEEEEEENS4_17SM75_U32x2_LDSM_NENS4_14SM90_TMA_STOREES28_NS4_17SM90_U32x2_STSM_NENS1A_IJS2B_NS_6half_tEEEEvEEEvvEEEEvNT_6ParamsE	dense_gemm	36.19	0.10	[1, 64, 1]
417	_gemma_qkv_rmsnorm_kernel	norm_rope_kv	1.54	0.10	[8, 32, 1]
418	void sglang::fused_rope_kernel<true, 256l, true, __nv_bfloat16, __nv_bfloat16, long, 32u>(sglang::FusedRopeParams)	norm_rope_kv	1.44	0.22	[48, 1, 1]
419	void at::native::elementwise_kernel<128, 4, at::native::gpu_kernel_impl_nocast<at::native::BUnaryFunctor<c10::BFloat16, c10::BFloat16, c10::BFloat16, at::native::binary_internal::MulFunctor<float> > >(at::TensorIteratorBase&, at::native::BUnaryFunctor<c10::BFloat16, c10::BFloat16, c10::BFloat16, at::native::binary_internal::MulFunctor<float> > const&)::{lambda(int)#1}>(int, at::native::gpu_kernel_impl_nocast<at::native::BUnaryFunctor<c10::BFloat16, c10::BFloat16, c10::BFloat16, at::native::binary_internal::MulFunctor<float> > >(at::TensorIteratorBase&, at::native::BUnaryFunctor<c10::BFloat16, c10::BFloat16, c10::BFloat16, at::native::binary_internal::MulFunctor<float> > const&)::{lambda(int)#1})	elementwise_copy	1.73	0.10	[32, 1, 1]
420	void at::native::elementwise_kernel<128, 4, at::native::gpu_kernel_impl_nocast<at::native::BUnaryFunctor<c10::BFloat16, c10::BFloat16, c10::BFloat16, at::native::binary_internal::MulFunctor<float> > >(at::TensorIteratorBase&, at::native::BUnaryFunctor<c10::BFloat16, c10::BFloat16, c10::BFloat16, at::native::binary_internal::MulFunctor<float> > const&)::{lambda(int)#1}>(int, at::native::gpu_kernel_impl_nocast<at::native::BUnaryFunctor<c10::BFloat16, c10::BFloat16, c10::BFloat16, at::native::binary_internal::MulFunctor<float> > >(at::TensorIteratorBase&, at::native::BUnaryFunctor<c10::BFloat16, c10::BFloat16, c10::BFloat16, at::native::binary_internal::MulFunctor<float> > const&)::{lambda(int)#1})	elementwise_copy	1.47	0.10	[32, 1, 1]
421	void at::native::elementwise_kernel<128, 4, at::native::gpu_kernel_impl_nocast<at::native::ConvertToFloat8E4M3fnOp<c10::BFloat16> >(at::TensorIteratorBase&, at::native::ConvertToFloat8E4M3fnOp<c10::BFloat16> const&)::{lambda(int)#1}>(int, at::native::gpu_kernel_impl_nocast<at::native::ConvertToFloat8E4M3fnOp<c10::BFloat16> >(at::TensorIteratorBase&, at::native::ConvertToFloat8E4M3fnOp<c10::BFloat16> const&)::{lambda(int)#1})	elementwise_copy	1.70	0.10	[32, 1, 1]
422	void at::native::elementwise_kernel<128, 4, at::native::gpu_kernel_impl_nocast<at::native::ConvertToFloat8E4M3fnOp<c10::BFloat16> >(at::TensorIteratorBase&, at::native::ConvertToFloat8E4M3fnOp<c10::BFloat16> const&)::{lambda(int)#1}>(int, at::native::gpu_kernel_impl_nocast<at::native::ConvertToFloat8E4M3fnOp<c10::BFloat16> >(at::TensorIteratorBase&, at::native::ConvertToFloat8E4M3fnOp<c10::BFloat16> const&)::{lambda(int)#1})	elementwise_copy	1.63	0.10	[32, 1, 1]
423	void sglang::store_kvcache_kernel<2048l, 2048l, 128u, true, long>(sglang::StoreKVCacheParams)	norm_rope_kv	1.02	0.22	[32, 1, 1]
424	_fwd_grouped_kernel_stage1	attention	28.74	0.10	[8, 8, 8]
425	_fwd_kernel_stage2	attention	2.14	0.22	[8, 16, 1]
426	void sglang::per_token_quant_fp8_cta_kernel<__nv_bfloat16, 8>(__nv_bfloat16 const*, __nv_fp8_e4m3*, float*, unsigned int)	act_quant	1.73	0.13	[8, 1, 1]
427	_ZN7cutlass13device_kernelINS_4gemm6kernel13GemmUniversalIN4cute5tupleIJiiiiEEENS1_10collective13CollectiveMmaINS1_31MainloopSm120TmaWarpSpecializedILi2ELi2ENS5_IJNS4_1CILi1EEESB_SB_EEENS1_40KernelTmaWarpSpecializedCooperativeSm120ILi2EEEEENS5_IJNSA_ILi128EEESG_SG_EEENS_12float_e4m3_tENS5_IJlSB_lEEESI_SJ_NS4_8TiledMMAINS4_8MMA_AtomIJNS4_16SM120_16x8x32_TNISI_SI_fEEEEENS4_6LayoutINS5_IJNSA_ILi4EEENSA_ILi2EEESB_EEENS5_IJSB_SQ_NSA_ILi0EEEEEEEENS5_IJSG_NSA_ILi32EEESW_EEEEENS4_13SM90_TMA_LOADENS4_14ComposedLayoutINS4_7SwizzleILi3ELi4ELi3EEENS4_18smem_ptr_flag_bitsILi8EEENSP_INS5_IJNSA_ILi8EEESG_EEENS5_IJSG_SB_EEEEEEENS4_9Copy_AtomIJNS4_17SM75_U32x4_LDSM_NEhEEENS4_8identityESZ_S19_S1C_S1D_EENS_8epilogue10collective18CollectiveEpilogueINS1F_22Sm90TmaWarpSpecializedILi2ELi2ELi4ELb0ELb1EEEJSH_NS5_IJNSA_ILi64EEESW_EEEvSJ_NS_10bfloat16_tESJ_NS1F_6fusion15Sm90TreeVisitorINS1N_11Sm90ComputeINS_10multipliesES1M_fLNS_15FloatRoundStyleE2EvEEJNS1N_16Sm90ColBroadcastILi0ESH_ffNS5_IJSB_ST_ST_EEELi4ELb1EEENS1O_INS1P_IS1Q_ffLS1R_2EvEEJNS1N_16Sm90RowBroadcastILi0ESH_ffNS5_IJST_SB_ST_EEELi4ELb1EEENS1N_12Sm90AccFetchEEEEEEESZ_NS10_INS11_ILi2ELi4ELi3EEENS13_ILi16EEENSP_INS5_IJS15_SW_EEENS5_IJSW_SB_EEEEEEENS4_17SM75_U32x2_LDSM_NENS4_14SM90_TMA_STOREES28_NS4_17SM90_U32x2_STSM_NENS1A_IJS2B_NS_6half_tEEEEvEEEvvEEEEvNT_6ParamsE	dense_gemm	49.86	0.10	[1, 22, 1]
428	kernel_cutlass_kernel_flashinfernormkernelsrmsnormRMSNormKernel_object_at__tensorptrbf16gmemalign128oi64281628161_tensorptrbf16gmemalign16o28161_tensorptrbf16gmemalign128oi64281628161___T_0	norm_rope_kv	2.50	-0.22	[2, 1, 1]
429	kernel_cutlass_kernel_flashinfernormkernelsfused_add_rmsnormFusedAddRMSNormKernel_object_at__tensorptrbf16gmemalign128oi64281628161_tensorptrbf16gmemalign128oi64281628161_tensorptrbf16gme_0	norm_rope_kv	2.43	0.10	[2, 1, 1]
430	void sglang::per_token_quant_fp8_cta_kernel<__nv_bfloat16, 8>(__nv_bfloat16 const*, __nv_fp8_e4m3*, float*, unsigned int)	act_quant	1.50	0.10	[8, 1, 1]
431	_ZN7cutlass13device_kernelINS_4gemm6kernel13GemmUniversalIN4cute5tupleIJiiiiEEENS1_10collective13CollectiveMmaINS1_31MainloopSm120TmaWarpSpecializedILi2ELi2ENS5_IJNS4_1CILi1EEESB_SB_EEENS1_40KernelTmaWarpSpecializedCooperativeSm120ILi2EEEEENS5_IJNSA_ILi128EEESG_SG_EEENS_12float_e4m3_tENS5_IJlSB_lEEESI_SJ_NS4_8TiledMMAINS4_8MMA_AtomIJNS4_16SM120_16x8x32_TNISI_SI_fEEEEENS4_6LayoutINS5_IJNSA_ILi4EEENSA_ILi2EEESB_EEENS5_IJSB_SQ_NSA_ILi0EEEEEEEENS5_IJSG_NSA_ILi32EEESW_EEEEENS4_13SM90_TMA_LOADENS4_14ComposedLayoutINS4_7SwizzleILi3ELi4ELi3EEENS4_18smem_ptr_flag_bitsILi8EEENSP_INS5_IJNSA_ILi8EEESG_EEENS5_IJSG_SB_EEEEEEENS4_9Copy_AtomIJNS4_17SM75_U32x4_LDSM_NEhEEENS4_8identityESZ_S19_S1C_S1D_EENS_8epilogue10collective18CollectiveEpilogueINS1F_22Sm90TmaWarpSpecializedILi2ELi2ELi4ELb0ELb1EEEJSH_NS5_IJNSA_ILi64EEESW_EEEvSJ_NS_10bfloat16_tESJ_NS1F_6fusion15Sm90TreeVisitorINS1N_11Sm90ComputeINS_10multipliesES1M_fLNS_15FloatRoundStyleE2EvEEJNS1N_16Sm90ColBroadcastILi0ESH_ffNS5_IJSB_ST_ST_EEELi4ELb1EEENS1O_INS1P_IS1Q_ffLS1R_2EvEEJNS1N_16Sm90RowBroadcastILi0ESH_ffNS5_IJST_SB_ST_EEELi4ELb1EEENS1N_12Sm90AccFetchEEEEEEESZ_NS10_INS11_ILi2ELi4ELi3EEENS13_ILi16EEENSP_INS5_IJS15_SW_EEENS5_IJSW_SB_EEEEEEENS4_17SM75_U32x2_LDSM_NENS4_14SM90_TMA_STOREES28_NS4_17SM90_U32x2_STSM_NENS1A_IJS2B_NS_6half_tEEEEvEEEvvEEEEvNT_6ParamsE	dense_gemm	35.58	0.10	[1, 33, 1]
432	void sglang::act_and_mul_kernel<__nv_bfloat16, (sglang::ActivationKind)2, true, false, false, false>(sglang::ActivationParams)	elementwise_copy	1.47	0.22	[5, 1, 1]
433	void sglang::per_token_quant_fp8_cta_kernel<__nv_bfloat16, 8>(__nv_bfloat16 const*, __nv_fp8_e4m3*, float*, unsigned int)	act_quant	1.50	0.06	[8, 1, 1]
434	_ZN7cutlass13device_kernelINS_4gemm6kernel13GemmUniversalIN4cute5tupleIJiiiiEEENS1_10collective13CollectiveMmaINS1_31MainloopSm120TmaWarpSpecializedILi2ELi2ENS5_IJNS4_1CILi1EEESB_SB_EEENS1_40KernelTmaWarpSpecializedCooperativeSm120ILi2EEEEENS5_IJNSA_ILi128EEESG_SG_EEENS_12float_e4m3_tENS5_IJlSB_lEEESI_SJ_NS4_8TiledMMAINS4_8MMA_AtomIJNS4_16SM120_16x8x32_TNISI_SI_fEEEEENS4_6LayoutINS5_IJNSA_ILi4EEENSA_ILi2EEESB_EEENS5_IJSB_SQ_NSA_ILi0EEEEEEEENS5_IJSG_NSA_ILi32EEESW_EEEEENS4_13SM90_TMA_LOADENS4_14ComposedLayoutINS4_7SwizzleILi3ELi4ELi3EEENS4_18smem_ptr_flag_bitsILi8EEENSP_INS5_IJNSA_ILi8EEESG_EEENS5_IJSG_SB_EEEEEEENS4_9Copy_AtomIJNS4_17SM75_U32x4_LDSM_NEhEEENS4_8identityESZ_S19_S1C_S1D_EENS_8epilogue10collective18CollectiveEpilogueINS1F_22Sm90TmaWarpSpecializedILi2ELi2ELi4ELb0ELb1EEEJSH_NS5_IJNSA_ILi64EEESW_EEEvSJ_NS_10bfloat16_tESJ_NS1F_6fusion15Sm90TreeVisitorINS1N_11Sm90ComputeINS_10multipliesES1M_fLNS_15FloatRoundStyleE2EvEEJNS1N_16Sm90ColBroadcastILi0ESH_ffNS5_IJSB_ST_ST_EEELi4ELb1EEENS1O_INS1P_IS1Q_ffLS1R_2EvEEJNS1N_16Sm90RowBroadcastILi0ESH_ffNS5_IJST_SB_ST_EEELi4ELb1EEENS1N_12Sm90AccFetchEEEEEEESZ_NS10_INS11_ILi2ELi4ELi3EEENS13_ILi16EEENSP_INS5_IJS15_SW_EEENS5_IJSW_SB_EEEEEEENS4_17SM75_U32x2_LDSM_NENS4_14SM90_TMA_STOREES28_NS4_17SM90_U32x2_STSM_NENS1A_IJS2B_NS_6half_tEEEEvEEEvvEEEEvNT_6ParamsE	dense_gemm	28.00	0.10	[1, 22, 1]
435	kernel_cutlass_kernel_flashinfernormkernelsrmsnormRMSNormKernel_object_at__tensorptrbf16gmemalign128oi64281628161_tensorptrbf16gmemalign16o28161_tensorptrbf16gmemalign128oi64281628161___T_0	norm_rope_kv	2.34	0.22	[2, 1, 1]
436	void cutlass::Kernel2<cutlass_80_wmma_tensorop_bf16_s161616gemm_bf16_16x16_128x2_tn_align8>(cutlass_80_wmma_tensorop_bf16_s161616gemm_bf16_16x16_128x2_tn_align8::Params)	dense_gemm	3.26	0.10	[8, 1, 9]
437	void cublasLt::splitKreduce_kernel<32, 16, int, __nv_bfloat16, __nv_bfloat16, float, __nv_bfloat16, false, __nv_bfloat16, __nv_bfloat16, __nv_bfloat16, true, false, false, false>(cublasLt::cublasSplitKParams<float>, __nv_bfloat16 const*, __nv_bfloat16 const*, __nv_bfloat16*, __nv_bfloat16*, float const*, float const*, __nv_bfloat16 const*, __nv_bfloat16 const*, __nv_bfloat16*, void*, long, float*, int*, float*, float*, float const*, float const*, float const*, float const*, float const*)	dense_gemm	1.25	0.10	[4, 1, 1]
438	kernel_cutlass_kernel_flashinfernormkernelsrmsnormRMSNormKernel_object_at__tensorptrbf16gmemalign128oi64281628161_tensorptrbf16gmemalign16o28161_tensorptrbf16gmemalign128oi64281628161___T_0	norm_rope_kv	2.46	-0.29	[2, 1, 1]
439	_gemma4_routing_kernel	moe_route	1.76	0.10	[8, 1, 1]
440	_moe_align_small_numel_kernel	moe_route	3.39	0.22	[1, 1, 1]
441	void sglang::per_token_quant_fp8_cta_kernel<__nv_bfloat16, 8>(__nv_bfloat16 const*, __nv_fp8_e4m3*, float*, unsigned int)	act_quant	1.67	0.06	[8, 1, 1]
442	fused_moe_kernel	moe_gemm	118.85	-0.19	[704, 1, 1]
443	void sglang::act_and_mul_kernel<__nv_bfloat16, (sglang::ActivationKind)1, true, false, false, false>(sglang::ActivationParams)	elementwise_copy	9.82	-8.42	[11, 1, 1]
444	void sglang::per_token_quant_fp8_cta_kernel<__nv_bfloat16, 8>(__nv_bfloat16 const*, __nv_fp8_e4m3*, float*, unsigned int)	act_quant	1.57	0.06	[64, 1, 1]
445	fused_moe_kernel	moe_gemm	61.28	-0.35	[1408, 1, 1]
446	_moe_sum_reduce_kernel	moe_route	3.36	-2.24	[8, 2, 1]
447	_gemma_dual_rmsnorm_residual_kernel	norm_rope_kv	2.27	0.10	[8, 1, 1]
448	kernel_cutlass_kernel_flashinfernormkernelsrmsnormRMSNormKernel_object_at__tensorptrbf16gmemalign128oi64281628161_tensorptrbf16gmemalign16o28161_tensorptrbf16gmemalign128oi64281628161___T_0	norm_rope_kv	2.40	0.22	[2, 1, 1]
449	void sglang::per_token_quant_fp8_cta_kernel<__nv_bfloat16, 8>(__nv_bfloat16 const*, __nv_fp8_e4m3*, float*, unsigned int)	act_quant	1.47	0.13	[8, 1, 1]
450	_ZN7cutlass13device_kernelINS_4gemm6kernel13GemmUniversalIN4cute5tupleIJiiiiEEENS1_10collective13CollectiveMmaINS1_31MainloopSm120TmaWarpSpecializedILi2ELi2ENS5_IJNS4_1CILi1EEESB_SB_EEENS1_40KernelTmaWarpSpecializedCooperativeSm120ILi2EEEEENS5_IJNSA_ILi128EEESG_SG_EEENS_12float_e4m3_tENS5_IJlSB_lEEESI_SJ_NS4_8TiledMMAINS4_8MMA_AtomIJNS4_16SM120_16x8x32_TNISI_SI_fEEEEENS4_6LayoutINS5_IJNSA_ILi4EEENSA_ILi2EEESB_EEENS5_IJSB_SQ_NSA_ILi0EEEEEEEENS5_IJSG_NSA_ILi32EEESW_EEEEENS4_13SM90_TMA_LOADENS4_14ComposedLayoutINS4_7SwizzleILi3ELi4ELi3EEENS4_18smem_ptr_flag_bitsILi8EEENSP_INS5_IJNSA_ILi8EEESG_EEENS5_IJSG_SB_EEEEEEENS4_9Copy_AtomIJNS4_17SM75_U32x4_LDSM_NEhEEENS4_8identityESZ_S19_S1C_S1D_EENS_8epilogue10collective18CollectiveEpilogueINS1F_22Sm90TmaWarpSpecializedILi2ELi2ELi4ELb0ELb1EEEJSH_NS5_IJNSA_ILi64EEESW_EEEvSJ_NS_10bfloat16_tESJ_NS1F_6fusion15Sm90TreeVisitorINS1N_11Sm90ComputeINS_10multipliesES1M_fLNS_15FloatRoundStyleE2EvEEJNS1N_16Sm90ColBroadcastILi0ESH_ffNS5_IJSB_ST_ST_EEELi4ELb1EEENS1O_INS1P_IS1Q_ffLS1R_2EvEEJNS1N_16Sm90RowBroadcastILi0ESH_ffNS5_IJST_SB_ST_EEELi4ELb1EEENS1N_12Sm90AccFetchEEEEEEESZ_NS10_INS11_ILi2ELi4ELi3EEENS13_ILi16EEENSP_INS5_IJS15_SW_EEENS5_IJSW_SB_EEEEEEENS4_17SM75_U32x2_LDSM_NENS4_14SM90_TMA_STOREES28_NS4_17SM90_U32x2_STSM_NENS1A_IJS2B_NS_6half_tEEEEvEEEvvEEEEvNT_6ParamsE	dense_gemm	36.03	0.10	[1, 64, 1]
451	_gemma_qkv_rmsnorm_kernel	norm_rope_kv	1.54	0.13	[8, 32, 1]
452	void sglang::fused_rope_kernel<true, 256l, true, __nv_bfloat16, __nv_bfloat16, long, 32u>(sglang::FusedRopeParams)	norm_rope_kv	1.50	0.22	[48, 1, 1]
453	void at::native::elementwise_kernel<128, 4, at::native::gpu_kernel_impl_nocast<at::native::BUnaryFunctor<c10::BFloat16, c10::BFloat16, c10::BFloat16, at::native::binary_internal::MulFunctor<float> > >(at::TensorIteratorBase&, at::native::BUnaryFunctor<c10::BFloat16, c10::BFloat16, c10::BFloat16, at::native::binary_internal::MulFunctor<float> > const&)::{lambda(int)#1}>(int, at::native::gpu_kernel_impl_nocast<at::native::BUnaryFunctor<c10::BFloat16, c10::BFloat16, c10::BFloat16, at::native::binary_internal::MulFunctor<float> > >(at::TensorIteratorBase&, at::native::BUnaryFunctor<c10::BFloat16, c10::BFloat16, c10::BFloat16, at::native::binary_internal::MulFunctor<float> > const&)::{lambda(int)#1})	elementwise_copy	1.73	0.10	[32, 1, 1]
454	void at::native::elementwise_kernel<128, 4, at::native::gpu_kernel_impl_nocast<at::native::BUnaryFunctor<c10::BFloat16, c10::BFloat16, c10::BFloat16, at::native::binary_internal::MulFunctor<float> > >(at::TensorIteratorBase&, at::native::BUnaryFunctor<c10::BFloat16, c10::BFloat16, c10::BFloat16, at::native::binary_internal::MulFunctor<float> > const&)::{lambda(int)#1}>(int, at::native::gpu_kernel_impl_nocast<at::native::BUnaryFunctor<c10::BFloat16, c10::BFloat16, c10::BFloat16, at::native::binary_internal::MulFunctor<float> > >(at::TensorIteratorBase&, at::native::BUnaryFunctor<c10::BFloat16, c10::BFloat16, c10::BFloat16, at::native::binary_internal::MulFunctor<float> > const&)::{lambda(int)#1})	elementwise_copy	1.47	0.06	[32, 1, 1]
455	void at::native::elementwise_kernel<128, 4, at::native::gpu_kernel_impl_nocast<at::native::ConvertToFloat8E4M3fnOp<c10::BFloat16> >(at::TensorIteratorBase&, at::native::ConvertToFloat8E4M3fnOp<c10::BFloat16> const&)::{lambda(int)#1}>(int, at::native::gpu_kernel_impl_nocast<at::native::ConvertToFloat8E4M3fnOp<c10::BFloat16> >(at::TensorIteratorBase&, at::native::ConvertToFloat8E4M3fnOp<c10::BFloat16> const&)::{lambda(int)#1})	elementwise_copy	1.66	0.10	[32, 1, 1]
456	void at::native::elementwise_kernel<128, 4, at::native::gpu_kernel_impl_nocast<at::native::ConvertToFloat8E4M3fnOp<c10::BFloat16> >(at::TensorIteratorBase&, at::native::ConvertToFloat8E4M3fnOp<c10::BFloat16> const&)::{lambda(int)#1}>(int, at::native::gpu_kernel_impl_nocast<at::native::ConvertToFloat8E4M3fnOp<c10::BFloat16> >(at::TensorIteratorBase&, at::native::ConvertToFloat8E4M3fnOp<c10::BFloat16> const&)::{lambda(int)#1})	elementwise_copy	1.57	0.10	[32, 1, 1]
457	void sglang::store_kvcache_kernel<2048l, 2048l, 128u, true, long>(sglang::StoreKVCacheParams)	norm_rope_kv	1.06	0.22	[32, 1, 1]
458	_fwd_grouped_kernel_stage1	attention	29.22	0.09	[8, 8, 8]
459	_fwd_kernel_stage2	attention	2.18	0.22	[8, 16, 1]
460	void sglang::per_token_quant_fp8_cta_kernel<__nv_bfloat16, 8>(__nv_bfloat16 const*, __nv_fp8_e4m3*, float*, unsigned int)	act_quant	1.79	0.10	[8, 1, 1]
461	_ZN7cutlass13device_kernelINS_4gemm6kernel13GemmUniversalIN4cute5tupleIJiiiiEEENS1_10collective13CollectiveMmaINS1_31MainloopSm120TmaWarpSpecializedILi2ELi2ENS5_IJNS4_1CILi1EEESB_SB_EEENS1_40KernelTmaWarpSpecializedCooperativeSm120ILi2EEEEENS5_IJNSA_ILi128EEESG_SG_EEENS_12float_e4m3_tENS5_IJlSB_lEEESI_SJ_NS4_8TiledMMAINS4_8MMA_AtomIJNS4_16SM120_16x8x32_TNISI_SI_fEEEEENS4_6LayoutINS5_IJNSA_ILi4EEENSA_ILi2EEESB_EEENS5_IJSB_SQ_NSA_ILi0EEEEEEEENS5_IJSG_NSA_ILi32EEESW_EEEEENS4_13SM90_TMA_LOADENS4_14ComposedLayoutINS4_7SwizzleILi3ELi4ELi3EEENS4_18smem_ptr_flag_bitsILi8EEENSP_INS5_IJNSA_ILi8EEESG_EEENS5_IJSG_SB_EEEEEEENS4_9Copy_AtomIJNS4_17SM75_U32x4_LDSM_NEhEEENS4_8identityESZ_S19_S1C_S1D_EENS_8epilogue10collective18CollectiveEpilogueINS1F_22Sm90TmaWarpSpecializedILi2ELi2ELi4ELb0ELb1EEEJSH_NS5_IJNSA_ILi64EEESW_EEEvSJ_NS_10bfloat16_tESJ_NS1F_6fusion15Sm90TreeVisitorINS1N_11Sm90ComputeINS_10multipliesES1M_fLNS_15FloatRoundStyleE2EvEEJNS1N_16Sm90ColBroadcastILi0ESH_ffNS5_IJSB_ST_ST_EEELi4ELb1EEENS1O_INS1P_IS1Q_ffLS1R_2EvEEJNS1N_16Sm90RowBroadcastILi0ESH_ffNS5_IJST_SB_ST_EEELi4ELb1EEENS1N_12Sm90AccFetchEEEEEEESZ_NS10_INS11_ILi2ELi4ELi3EEENS13_ILi16EEENSP_INS5_IJS15_SW_EEENS5_IJSW_SB_EEEEEEENS4_17SM75_U32x2_LDSM_NENS4_14SM90_TMA_STOREES28_NS4_17SM90_U32x2_STSM_NENS1A_IJS2B_NS_6half_tEEEEvEEEvvEEEEvNT_6ParamsE	dense_gemm	50.27	0.07	[1, 22, 1]
462	kernel_cutlass_kernel_flashinfernormkernelsrmsnormRMSNormKernel_object_at__tensorptrbf16gmemalign128oi64281628161_tensorptrbf16gmemalign16o28161_tensorptrbf16gmemalign128oi64281628161___T_0	norm_rope_kv	2.59	-0.26	[2, 1, 1]
463	kernel_cutlass_kernel_flashinfernormkernelsfused_add_rmsnormFusedAddRMSNormKernel_object_at__tensorptrbf16gmemalign128oi64281628161_tensorptrbf16gmemalign128oi64281628161_tensorptrbf16gme_0	norm_rope_kv	2.50	0.06	[2, 1, 1]
464	void sglang::per_token_quant_fp8_cta_kernel<__nv_bfloat16, 8>(__nv_bfloat16 const*, __nv_fp8_e4m3*, float*, unsigned int)	act_quant	1.50	0.10	[8, 1, 1]
465	_ZN7cutlass13device_kernelINS_4gemm6kernel13GemmUniversalIN4cute5tupleIJiiiiEEENS1_10collective13CollectiveMmaINS1_31MainloopSm120TmaWarpSpecializedILi2ELi2ENS5_IJNS4_1CILi1EEESB_SB_EEENS1_40KernelTmaWarpSpecializedCooperativeSm120ILi2EEEEENS5_IJNSA_ILi128EEESG_SG_EEENS_12float_e4m3_tENS5_IJlSB_lEEESI_SJ_NS4_8TiledMMAINS4_8MMA_AtomIJNS4_16SM120_16x8x32_TNISI_SI_fEEEEENS4_6LayoutINS5_IJNSA_ILi4EEENSA_ILi2EEESB_EEENS5_IJSB_SQ_NSA_ILi0EEEEEEEENS5_IJSG_NSA_ILi32EEESW_EEEEENS4_13SM90_TMA_LOADENS4_14ComposedLayoutINS4_7SwizzleILi3ELi4ELi3EEENS4_18smem_ptr_flag_bitsILi8EEENSP_INS5_IJNSA_ILi8EEESG_EEENS5_IJSG_SB_EEEEEEENS4_9Copy_AtomIJNS4_17SM75_U32x4_LDSM_NEhEEENS4_8identityESZ_S19_S1C_S1D_EENS_8epilogue10collective18CollectiveEpilogueINS1F_22Sm90TmaWarpSpecializedILi2ELi2ELi4ELb0ELb1EEEJSH_NS5_IJNSA_ILi64EEESW_EEEvSJ_NS_10bfloat16_tESJ_NS1F_6fusion15Sm90TreeVisitorINS1N_11Sm90ComputeINS_10multipliesES1M_fLNS_15FloatRoundStyleE2EvEEJNS1N_16Sm90ColBroadcastILi0ESH_ffNS5_IJSB_ST_ST_EEELi4ELb1EEENS1O_INS1P_IS1Q_ffLS1R_2EvEEJNS1N_16Sm90RowBroadcastILi0ESH_ffNS5_IJST_SB_ST_EEELi4ELb1EEENS1N_12Sm90AccFetchEEEEEEESZ_NS10_INS11_ILi2ELi4ELi3EEENS13_ILi16EEENSP_INS5_IJS15_SW_EEENS5_IJSW_SB_EEEEEEENS4_17SM75_U32x2_LDSM_NENS4_14SM90_TMA_STOREES28_NS4_17SM90_U32x2_STSM_NENS1A_IJS2B_NS_6half_tEEEEvEEEvvEEEEvNT_6ParamsE	dense_gemm	35.52	0.10	[1, 33, 1]
466	void sglang::act_and_mul_kernel<__nv_bfloat16, (sglang::ActivationKind)2, true, false, false, false>(sglang::ActivationParams)	elementwise_copy	1.44	0.22	[5, 1, 1]
467	void sglang::per_token_quant_fp8_cta_kernel<__nv_bfloat16, 8>(__nv_bfloat16 const*, __nv_fp8_e4m3*, float*, unsigned int)	act_quant	1.47	0.10	[8, 1, 1]
468	_ZN7cutlass13device_kernelINS_4gemm6kernel13GemmUniversalIN4cute5tupleIJiiiiEEENS1_10collective13CollectiveMmaINS1_31MainloopSm120TmaWarpSpecializedILi2ELi2ENS5_IJNS4_1CILi1EEESB_SB_EEENS1_40KernelTmaWarpSpecializedCooperativeSm120ILi2EEEEENS5_IJNSA_ILi128EEESG_SG_EEENS_12float_e4m3_tENS5_IJlSB_lEEESI_SJ_NS4_8TiledMMAINS4_8MMA_AtomIJNS4_16SM120_16x8x32_TNISI_SI_fEEEEENS4_6LayoutINS5_IJNSA_ILi4EEENSA_ILi2EEESB_EEENS5_IJSB_SQ_NSA_ILi0EEEEEEEENS5_IJSG_NSA_ILi32EEESW_EEEEENS4_13SM90_TMA_LOADENS4_14ComposedLayoutINS4_7SwizzleILi3ELi4ELi3EEENS4_18smem_ptr_flag_bitsILi8EEENSP_INS5_IJNSA_ILi8EEESG_EEENS5_IJSG_SB_EEEEEEENS4_9Copy_AtomIJNS4_17SM75_U32x4_LDSM_NEhEEENS4_8identityESZ_S19_S1C_S1D_EENS_8epilogue10collective18CollectiveEpilogueINS1F_22Sm90TmaWarpSpecializedILi2ELi2ELi4ELb0ELb1EEEJSH_NS5_IJNSA_ILi64EEESW_EEEvSJ_NS_10bfloat16_tESJ_NS1F_6fusion15Sm90TreeVisitorINS1N_11Sm90ComputeINS_10multipliesES1M_fLNS_15FloatRoundStyleE2EvEEJNS1N_16Sm90ColBroadcastILi0ESH_ffNS5_IJSB_ST_ST_EEELi4ELb1EEENS1O_INS1P_IS1Q_ffLS1R_2EvEEJNS1N_16Sm90RowBroadcastILi0ESH_ffNS5_IJST_SB_ST_EEELi4ELb1EEENS1N_12Sm90AccFetchEEEEEEESZ_NS10_INS11_ILi2ELi4ELi3EEENS13_ILi16EEENSP_INS5_IJS15_SW_EEENS5_IJSW_SB_EEEEEEENS4_17SM75_U32x2_LDSM_NENS4_14SM90_TMA_STOREES28_NS4_17SM90_U32x2_STSM_NENS1A_IJS2B_NS_6half_tEEEEvEEEvvEEEEvNT_6ParamsE	dense_gemm	28.48	0.10	[1, 22, 1]
469	kernel_cutlass_kernel_flashinfernormkernelsrmsnormRMSNormKernel_object_at__tensorptrbf16gmemalign128oi64281628161_tensorptrbf16gmemalign16o28161_tensorptrbf16gmemalign128oi64281628161___T_0	norm_rope_kv	2.37	0.19	[2, 1, 1]
470	void cutlass::Kernel2<cutlass_80_wmma_tensorop_bf16_s161616gemm_bf16_16x16_128x2_tn_align8>(cutlass_80_wmma_tensorop_bf16_s161616gemm_bf16_16x16_128x2_tn_align8::Params)	dense_gemm	3.30	0.10	[8, 1, 9]
471	void cublasLt::splitKreduce_kernel<32, 16, int, __nv_bfloat16, __nv_bfloat16, float, __nv_bfloat16, false, __nv_bfloat16, __nv_bfloat16, __nv_bfloat16, true, false, false, false>(cublasLt::cublasSplitKParams<float>, __nv_bfloat16 const*, __nv_bfloat16 const*, __nv_bfloat16*, __nv_bfloat16*, float const*, float const*, __nv_bfloat16 const*, __nv_bfloat16 const*, __nv_bfloat16*, void*, long, float*, int*, float*, float*, float const*, float const*, float const*, float const*, float const*)	dense_gemm	1.28	0.10	[4, 1, 1]
472	kernel_cutlass_kernel_flashinfernormkernelsrmsnormRMSNormKernel_object_at__tensorptrbf16gmemalign128oi64281628161_tensorptrbf16gmemalign16o28161_tensorptrbf16gmemalign128oi64281628161___T_0	norm_rope_kv	2.43	-0.32	[2, 1, 1]
473	_gemma4_routing_kernel	moe_route	1.82	0.10	[8, 1, 1]
474	_moe_align_small_numel_kernel	moe_route	3.39	0.19	[1, 1, 1]
475	void sglang::per_token_quant_fp8_cta_kernel<__nv_bfloat16, 8>(__nv_bfloat16 const*, __nv_fp8_e4m3*, float*, unsigned int)	act_quant	1.70	0.10	[8, 1, 1]
476	fused_moe_kernel	moe_gemm	119.81	-0.22	[704, 1, 1]
477	void sglang::act_and_mul_kernel<__nv_bfloat16, (sglang::ActivationKind)1, true, false, false, false>(sglang::ActivationParams)	elementwise_copy	10.88	-9.51	[11, 1, 1]
478	void sglang::per_token_quant_fp8_cta_kernel<__nv_bfloat16, 8>(__nv_bfloat16 const*, __nv_fp8_e4m3*, float*, unsigned int)	act_quant	1.44	0.09	[64, 1, 1]
479	fused_moe_kernel	moe_gemm	61.44	-0.22	[1408, 1, 1]
480	_moe_sum_reduce_kernel	moe_route	2.85	-1.95	[8, 2, 1]
481	_gemma_dual_rmsnorm_residual_kernel	norm_rope_kv	2.34	0.10	[8, 1, 1]
482	kernel_cutlass_kernel_flashinfernormkernelsrmsnormRMSNormKernel_object_at__tensorptrbf16gmemalign128oi64281628161_tensorptrbf16gmemalign16o28161_tensorptrbf16gmemalign128oi64281628161___T_0	norm_rope_kv	2.37	0.22	[2, 1, 1]
483	void sglang::per_token_quant_fp8_cta_kernel<__nv_bfloat16, 8>(__nv_bfloat16 const*, __nv_fp8_e4m3*, float*, unsigned int)	act_quant	1.47	0.10	[8, 1, 1]
484	_ZN7cutlass13device_kernelINS_4gemm6kernel13GemmUniversalIN4cute5tupleIJiiiiEEENS1_10collective13CollectiveMmaINS1_31MainloopSm120TmaWarpSpecializedILi2ELi2ENS5_IJNS4_1CILi1EEESB_SB_EEENS1_40KernelTmaWarpSpecializedCooperativeSm120ILi2EEEEENS5_IJNSA_ILi128EEESG_SG_EEENS_12float_e4m3_tENS5_IJlSB_lEEESI_SJ_NS4_8TiledMMAINS4_8MMA_AtomIJNS4_16SM120_16x8x32_TNISI_SI_fEEEEENS4_6LayoutINS5_IJNSA_ILi4EEENSA_ILi2EEESB_EEENS5_IJSB_SQ_NSA_ILi0EEEEEEEENS5_IJSG_NSA_ILi32EEESW_EEEEENS4_13SM90_TMA_LOADENS4_14ComposedLayoutINS4_7SwizzleILi3ELi4ELi3EEENS4_18smem_ptr_flag_bitsILi8EEENSP_INS5_IJNSA_ILi8EEESG_EEENS5_IJSG_SB_EEEEEEENS4_9Copy_AtomIJNS4_17SM75_U32x4_LDSM_NEhEEENS4_8identityESZ_S19_S1C_S1D_EENS_8epilogue10collective18CollectiveEpilogueINS1F_22Sm90TmaWarpSpecializedILi2ELi2ELi4ELb0ELb1EEEJSH_NS5_IJNSA_ILi64EEESW_EEEvSJ_NS_10bfloat16_tESJ_NS1F_6fusion15Sm90TreeVisitorINS1N_11Sm90ComputeINS_10multipliesES1M_fLNS_15FloatRoundStyleE2EvEEJNS1N_16Sm90ColBroadcastILi0ESH_ffNS5_IJSB_ST_ST_EEELi4ELb1EEENS1O_INS1P_IS1Q_ffLS1R_2EvEEJNS1N_16Sm90RowBroadcastILi0ESH_ffNS5_IJST_SB_ST_EEELi4ELb1EEENS1N_12Sm90AccFetchEEEEEEESZ_NS10_INS11_ILi2ELi4ELi3EEENS13_ILi16EEENSP_INS5_IJS15_SW_EEENS5_IJSW_SB_EEEEEEENS4_17SM75_U32x2_LDSM_NENS4_14SM90_TMA_STOREES28_NS4_17SM90_U32x2_STSM_NENS1A_IJS2B_NS_6half_tEEEEvEEEvvEEEEvNT_6ParamsE	dense_gemm	36.10	0.10	[1, 64, 1]
485	_gemma_qkv_rmsnorm_kernel	norm_rope_kv	1.54	0.10	[8, 32, 1]
486	void sglang::fused_rope_kernel<true, 256l, true, __nv_bfloat16, __nv_bfloat16, long, 32u>(sglang::FusedRopeParams)	norm_rope_kv	1.44	0.22	[48, 1, 1]
487	void at::native::elementwise_kernel<128, 4, at::native::gpu_kernel_impl_nocast<at::native::BUnaryFunctor<c10::BFloat16, c10::BFloat16, c10::BFloat16, at::native::binary_internal::MulFunctor<float> > >(at::TensorIteratorBase&, at::native::BUnaryFunctor<c10::BFloat16, c10::BFloat16, c10::BFloat16, at::native::binary_internal::MulFunctor<float> > const&)::{lambda(int)#1}>(int, at::native::gpu_kernel_impl_nocast<at::native::BUnaryFunctor<c10::BFloat16, c10::BFloat16, c10::BFloat16, at::native::binary_internal::MulFunctor<float> > >(at::TensorIteratorBase&, at::native::BUnaryFunctor<c10::BFloat16, c10::BFloat16, c10::BFloat16, at::native::binary_internal::MulFunctor<float> > const&)::{lambda(int)#1})	elementwise_copy	1.73	0.10	[32, 1, 1]
488	void at::native::elementwise_kernel<128, 4, at::native::gpu_kernel_impl_nocast<at::native::BUnaryFunctor<c10::BFloat16, c10::BFloat16, c10::BFloat16, at::native::binary_internal::MulFunctor<float> > >(at::TensorIteratorBase&, at::native::BUnaryFunctor<c10::BFloat16, c10::BFloat16, c10::BFloat16, at::native::binary_internal::MulFunctor<float> > const&)::{lambda(int)#1}>(int, at::native::gpu_kernel_impl_nocast<at::native::BUnaryFunctor<c10::BFloat16, c10::BFloat16, c10::BFloat16, at::native::binary_internal::MulFunctor<float> > >(at::TensorIteratorBase&, at::native::BUnaryFunctor<c10::BFloat16, c10::BFloat16, c10::BFloat16, at::native::binary_internal::MulFunctor<float> > const&)::{lambda(int)#1})	elementwise_copy	1.50	0.10	[32, 1, 1]
489	void at::native::elementwise_kernel<128, 4, at::native::gpu_kernel_impl_nocast<at::native::ConvertToFloat8E4M3fnOp<c10::BFloat16> >(at::TensorIteratorBase&, at::native::ConvertToFloat8E4M3fnOp<c10::BFloat16> const&)::{lambda(int)#1}>(int, at::native::gpu_kernel_impl_nocast<at::native::ConvertToFloat8E4M3fnOp<c10::BFloat16> >(at::TensorIteratorBase&, at::native::ConvertToFloat8E4M3fnOp<c10::BFloat16> const&)::{lambda(int)#1})	elementwise_copy	1.66	0.10	[32, 1, 1]
490	void at::native::elementwise_kernel<128, 4, at::native::gpu_kernel_impl_nocast<at::native::ConvertToFloat8E4M3fnOp<c10::BFloat16> >(at::TensorIteratorBase&, at::native::ConvertToFloat8E4M3fnOp<c10::BFloat16> const&)::{lambda(int)#1}>(int, at::native::gpu_kernel_impl_nocast<at::native::ConvertToFloat8E4M3fnOp<c10::BFloat16> >(at::TensorIteratorBase&, at::native::ConvertToFloat8E4M3fnOp<c10::BFloat16> const&)::{lambda(int)#1})	elementwise_copy	1.60	0.13	[32, 1, 1]
491	void sglang::store_kvcache_kernel<2048l, 2048l, 128u, true, long>(sglang::StoreKVCacheParams)	norm_rope_kv	1.06	0.22	[32, 1, 1]
492	_fwd_grouped_kernel_stage1	attention	29.06	0.06	[8, 8, 8]
493	_fwd_kernel_stage2	attention	2.18	0.22	[8, 16, 1]
494	void sglang::per_token_quant_fp8_cta_kernel<__nv_bfloat16, 8>(__nv_bfloat16 const*, __nv_fp8_e4m3*, float*, unsigned int)	act_quant	1.76	0.10	[8, 1, 1]
495	_ZN7cutlass13device_kernelINS_4gemm6kernel13GemmUniversalIN4cute5tupleIJiiiiEEENS1_10collective13CollectiveMmaINS1_31MainloopSm120TmaWarpSpecializedILi2ELi2ENS5_IJNS4_1CILi1EEESB_SB_EEENS1_40KernelTmaWarpSpecializedCooperativeSm120ILi2EEEEENS5_IJNSA_ILi128EEESG_SG_EEENS_12float_e4m3_tENS5_IJlSB_lEEESI_SJ_NS4_8TiledMMAINS4_8MMA_AtomIJNS4_16SM120_16x8x32_TNISI_SI_fEEEEENS4_6LayoutINS5_IJNSA_ILi4EEENSA_ILi2EEESB_EEENS5_IJSB_SQ_NSA_ILi0EEEEEEEENS5_IJSG_NSA_ILi32EEESW_EEEEENS4_13SM90_TMA_LOADENS4_14ComposedLayoutINS4_7SwizzleILi3ELi4ELi3EEENS4_18smem_ptr_flag_bitsILi8EEENSP_INS5_IJNSA_ILi8EEESG_EEENS5_IJSG_SB_EEEEEEENS4_9Copy_AtomIJNS4_17SM75_U32x4_LDSM_NEhEEENS4_8identityESZ_S19_S1C_S1D_EENS_8epilogue10collective18CollectiveEpilogueINS1F_22Sm90TmaWarpSpecializedILi2ELi2ELi4ELb0ELb1EEEJSH_NS5_IJNSA_ILi64EEESW_EEEvSJ_NS_10bfloat16_tESJ_NS1F_6fusion15Sm90TreeVisitorINS1N_11Sm90ComputeINS_10multipliesES1M_fLNS_15FloatRoundStyleE2EvEEJNS1N_16Sm90ColBroadcastILi0ESH_ffNS5_IJSB_ST_ST_EEELi4ELb1EEENS1O_INS1P_IS1Q_ffLS1R_2EvEEJNS1N_16Sm90RowBroadcastILi0ESH_ffNS5_IJST_SB_ST_EEELi4ELb1EEENS1N_12Sm90AccFetchEEEEEEESZ_NS10_INS11_ILi2ELi4ELi3EEENS13_ILi16EEENSP_INS5_IJS15_SW_EEENS5_IJSW_SB_EEEEEEENS4_17SM75_U32x2_LDSM_NENS4_14SM90_TMA_STOREES28_NS4_17SM90_U32x2_STSM_NENS1A_IJS2B_NS_6half_tEEEEvEEEvvEEEEvNT_6ParamsE	dense_gemm	49.57	0.10	[1, 22, 1]
496	kernel_cutlass_kernel_flashinfernormkernelsrmsnormRMSNormKernel_object_at__tensorptrbf16gmemalign128oi64281628161_tensorptrbf16gmemalign16o28161_tensorptrbf16gmemalign128oi64281628161___T_0	norm_rope_kv	2.69	-0.19	[2, 1, 1]
497	kernel_cutlass_kernel_flashinfernormkernelsfused_add_rmsnormFusedAddRMSNormKernel_object_at__tensorptrbf16gmemalign128oi64281628161_tensorptrbf16gmemalign128oi64281628161_tensorptrbf16gme_0	norm_rope_kv	2.53	0.06	[2, 1, 1]
498	void sglang::per_token_quant_fp8_cta_kernel<__nv_bfloat16, 8>(__nv_bfloat16 const*, __nv_fp8_e4m3*, float*, unsigned int)	act_quant	1.54	0.06	[8, 1, 1]
499	_ZN7cutlass13device_kernelINS_4gemm6kernel13GemmUniversalIN4cute5tupleIJiiiiEEENS1_10collective13CollectiveMmaINS1_31MainloopSm120TmaWarpSpecializedILi2ELi2ENS5_IJNS4_1CILi1EEESB_SB_EEENS1_40KernelTmaWarpSpecializedCooperativeSm120ILi2EEEEENS5_IJNSA_ILi128EEESG_SG_EEENS_12float_e4m3_tENS5_IJlSB_lEEESI_SJ_NS4_8TiledMMAINS4_8MMA_AtomIJNS4_16SM120_16x8x32_TNISI_SI_fEEEEENS4_6LayoutINS5_IJNSA_ILi4EEENSA_ILi2EEESB_EEENS5_IJSB_SQ_NSA_ILi0EEEEEEEENS5_IJSG_NSA_ILi32EEESW_EEEEENS4_13SM90_TMA_LOADENS4_14ComposedLayoutINS4_7SwizzleILi3ELi4ELi3EEENS4_18smem_ptr_flag_bitsILi8EEENSP_INS5_IJNSA_ILi8EEESG_EEENS5_IJSG_SB_EEEEEEENS4_9Copy_AtomIJNS4_17SM75_U32x4_LDSM_NEhEEENS4_8identityESZ_S19_S1C_S1D_EENS_8epilogue10collective18CollectiveEpilogueINS1F_22Sm90TmaWarpSpecializedILi2ELi2ELi4ELb0ELb1EEEJSH_NS5_IJNSA_ILi64EEESW_EEEvSJ_NS_10bfloat16_tESJ_NS1F_6fusion15Sm90TreeVisitorINS1N_11Sm90ComputeINS_10multipliesES1M_fLNS_15FloatRoundStyleE2EvEEJNS1N_16Sm90ColBroadcastILi0ESH_ffNS5_IJSB_ST_ST_EEELi4ELb1EEENS1O_INS1P_IS1Q_ffLS1R_2EvEEJNS1N_16Sm90RowBroadcastILi0ESH_ffNS5_IJST_SB_ST_EEELi4ELb1EEENS1N_12Sm90AccFetchEEEEEEESZ_NS10_INS11_ILi2ELi4ELi3EEENS13_ILi16EEENSP_INS5_IJS15_SW_EEENS5_IJSW_SB_EEEEEEENS4_17SM75_U32x2_LDSM_NENS4_14SM90_TMA_STOREES28_NS4_17SM90_U32x2_STSM_NENS1A_IJS2B_NS_6half_tEEEEvEEEvvEEEEvNT_6ParamsE	dense_gemm	35.55	0.10	[1, 33, 1]
500	void sglang::act_and_mul_kernel<__nv_bfloat16, (sglang::ActivationKind)2, true, false, false, false>(sglang::ActivationParams)	elementwise_copy	1.47	0.22	[5, 1, 1]
501	void sglang::per_token_quant_fp8_cta_kernel<__nv_bfloat16, 8>(__nv_bfloat16 const*, __nv_fp8_e4m3*, float*, unsigned int)	act_quant	1.50	0.07	[8, 1, 1]
502	_ZN7cutlass13device_kernelINS_4gemm6kernel13GemmUniversalIN4cute5tupleIJiiiiEEENS1_10collective13CollectiveMmaINS1_31MainloopSm120TmaWarpSpecializedILi2ELi2ENS5_IJNS4_1CILi1EEESB_SB_EEENS1_40KernelTmaWarpSpecializedCooperativeSm120ILi2EEEEENS5_IJNSA_ILi128EEESG_SG_EEENS_12float_e4m3_tENS5_IJlSB_lEEESI_SJ_NS4_8TiledMMAINS4_8MMA_AtomIJNS4_16SM120_16x8x32_TNISI_SI_fEEEEENS4_6LayoutINS5_IJNSA_ILi4EEENSA_ILi2EEESB_EEENS5_IJSB_SQ_NSA_ILi0EEEEEEEENS5_IJSG_NSA_ILi32EEESW_EEEEENS4_13SM90_TMA_LOADENS4_14ComposedLayoutINS4_7SwizzleILi3ELi4ELi3EEENS4_18smem_ptr_flag_bitsILi8EEENSP_INS5_IJNSA_ILi8EEESG_EEENS5_IJSG_SB_EEEEEEENS4_9Copy_AtomIJNS4_17SM75_U32x4_LDSM_NEhEEENS4_8identityESZ_S19_S1C_S1D_EENS_8epilogue10collective18CollectiveEpilogueINS1F_22Sm90TmaWarpSpecializedILi2ELi2ELi4ELb0ELb1EEEJSH_NS5_IJNSA_ILi64EEESW_EEEvSJ_NS_10bfloat16_tESJ_NS1F_6fusion15Sm90TreeVisitorINS1N_11Sm90ComputeINS_10multipliesES1M_fLNS_15FloatRoundStyleE2EvEEJNS1N_16Sm90ColBroadcastILi0ESH_ffNS5_IJSB_ST_ST_EEELi4ELb1EEENS1O_INS1P_IS1Q_ffLS1R_2EvEEJNS1N_16Sm90RowBroadcastILi0ESH_ffNS5_IJST_SB_ST_EEELi4ELb1EEENS1N_12Sm90AccFetchEEEEEEESZ_NS10_INS11_ILi2ELi4ELi3EEENS13_ILi16EEENSP_INS5_IJS15_SW_EEENS5_IJSW_SB_EEEEEEENS4_17SM75_U32x2_LDSM_NENS4_14SM90_TMA_STOREES28_NS4_17SM90_U32x2_STSM_NENS1A_IJS2B_NS_6half_tEEEEvEEEvvEEEEvNT_6ParamsE	dense_gemm	28.10	0.10	[1, 22, 1]
503	kernel_cutlass_kernel_flashinfernormkernelsrmsnormRMSNormKernel_object_at__tensorptrbf16gmemalign128oi64281628161_tensorptrbf16gmemalign16o28161_tensorptrbf16gmemalign128oi64281628161___T_0	norm_rope_kv	2.40	0.19	[2, 1, 1]
504	void cutlass::Kernel2<cutlass_80_wmma_tensorop_bf16_s161616gemm_bf16_16x16_128x2_tn_align8>(cutlass_80_wmma_tensorop_bf16_s161616gemm_bf16_16x16_128x2_tn_align8::Params)	dense_gemm	3.36	0.06	[8, 1, 9]
505	void cublasLt::splitKreduce_kernel<32, 16, int, __nv_bfloat16, __nv_bfloat16, float, __nv_bfloat16, false, __nv_bfloat16, __nv_bfloat16, __nv_bfloat16, true, false, false, false>(cublasLt::cublasSplitKParams<float>, __nv_bfloat16 const*, __nv_bfloat16 const*, __nv_bfloat16*, __nv_bfloat16*, float const*, float const*, __nv_bfloat16 const*, __nv_bfloat16 const*, __nv_bfloat16*, void*, long, float*, int*, float*, float*, float const*, float const*, float const*, float const*, float const*)	dense_gemm	1.28	0.10	[4, 1, 1]
506	kernel_cutlass_kernel_flashinfernormkernelsrmsnormRMSNormKernel_object_at__tensorptrbf16gmemalign128oi64281628161_tensorptrbf16gmemalign16o28161_tensorptrbf16gmemalign128oi64281628161___T_0	norm_rope_kv	2.43	-0.32	[2, 1, 1]
507	_gemma4_routing_kernel	moe_route	1.76	0.10	[8, 1, 1]
508	_moe_align_small_numel_kernel	moe_route	3.42	0.19	[1, 1, 1]
509	void sglang::per_token_quant_fp8_cta_kernel<__nv_bfloat16, 8>(__nv_bfloat16 const*, __nv_fp8_e4m3*, float*, unsigned int)	act_quant	1.63	0.10	[8, 1, 1]
510	fused_moe_kernel	moe_gemm	122.88	-0.16	[704, 1, 1]
511	void sglang::act_and_mul_kernel<__nv_bfloat16, (sglang::ActivationKind)1, true, false, false, false>(sglang::ActivationParams)	elementwise_copy	11.62	-10.18	[11, 1, 1]
512	void sglang::per_token_quant_fp8_cta_kernel<__nv_bfloat16, 8>(__nv_bfloat16 const*, __nv_fp8_e4m3*, float*, unsigned int)	act_quant	1.38	0.10	[64, 1, 1]
513	fused_moe_kernel	moe_gemm	63.78	-0.19	[1408, 1, 1]
514	_moe_sum_reduce_kernel	moe_route	4.74	-3.52	[8, 2, 1]
515	_gemma_dual_rmsnorm_residual_kernel	norm_rope_kv	2.30	0.10	[8, 1, 1]
516	kernel_cutlass_kernel_flashinfernormkernelsrmsnormRMSNormKernel_object_at__tensorptrbf16gmemalign128oi64281628161_tensorptrbf16gmemalign16o28161_tensorptrbf16gmemalign128oi64281628161___T_0	norm_rope_kv	2.50	0.22	[2, 1, 1]
517	void sglang::per_token_quant_fp8_cta_kernel<__nv_bfloat16, 8>(__nv_bfloat16 const*, __nv_fp8_e4m3*, float*, unsigned int)	act_quant	1.50	0.10	[8, 1, 1]
518	_ZN7cutlass13device_kernelINS_4gemm6kernel13GemmUniversalIN4cute5tupleIJiiiiEEENS1_10collective13CollectiveMmaINS1_31MainloopSm120TmaWarpSpecializedILi2ELi2ENS5_IJNS4_1CILi1EEESB_SB_EEENS1_40KernelTmaWarpSpecializedCooperativeSm120ILi2EEEEENS5_IJNSA_ILi128EEESG_SG_EEENS_12float_e4m3_tENS5_IJlSB_lEEESI_SJ_NS4_8TiledMMAINS4_8MMA_AtomIJNS4_16SM120_16x8x32_TNISI_SI_fEEEEENS4_6LayoutINS5_IJNSA_ILi4EEENSA_ILi2EEESB_EEENS5_IJSB_SQ_NSA_ILi0EEEEEEEENS5_IJSG_NSA_ILi32EEESW_EEEEENS4_13SM90_TMA_LOADENS4_14ComposedLayoutINS4_7SwizzleILi3ELi4ELi3EEENS4_18smem_ptr_flag_bitsILi8EEENSP_INS5_IJNSA_ILi8EEESG_EEENS5_IJSG_SB_EEEEEEENS4_9Copy_AtomIJNS4_17SM75_U32x4_LDSM_NEhEEENS4_8identityESZ_S19_S1C_S1D_EENS_8epilogue10collective18CollectiveEpilogueINS1F_22Sm90TmaWarpSpecializedILi2ELi2ELi4ELb0ELb1EEEJSH_NS5_IJNSA_ILi64EEESW_EEEvSJ_NS_10bfloat16_tESJ_NS1F_6fusion15Sm90TreeVisitorINS1N_11Sm90ComputeINS_10multipliesES1M_fLNS_15FloatRoundStyleE2EvEEJNS1N_16Sm90ColBroadcastILi0ESH_ffNS5_IJSB_ST_ST_EEELi4ELb1EEENS1O_INS1P_IS1Q_ffLS1R_2EvEEJNS1N_16Sm90RowBroadcastILi0ESH_ffNS5_IJST_SB_ST_EEELi4ELb1EEENS1N_12Sm90AccFetchEEEEEEESZ_NS10_INS11_ILi2ELi4ELi3EEENS13_ILi16EEENSP_INS5_IJS15_SW_EEENS5_IJSW_SB_EEEEEEENS4_17SM75_U32x2_LDSM_NENS4_14SM90_TMA_STOREES28_NS4_17SM90_U32x2_STSM_NENS1A_IJS2B_NS_6half_tEEEEvEEEvvEEEEvNT_6ParamsE	dense_gemm	36.10	0.10	[1, 64, 1]
519	_gemma_qkv_rmsnorm_kernel	norm_rope_kv	1.60	0.10	[8, 32, 1]
520	void sglang::fused_rope_kernel<true, 256l, true, __nv_bfloat16, __nv_bfloat16, long, 32u>(sglang::FusedRopeParams)	norm_rope_kv	1.44	0.22	[48, 1, 1]
521	void at::native::elementwise_kernel<128, 4, at::native::gpu_kernel_impl_nocast<at::native::BUnaryFunctor<c10::BFloat16, c10::BFloat16, c10::BFloat16, at::native::binary_internal::MulFunctor<float> > >(at::TensorIteratorBase&, at::native::BUnaryFunctor<c10::BFloat16, c10::BFloat16, c10::BFloat16, at::native::binary_internal::MulFunctor<float> > const&)::{lambda(int)#1}>(int, at::native::gpu_kernel_impl_nocast<at::native::BUnaryFunctor<c10::BFloat16, c10::BFloat16, c10::BFloat16, at::native::binary_internal::MulFunctor<float> > >(at::TensorIteratorBase&, at::native::BUnaryFunctor<c10::BFloat16, c10::BFloat16, c10::BFloat16, at::native::binary_internal::MulFunctor<float> > const&)::{lambda(int)#1})	elementwise_copy	1.70	0.10	[32, 1, 1]
522	void at::native::elementwise_kernel<128, 4, at::native::gpu_kernel_impl_nocast<at::native::BUnaryFunctor<c10::BFloat16, c10::BFloat16, c10::BFloat16, at::native::binary_internal::MulFunctor<float> > >(at::TensorIteratorBase&, at::native::BUnaryFunctor<c10::BFloat16, c10::BFloat16, c10::BFloat16, at::native::binary_internal::MulFunctor<float> > const&)::{lambda(int)#1}>(int, at::native::gpu_kernel_impl_nocast<at::native::BUnaryFunctor<c10::BFloat16, c10::BFloat16, c10::BFloat16, at::native::binary_internal::MulFunctor<float> > >(at::TensorIteratorBase&, at::native::BUnaryFunctor<c10::BFloat16, c10::BFloat16, c10::BFloat16, at::native::binary_internal::MulFunctor<float> > const&)::{lambda(int)#1})	elementwise_copy	1.47	0.10	[32, 1, 1]
523	void at::native::elementwise_kernel<128, 4, at::native::gpu_kernel_impl_nocast<at::native::ConvertToFloat8E4M3fnOp<c10::BFloat16> >(at::TensorIteratorBase&, at::native::ConvertToFloat8E4M3fnOp<c10::BFloat16> const&)::{lambda(int)#1}>(int, at::native::gpu_kernel_impl_nocast<at::native::ConvertToFloat8E4M3fnOp<c10::BFloat16> >(at::TensorIteratorBase&, at::native::ConvertToFloat8E4M3fnOp<c10::BFloat16> const&)::{lambda(int)#1})	elementwise_copy	1.66	0.10	[32, 1, 1]
524	void at::native::elementwise_kernel<128, 4, at::native::gpu_kernel_impl_nocast<at::native::ConvertToFloat8E4M3fnOp<c10::BFloat16> >(at::TensorIteratorBase&, at::native::ConvertToFloat8E4M3fnOp<c10::BFloat16> const&)::{lambda(int)#1}>(int, at::native::gpu_kernel_impl_nocast<at::native::ConvertToFloat8E4M3fnOp<c10::BFloat16> >(at::TensorIteratorBase&, at::native::ConvertToFloat8E4M3fnOp<c10::BFloat16> const&)::{lambda(int)#1})	elementwise_copy	1.66	0.10	[32, 1, 1]
525	void sglang::store_kvcache_kernel<2048l, 2048l, 128u, true, long>(sglang::StoreKVCacheParams)	norm_rope_kv	1.06	0.22	[32, 1, 1]
526	_fwd_grouped_kernel_stage1	attention	31.65	0.10	[8, 8, 8]
527	_fwd_kernel_stage2	attention	2.18	0.22	[8, 16, 1]
528	void sglang::per_token_quant_fp8_cta_kernel<__nv_bfloat16, 8>(__nv_bfloat16 const*, __nv_fp8_e4m3*, float*, unsigned int)	act_quant	1.82	0.10	[8, 1, 1]
529	_ZN7cutlass13device_kernelINS_4gemm6kernel13GemmUniversalIN4cute5tupleIJiiiiEEENS1_10collective13CollectiveMmaINS1_31MainloopSm120TmaWarpSpecializedILi2ELi2ENS5_IJNS4_1CILi1EEESB_SB_EEENS1_40KernelTmaWarpSpecializedCooperativeSm120ILi2EEEEENS5_IJNSA_ILi128EEESG_SG_EEENS_12float_e4m3_tENS5_IJlSB_lEEESI_SJ_NS4_8TiledMMAINS4_8MMA_AtomIJNS4_16SM120_16x8x32_TNISI_SI_fEEEEENS4_6LayoutINS5_IJNSA_ILi4EEENSA_ILi2EEESB_EEENS5_IJSB_SQ_NSA_ILi0EEEEEEEENS5_IJSG_NSA_ILi32EEESW_EEEEENS4_13SM90_TMA_LOADENS4_14ComposedLayoutINS4_7SwizzleILi3ELi4ELi3EEENS4_18smem_ptr_flag_bitsILi8EEENSP_INS5_IJNSA_ILi8EEESG_EEENS5_IJSG_SB_EEEEEEENS4_9Copy_AtomIJNS4_17SM75_U32x4_LDSM_NEhEEENS4_8identityESZ_S19_S1C_S1D_EENS_8epilogue10collective18CollectiveEpilogueINS1F_22Sm90TmaWarpSpecializedILi2ELi2ELi4ELb0ELb1EEEJSH_NS5_IJNSA_ILi64EEESW_EEEvSJ_NS_10bfloat16_tESJ_NS1F_6fusion15Sm90TreeVisitorINS1N_11Sm90ComputeINS_10multipliesES1M_fLNS_15FloatRoundStyleE2EvEEJNS1N_16Sm90ColBroadcastILi0ESH_ffNS5_IJSB_ST_ST_EEELi4ELb1EEENS1O_INS1P_IS1Q_ffLS1R_2EvEEJNS1N_16Sm90RowBroadcastILi0ESH_ffNS5_IJST_SB_ST_EEELi4ELb1EEENS1N_12Sm90AccFetchEEEEEEESZ_NS10_INS11_ILi2ELi4ELi3EEENS13_ILi16EEENSP_INS5_IJS15_SW_EEENS5_IJSW_SB_EEEEEEENS4_17SM75_U32x2_LDSM_NENS4_14SM90_TMA_STOREES28_NS4_17SM90_U32x2_STSM_NENS1A_IJS2B_NS_6half_tEEEEvEEEvvEEEEvNT_6ParamsE	dense_gemm	49.63	0.06	[1, 22, 1]
530	kernel_cutlass_kernel_flashinfernormkernelsrmsnormRMSNormKernel_object_at__tensorptrbf16gmemalign128oi64281628161_tensorptrbf16gmemalign16o28161_tensorptrbf16gmemalign128oi64281628161___T_0	norm_rope_kv	2.50	-0.19	[2, 1, 1]
531	kernel_cutlass_kernel_flashinfernormkernelsfused_add_rmsnormFusedAddRMSNormKernel_object_at__tensorptrbf16gmemalign128oi64281628161_tensorptrbf16gmemalign128oi64281628161_tensorptrbf16gme_0	norm_rope_kv	2.50	0.06	[2, 1, 1]
532	void sglang::per_token_quant_fp8_cta_kernel<__nv_bfloat16, 8>(__nv_bfloat16 const*, __nv_fp8_e4m3*, float*, unsigned int)	act_quant	1.50	0.10	[8, 1, 1]
533	_ZN7cutlass13device_kernelINS_4gemm6kernel13GemmUniversalIN4cute5tupleIJiiiiEEENS1_10collective13CollectiveMmaINS1_31MainloopSm120TmaWarpSpecializedILi2ELi2ENS5_IJNS4_1CILi1EEESB_SB_EEENS1_40KernelTmaWarpSpecializedCooperativeSm120ILi2EEEEENS5_IJNSA_ILi128EEESG_SG_EEENS_12float_e4m3_tENS5_IJlSB_lEEESI_SJ_NS4_8TiledMMAINS4_8MMA_AtomIJNS4_16SM120_16x8x32_TNISI_SI_fEEEEENS4_6LayoutINS5_IJNSA_ILi4EEENSA_ILi2EEESB_EEENS5_IJSB_SQ_NSA_ILi0EEEEEEEENS5_IJSG_NSA_ILi32EEESW_EEEEENS4_13SM90_TMA_LOADENS4_14ComposedLayoutINS4_7SwizzleILi3ELi4ELi3EEENS4_18smem_ptr_flag_bitsILi8EEENSP_INS5_IJNSA_ILi8EEESG_EEENS5_IJSG_SB_EEEEEEENS4_9Copy_AtomIJNS4_17SM75_U32x4_LDSM_NEhEEENS4_8identityESZ_S19_S1C_S1D_EENS_8epilogue10collective18CollectiveEpilogueINS1F_22Sm90TmaWarpSpecializedILi2ELi2ELi4ELb0ELb1EEEJSH_NS5_IJNSA_ILi64EEESW_EEEvSJ_NS_10bfloat16_tESJ_NS1F_6fusion15Sm90TreeVisitorINS1N_11Sm90ComputeINS_10multipliesES1M_fLNS_15FloatRoundStyleE2EvEEJNS1N_16Sm90ColBroadcastILi0ESH_ffNS5_IJSB_ST_ST_EEELi4ELb1EEENS1O_INS1P_IS1Q_ffLS1R_2EvEEJNS1N_16Sm90RowBroadcastILi0ESH_ffNS5_IJST_SB_ST_EEELi4ELb1EEENS1N_12Sm90AccFetchEEEEEEESZ_NS10_INS11_ILi2ELi4ELi3EEENS13_ILi16EEENSP_INS5_IJS15_SW_EEENS5_IJSW_SB_EEEEEEENS4_17SM75_U32x2_LDSM_NENS4_14SM90_TMA_STOREES28_NS4_17SM90_U32x2_STSM_NENS1A_IJS2B_NS_6half_tEEEEvEEEvvEEEEvNT_6ParamsE	dense_gemm	35.46	0.10	[1, 33, 1]
534	void sglang::act_and_mul_kernel<__nv_bfloat16, (sglang::ActivationKind)2, true, false, false, false>(sglang::ActivationParams)	elementwise_copy	1.47	0.22	[5, 1, 1]
535	void sglang::per_token_quant_fp8_cta_kernel<__nv_bfloat16, 8>(__nv_bfloat16 const*, __nv_fp8_e4m3*, float*, unsigned int)	act_quant	1.47	0.10	[8, 1, 1]
536	_ZN7cutlass13device_kernelINS_4gemm6kernel13GemmUniversalIN4cute5tupleIJiiiiEEENS1_10collective13CollectiveMmaINS1_31MainloopSm120TmaWarpSpecializedILi2ELi2ENS5_IJNS4_1CILi1EEESB_SB_EEENS1_40KernelTmaWarpSpecializedCooperativeSm120ILi2EEEEENS5_IJNSA_ILi128EEESG_SG_EEENS_12float_e4m3_tENS5_IJlSB_lEEESI_SJ_NS4_8TiledMMAINS4_8MMA_AtomIJNS4_16SM120_16x8x32_TNISI_SI_fEEEEENS4_6LayoutINS5_IJNSA_ILi4EEENSA_ILi2EEESB_EEENS5_IJSB_SQ_NSA_ILi0EEEEEEEENS5_IJSG_NSA_ILi32EEESW_EEEEENS4_13SM90_TMA_LOADENS4_14ComposedLayoutINS4_7SwizzleILi3ELi4ELi3EEENS4_18smem_ptr_flag_bitsILi8EEENSP_INS5_IJNSA_ILi8EEESG_EEENS5_IJSG_SB_EEEEEEENS4_9Copy_AtomIJNS4_17SM75_U32x4_LDSM_NEhEEENS4_8identityESZ_S19_S1C_S1D_EENS_8epilogue10collective18CollectiveEpilogueINS1F_22Sm90TmaWarpSpecializedILi2ELi2ELi4ELb0ELb1EEEJSH_NS5_IJNSA_ILi64EEESW_EEEvSJ_NS_10bfloat16_tESJ_NS1F_6fusion15Sm90TreeVisitorINS1N_11Sm90ComputeINS_10multipliesES1M_fLNS_15FloatRoundStyleE2EvEEJNS1N_16Sm90ColBroadcastILi0ESH_ffNS5_IJSB_ST_ST_EEELi4ELb1EEENS1O_INS1P_IS1Q_ffLS1R_2EvEEJNS1N_16Sm90RowBroadcastILi0ESH_ffNS5_IJST_SB_ST_EEELi4ELb1EEENS1N_12Sm90AccFetchEEEEEEESZ_NS10_INS11_ILi2ELi4ELi3EEENS13_ILi16EEENSP_INS5_IJS15_SW_EEENS5_IJSW_SB_EEEEEEENS4_17SM75_U32x2_LDSM_NENS4_14SM90_TMA_STOREES28_NS4_17SM90_U32x2_STSM_NENS1A_IJS2B_NS_6half_tEEEEvEEEvvEEEEvNT_6ParamsE	dense_gemm	28.00	0.10	[1, 22, 1]
537	kernel_cutlass_kernel_flashinfernormkernelsrmsnormRMSNormKernel_object_at__tensorptrbf16gmemalign128oi64281628161_tensorptrbf16gmemalign16o28161_tensorptrbf16gmemalign128oi64281628161___T_0	norm_rope_kv	2.37	0.19	[2, 1, 1]
538	void cutlass::Kernel2<cutlass_80_wmma_tensorop_bf16_s161616gemm_bf16_16x16_128x2_tn_align8>(cutlass_80_wmma_tensorop_bf16_s161616gemm_bf16_16x16_128x2_tn_align8::Params)	dense_gemm	3.33	0.10	[8, 1, 9]
539	void cublasLt::splitKreduce_kernel<32, 16, int, __nv_bfloat16, __nv_bfloat16, float, __nv_bfloat16, false, __nv_bfloat16, __nv_bfloat16, __nv_bfloat16, true, false, false, false>(cublasLt::cublasSplitKParams<float>, __nv_bfloat16 const*, __nv_bfloat16 const*, __nv_bfloat16*, __nv_bfloat16*, float const*, float const*, __nv_bfloat16 const*, __nv_bfloat16 const*, __nv_bfloat16*, void*, long, float*, int*, float*, float*, float const*, float const*, float const*, float const*, float const*)	dense_gemm	1.28	0.10	[4, 1, 1]
540	kernel_cutlass_kernel_flashinfernormkernelsrmsnormRMSNormKernel_object_at__tensorptrbf16gmemalign128oi64281628161_tensorptrbf16gmemalign16o28161_tensorptrbf16gmemalign128oi64281628161___T_0	norm_rope_kv	2.46	-0.35	[2, 1, 1]
541	_gemma4_routing_kernel	moe_route	1.76	0.10	[8, 1, 1]
542	_moe_align_small_numel_kernel	moe_route	3.39	0.19	[1, 1, 1]
543	void sglang::per_token_quant_fp8_cta_kernel<__nv_bfloat16, 8>(__nv_bfloat16 const*, __nv_fp8_e4m3*, float*, unsigned int)	act_quant	1.70	0.10	[8, 1, 1]
544	fused_moe_kernel	moe_gemm	112.00	-0.22	[704, 1, 1]
545	void sglang::act_and_mul_kernel<__nv_bfloat16, (sglang::ActivationKind)1, true, false, false, false>(sglang::ActivationParams)	elementwise_copy	25.28	-23.94	[11, 1, 1]
546	void sglang::per_token_quant_fp8_cta_kernel<__nv_bfloat16, 8>(__nv_bfloat16 const*, __nv_fp8_e4m3*, float*, unsigned int)	act_quant	1.41	0.10	[64, 1, 1]
547	fused_moe_kernel	moe_gemm	58.11	-0.19	[1408, 1, 1]
548	_moe_sum_reduce_kernel	moe_route	2.69	-1.57	[8, 2, 1]
549	_gemma_dual_rmsnorm_residual_kernel	norm_rope_kv	2.40	0.06	[8, 1, 1]
550	kernel_cutlass_kernel_flashinfernormkernelsrmsnormRMSNormKernel_object_at__tensorptrbf16gmemalign128oi64281628161_tensorptrbf16gmemalign16o28161_tensorptrbf16gmemalign128oi64281628161___T_0	norm_rope_kv	2.37	0.22	[2, 1, 1]
551	void sglang::per_token_quant_fp8_cta_kernel<__nv_bfloat16, 8>(__nv_bfloat16 const*, __nv_fp8_e4m3*, float*, unsigned int)	act_quant	1.47	0.10	[8, 1, 1]
552	_ZN7cutlass13device_kernelINS_4gemm6kernel13GemmUniversalIN4cute5tupleIJiiiiEEENS1_10collective13CollectiveMmaINS1_31MainloopSm120TmaWarpSpecializedILi2ELi2ENS5_IJNS4_1CILi1EEESB_SB_EEENS1_40KernelTmaWarpSpecializedCooperativeSm120ILi2EEEEENS5_IJNSA_ILi128EEESG_SG_EEENS_12float_e4m3_tENS5_IJlSB_lEEESI_SJ_NS4_8TiledMMAINS4_8MMA_AtomIJNS4_16SM120_16x8x32_TNISI_SI_fEEEEENS4_6LayoutINS5_IJNSA_ILi4EEENSA_ILi2EEESB_EEENS5_IJSB_SQ_NSA_ILi0EEEEEEEENS5_IJSG_NSA_ILi32EEESW_EEEEENS4_13SM90_TMA_LOADENS4_14ComposedLayoutINS4_7SwizzleILi3ELi4ELi3EEENS4_18smem_ptr_flag_bitsILi8EEENSP_INS5_IJNSA_ILi8EEESG_EEENS5_IJSG_SB_EEEEEEENS4_9Copy_AtomIJNS4_17SM75_U32x4_LDSM_NEhEEENS4_8identityESZ_S19_S1C_S1D_EENS_8epilogue10collective18CollectiveEpilogueINS1F_22Sm90TmaWarpSpecializedILi2ELi2ELi4ELb0ELb1EEEJSH_NS5_IJNSA_ILi64EEESW_EEEvSJ_NS_10bfloat16_tESJ_NS1F_6fusion15Sm90TreeVisitorINS1N_11Sm90ComputeINS_10multipliesES1M_fLNS_15FloatRoundStyleE2EvEEJNS1N_16Sm90ColBroadcastILi0ESH_ffNS5_IJSB_ST_ST_EEELi4ELb1EEENS1O_INS1P_IS1Q_ffLS1R_2EvEEJNS1N_16Sm90RowBroadcastILi0ESH_ffNS5_IJST_SB_ST_EEELi4ELb1EEENS1N_12Sm90AccFetchEEEEEEESZ_NS10_INS11_ILi2ELi4ELi3EEENS13_ILi16EEENSP_INS5_IJS15_SW_EEENS5_IJSW_SB_EEEEEEENS4_17SM75_U32x2_LDSM_NENS4_14SM90_TMA_STOREES28_NS4_17SM90_U32x2_STSM_NENS1A_IJS2B_NS_6half_tEEEEvEEEvvEEEEvNT_6ParamsE	dense_gemm	36.16	0.10	[1, 64, 1]
553	_gemma_qkv_rmsnorm_kernel	norm_rope_kv	1.57	0.10	[8, 32, 1]
554	void sglang::fused_rope_kernel<true, 256l, true, __nv_bfloat16, __nv_bfloat16, long, 32u>(sglang::FusedRopeParams)	norm_rope_kv	1.54	0.22	[48, 1, 1]
555	void at::native::elementwise_kernel<128, 4, at::native::gpu_kernel_impl_nocast<at::native::BUnaryFunctor<c10::BFloat16, c10::BFloat16, c10::BFloat16, at::native::binary_internal::MulFunctor<float> > >(at::TensorIteratorBase&, at::native::BUnaryFunctor<c10::BFloat16, c10::BFloat16, c10::BFloat16, at::native::binary_internal::MulFunctor<float> > const&)::{lambda(int)#1}>(int, at::native::gpu_kernel_impl_nocast<at::native::BUnaryFunctor<c10::BFloat16, c10::BFloat16, c10::BFloat16, at::native::binary_internal::MulFunctor<float> > >(at::TensorIteratorBase&, at::native::BUnaryFunctor<c10::BFloat16, c10::BFloat16, c10::BFloat16, at::native::binary_internal::MulFunctor<float> > const&)::{lambda(int)#1})	elementwise_copy	1.76	0.10	[32, 1, 1]
556	void at::native::elementwise_kernel<128, 4, at::native::gpu_kernel_impl_nocast<at::native::BUnaryFunctor<c10::BFloat16, c10::BFloat16, c10::BFloat16, at::native::binary_internal::MulFunctor<float> > >(at::TensorIteratorBase&, at::native::BUnaryFunctor<c10::BFloat16, c10::BFloat16, c10::BFloat16, at::native::binary_internal::MulFunctor<float> > const&)::{lambda(int)#1}>(int, at::native::gpu_kernel_impl_nocast<at::native::BUnaryFunctor<c10::BFloat16, c10::BFloat16, c10::BFloat16, at::native::binary_internal::MulFunctor<float> > >(at::TensorIteratorBase&, at::native::BUnaryFunctor<c10::BFloat16, c10::BFloat16, c10::BFloat16, at::native::binary_internal::MulFunctor<float> > const&)::{lambda(int)#1})	elementwise_copy	1.50	0.06	[32, 1, 1]
557	void at::native::elementwise_kernel<128, 4, at::native::gpu_kernel_impl_nocast<at::native::ConvertToFloat8E4M3fnOp<c10::BFloat16> >(at::TensorIteratorBase&, at::native::ConvertToFloat8E4M3fnOp<c10::BFloat16> const&)::{lambda(int)#1}>(int, at::native::gpu_kernel_impl_nocast<at::native::ConvertToFloat8E4M3fnOp<c10::BFloat16> >(at::TensorIteratorBase&, at::native::ConvertToFloat8E4M3fnOp<c10::BFloat16> const&)::{lambda(int)#1})	elementwise_copy	1.70	0.10	[32, 1, 1]
558	void at::native::elementwise_kernel<128, 4, at::native::gpu_kernel_impl_nocast<at::native::ConvertToFloat8E4M3fnOp<c10::BFloat16> >(at::TensorIteratorBase&, at::native::ConvertToFloat8E4M3fnOp<c10::BFloat16> const&)::{lambda(int)#1}>(int, at::native::gpu_kernel_impl_nocast<at::native::ConvertToFloat8E4M3fnOp<c10::BFloat16> >(at::TensorIteratorBase&, at::native::ConvertToFloat8E4M3fnOp<c10::BFloat16> const&)::{lambda(int)#1})	elementwise_copy	1.60	0.10	[32, 1, 1]
559	void sglang::store_kvcache_kernel<2048l, 2048l, 128u, true, long>(sglang::StoreKVCacheParams)	norm_rope_kv	1.06	0.22	[32, 1, 1]
560	_fwd_grouped_kernel_stage1	attention	27.74	0.10	[8, 8, 8]
561	_fwd_kernel_stage2	attention	2.18	0.19	[8, 16, 1]
562	void sglang::per_token_quant_fp8_cta_kernel<__nv_bfloat16, 8>(__nv_bfloat16 const*, __nv_fp8_e4m3*, float*, unsigned int)	act_quant	1.76	0.10	[8, 1, 1]
563	_ZN7cutlass13device_kernelINS_4gemm6kernel13GemmUniversalIN4cute5tupleIJiiiiEEENS1_10collective13CollectiveMmaINS1_31MainloopSm120TmaWarpSpecializedILi2ELi2ENS5_IJNS4_1CILi1EEESB_SB_EEENS1_40KernelTmaWarpSpecializedCooperativeSm120ILi2EEEEENS5_IJNSA_ILi128EEESG_SG_EEENS_12float_e4m3_tENS5_IJlSB_lEEESI_SJ_NS4_8TiledMMAINS4_8MMA_AtomIJNS4_16SM120_16x8x32_TNISI_SI_fEEEEENS4_6LayoutINS5_IJNSA_ILi4EEENSA_ILi2EEESB_EEENS5_IJSB_SQ_NSA_ILi0EEEEEEEENS5_IJSG_NSA_ILi32EEESW_EEEEENS4_13SM90_TMA_LOADENS4_14ComposedLayoutINS4_7SwizzleILi3ELi4ELi3EEENS4_18smem_ptr_flag_bitsILi8EEENSP_INS5_IJNSA_ILi8EEESG_EEENS5_IJSG_SB_EEEEEEENS4_9Copy_AtomIJNS4_17SM75_U32x4_LDSM_NEhEEENS4_8identityESZ_S19_S1C_S1D_EENS_8epilogue10collective18CollectiveEpilogueINS1F_22Sm90TmaWarpSpecializedILi2ELi2ELi4ELb0ELb1EEEJSH_NS5_IJNSA_ILi64EEESW_EEEvSJ_NS_10bfloat16_tESJ_NS1F_6fusion15Sm90TreeVisitorINS1N_11Sm90ComputeINS_10multipliesES1M_fLNS_15FloatRoundStyleE2EvEEJNS1N_16Sm90ColBroadcastILi0ESH_ffNS5_IJSB_ST_ST_EEELi4ELb1EEENS1O_INS1P_IS1Q_ffLS1R_2EvEEJNS1N_16Sm90RowBroadcastILi0ESH_ffNS5_IJST_SB_ST_EEELi4ELb1EEENS1N_12Sm90AccFetchEEEEEEESZ_NS10_INS11_ILi2ELi4ELi3EEENS13_ILi16EEENSP_INS5_IJS15_SW_EEENS5_IJSW_SB_EEEEEEENS4_17SM75_U32x2_LDSM_NENS4_14SM90_TMA_STOREES28_NS4_17SM90_U32x2_STSM_NENS1A_IJS2B_NS_6half_tEEEEvEEEvvEEEEvNT_6ParamsE	dense_gemm	49.63	0.10	[1, 22, 1]
564	kernel_cutlass_kernel_flashinfernormkernelsrmsnormRMSNormKernel_object_at__tensorptrbf16gmemalign128oi64281628161_tensorptrbf16gmemalign16o28161_tensorptrbf16gmemalign128oi64281628161___T_0	norm_rope_kv	2.50	-0.19	[2, 1, 1]
565	kernel_cutlass_kernel_flashinfernormkernelsfused_add_rmsnormFusedAddRMSNormKernel_object_at__tensorptrbf16gmemalign128oi64281628161_tensorptrbf16gmemalign128oi64281628161_tensorptrbf16gme_0	norm_rope_kv	2.43	0.06	[2, 1, 1]
566	void sglang::per_token_quant_fp8_cta_kernel<__nv_bfloat16, 8>(__nv_bfloat16 const*, __nv_fp8_e4m3*, float*, unsigned int)	act_quant	1.54	0.10	[8, 1, 1]
567	_ZN7cutlass13device_kernelINS_4gemm6kernel13GemmUniversalIN4cute5tupleIJiiiiEEENS1_10collective13CollectiveMmaINS1_31MainloopSm120TmaWarpSpecializedILi2ELi2ENS5_IJNS4_1CILi1EEESB_SB_EEENS1_40KernelTmaWarpSpecializedCooperativeSm120ILi2EEEEENS5_IJNSA_ILi128EEESG_SG_EEENS_12float_e4m3_tENS5_IJlSB_lEEESI_SJ_NS4_8TiledMMAINS4_8MMA_AtomIJNS4_16SM120_16x8x32_TNISI_SI_fEEEEENS4_6LayoutINS5_IJNSA_ILi4EEENSA_ILi2EEESB_EEENS5_IJSB_SQ_NSA_ILi0EEEEEEEENS5_IJSG_NSA_ILi32EEESW_EEEEENS4_13SM90_TMA_LOADENS4_14ComposedLayoutINS4_7SwizzleILi3ELi4ELi3EEENS4_18smem_ptr_flag_bitsILi8EEENSP_INS5_IJNSA_ILi8EEESG_EEENS5_IJSG_SB_EEEEEEENS4_9Copy_AtomIJNS4_17SM75_U32x4_LDSM_NEhEEENS4_8identityESZ_S19_S1C_S1D_EENS_8epilogue10collective18CollectiveEpilogueINS1F_22Sm90TmaWarpSpecializedILi2ELi2ELi4ELb0ELb1EEEJSH_NS5_IJNSA_ILi64EEESW_EEEvSJ_NS_10bfloat16_tESJ_NS1F_6fusion15Sm90TreeVisitorINS1N_11Sm90ComputeINS_10multipliesES1M_fLNS_15FloatRoundStyleE2EvEEJNS1N_16Sm90ColBroadcastILi0ESH_ffNS5_IJSB_ST_ST_EEELi4ELb1EEENS1O_INS1P_IS1Q_ffLS1R_2EvEEJNS1N_16Sm90RowBroadcastILi0ESH_ffNS5_IJST_SB_ST_EEELi4ELb1EEENS1N_12Sm90AccFetchEEEEEEESZ_NS10_INS11_ILi2ELi4ELi3EEENS13_ILi16EEENSP_INS5_IJS15_SW_EEENS5_IJSW_SB_EEEEEEENS4_17SM75_U32x2_LDSM_NENS4_14SM90_TMA_STOREES28_NS4_17SM90_U32x2_STSM_NENS1A_IJS2B_NS_6half_tEEEEvEEEvvEEEEvNT_6ParamsE	dense_gemm	35.39	0.10	[1, 33, 1]
568	void sglang::act_and_mul_kernel<__nv_bfloat16, (sglang::ActivationKind)2, true, false, false, false>(sglang::ActivationParams)	elementwise_copy	1.47	0.22	[5, 1, 1]
569	void sglang::per_token_quant_fp8_cta_kernel<__nv_bfloat16, 8>(__nv_bfloat16 const*, __nv_fp8_e4m3*, float*, unsigned int)	act_quant	1.50	0.10	[8, 1, 1]
570	_ZN7cutlass13device_kernelINS_4gemm6kernel13GemmUniversalIN4cute5tupleIJiiiiEEENS1_10collective13CollectiveMmaINS1_31MainloopSm120TmaWarpSpecializedILi2ELi2ENS5_IJNS4_1CILi1EEESB_SB_EEENS1_40KernelTmaWarpSpecializedCooperativeSm120ILi2EEEEENS5_IJNSA_ILi128EEESG_SG_EEENS_12float_e4m3_tENS5_IJlSB_lEEESI_SJ_NS4_8TiledMMAINS4_8MMA_AtomIJNS4_16SM120_16x8x32_TNISI_SI_fEEEEENS4_6LayoutINS5_IJNSA_ILi4EEENSA_ILi2EEESB_EEENS5_IJSB_SQ_NSA_ILi0EEEEEEEENS5_IJSG_NSA_ILi32EEESW_EEEEENS4_13SM90_TMA_LOADENS4_14ComposedLayoutINS4_7SwizzleILi3ELi4ELi3EEENS4_18smem_ptr_flag_bitsILi8EEENSP_INS5_IJNSA_ILi8EEESG_EEENS5_IJSG_SB_EEEEEEENS4_9Copy_AtomIJNS4_17SM75_U32x4_LDSM_NEhEEENS4_8identityESZ_S19_S1C_S1D_EENS_8epilogue10collective18CollectiveEpilogueINS1F_22Sm90TmaWarpSpecializedILi2ELi2ELi4ELb0ELb1EEEJSH_NS5_IJNSA_ILi64EEESW_EEEvSJ_NS_10bfloat16_tESJ_NS1F_6fusion15Sm90TreeVisitorINS1N_11Sm90ComputeINS_10multipliesES1M_fLNS_15FloatRoundStyleE2EvEEJNS1N_16Sm90ColBroadcastILi0ESH_ffNS5_IJSB_ST_ST_EEELi4ELb1EEENS1O_INS1P_IS1Q_ffLS1R_2EvEEJNS1N_16Sm90RowBroadcastILi0ESH_ffNS5_IJST_SB_ST_EEELi4ELb1EEENS1N_12Sm90AccFetchEEEEEEESZ_NS10_INS11_ILi2ELi4ELi3EEENS13_ILi16EEENSP_INS5_IJS15_SW_EEENS5_IJSW_SB_EEEEEEENS4_17SM75_U32x2_LDSM_NENS4_14SM90_TMA_STOREES28_NS4_17SM90_U32x2_STSM_NENS1A_IJS2B_NS_6half_tEEEEvEEEvvEEEEvNT_6ParamsE	dense_gemm	28.00	0.06	[1, 22, 1]
571	kernel_cutlass_kernel_flashinfernormkernelsrmsnormRMSNormKernel_object_at__tensorptrbf16gmemalign128oi64281628161_tensorptrbf16gmemalign16o28161_tensorptrbf16gmemalign128oi64281628161___T_0	norm_rope_kv	2.37	0.19	[2, 1, 1]
572	void cutlass::Kernel2<cutlass_80_wmma_tensorop_bf16_s161616gemm_bf16_16x16_128x2_tn_align8>(cutlass_80_wmma_tensorop_bf16_s161616gemm_bf16_16x16_128x2_tn_align8::Params)	dense_gemm	3.52	0.10	[8, 1, 9]
573	void cublasLt::splitKreduce_kernel<32, 16, int, __nv_bfloat16, __nv_bfloat16, float, __nv_bfloat16, false, __nv_bfloat16, __nv_bfloat16, __nv_bfloat16, true, false, false, false>(cublasLt::cublasSplitKParams<float>, __nv_bfloat16 const*, __nv_bfloat16 const*, __nv_bfloat16*, __nv_bfloat16*, float const*, float const*, __nv_bfloat16 const*, __nv_bfloat16 const*, __nv_bfloat16*, void*, long, float*, int*, float*, float*, float const*, float const*, float const*, float const*, float const*)	dense_gemm	1.25	0.10	[4, 1, 1]
574	kernel_cutlass_kernel_flashinfernormkernelsrmsnormRMSNormKernel_object_at__tensorptrbf16gmemalign128oi64281628161_tensorptrbf16gmemalign16o28161_tensorptrbf16gmemalign128oi64281628161___T_0	norm_rope_kv	2.46	-0.32	[2, 1, 1]
575	_gemma4_routing_kernel	moe_route	1.76	0.10	[8, 1, 1]
576	_moe_align_small_numel_kernel	moe_route	3.39	0.22	[1, 1, 1]
577	void sglang::per_token_quant_fp8_cta_kernel<__nv_bfloat16, 8>(__nv_bfloat16 const*, __nv_fp8_e4m3*, float*, unsigned int)	act_quant	1.67	0.10	[8, 1, 1]
578	fused_moe_kernel	moe_gemm	103.30	-0.19	[704, 1, 1]
579	void sglang::act_and_mul_kernel<__nv_bfloat16, (sglang::ActivationKind)1, true, false, false, false>(sglang::ActivationParams)	elementwise_copy	21.18	-19.90	[11, 1, 1]
580	void sglang::per_token_quant_fp8_cta_kernel<__nv_bfloat16, 8>(__nv_bfloat16 const*, __nv_fp8_e4m3*, float*, unsigned int)	act_quant	1.50	0.10	[64, 1, 1]
581	fused_moe_kernel	moe_gemm	54.37	-0.32	[1408, 1, 1]
582	_moe_sum_reduce_kernel	moe_route	3.01	-1.89	[8, 2, 1]
583	_gemma_dual_rmsnorm_residual_kernel	norm_rope_kv	2.30	0.10	[8, 1, 1]
584	kernel_cutlass_kernel_flashinfernormkernelsrmsnormRMSNormKernel_object_at__tensorptrbf16gmemalign128oi64281628161_tensorptrbf16gmemalign16o28161_tensorptrbf16gmemalign128oi64281628161___T_0	norm_rope_kv	2.37	0.22	[2, 1, 1]
585	void sglang::per_token_quant_fp8_cta_kernel<__nv_bfloat16, 8>(__nv_bfloat16 const*, __nv_fp8_e4m3*, float*, unsigned int)	act_quant	1.50	0.10	[8, 1, 1]
586	_ZN7cutlass13device_kernelINS_4gemm6kernel13GemmUniversalIN4cute5tupleIJiiiiEEENS1_10collective13CollectiveMmaINS1_31MainloopSm120TmaWarpSpecializedILi2ELi2ENS5_IJNS4_1CILi1EEESB_SB_EEENS1_40KernelTmaWarpSpecializedCooperativeSm120ILi2EEEEENS5_IJNSA_ILi128EEESG_SG_EEENS_12float_e4m3_tENS5_IJlSB_lEEESI_SJ_NS4_8TiledMMAINS4_8MMA_AtomIJNS4_16SM120_16x8x32_TNISI_SI_fEEEEENS4_6LayoutINS5_IJNSA_ILi4EEENSA_ILi2EEESB_EEENS5_IJSB_SQ_NSA_ILi0EEEEEEEENS5_IJSG_NSA_ILi32EEESW_EEEEENS4_13SM90_TMA_LOADENS4_14ComposedLayoutINS4_7SwizzleILi3ELi4ELi3EEENS4_18smem_ptr_flag_bitsILi8EEENSP_INS5_IJNSA_ILi8EEESG_EEENS5_IJSG_SB_EEEEEEENS4_9Copy_AtomIJNS4_17SM75_U32x4_LDSM_NEhEEENS4_8identityESZ_S19_S1C_S1D_EENS_8epilogue10collective18CollectiveEpilogueINS1F_22Sm90TmaWarpSpecializedILi2ELi2ELi4ELb0ELb1EEEJSH_NS5_IJNSA_ILi64EEESW_EEEvSJ_NS_10bfloat16_tESJ_NS1F_6fusion15Sm90TreeVisitorINS1N_11Sm90ComputeINS_10multipliesES1M_fLNS_15FloatRoundStyleE2EvEEJNS1N_16Sm90ColBroadcastILi0ESH_ffNS5_IJSB_ST_ST_EEELi4ELb1EEENS1O_INS1P_IS1Q_ffLS1R_2EvEEJNS1N_16Sm90RowBroadcastILi0ESH_ffNS5_IJST_SB_ST_EEELi4ELb1EEENS1N_12Sm90AccFetchEEEEEEESZ_NS10_INS11_ILi2ELi4ELi3EEENS13_ILi16EEENSP_INS5_IJS15_SW_EEENS5_IJSW_SB_EEEEEEENS4_17SM75_U32x2_LDSM_NENS4_14SM90_TMA_STOREES28_NS4_17SM90_U32x2_STSM_NENS1A_IJS2B_NS_6half_tEEEEvEEEvvEEEEvNT_6ParamsE	dense_gemm	36.70	0.10	[1, 80, 1]
587	_gemma_qkv_rmsnorm_kernel	norm_rope_kv	1.73	0.10	[8, 20, 1]
588	void sglang::fused_rope_kernel<true, 512l, true, __nv_bfloat16, __nv_bfloat16, long, 64u>(sglang::FusedRopeParams)	norm_rope_kv	1.38	0.22	[72, 1, 1]
589	void at::native::elementwise_kernel<128, 4, at::native::gpu_kernel_impl_nocast<at::native::BUnaryFunctor<c10::BFloat16, c10::BFloat16, c10::BFloat16, at::native::binary_internal::MulFunctor<float> > >(at::TensorIteratorBase&, at::native::BUnaryFunctor<c10::BFloat16, c10::BFloat16, c10::BFloat16, at::native::binary_internal::MulFunctor<float> > const&)::{lambda(int)#1}>(int, at::native::gpu_kernel_impl_nocast<at::native::BUnaryFunctor<c10::BFloat16, c10::BFloat16, c10::BFloat16, at::native::binary_internal::MulFunctor<float> > >(at::TensorIteratorBase&, at::native::BUnaryFunctor<c10::BFloat16, c10::BFloat16, c10::BFloat16, at::native::binary_internal::MulFunctor<float> > const&)::{lambda(int)#1})	elementwise_copy	1.73	0.10	[16, 1, 1]
590	void at::native::elementwise_kernel<128, 4, at::native::gpu_kernel_impl_nocast<at::native::BUnaryFunctor<c10::BFloat16, c10::BFloat16, c10::BFloat16, at::native::binary_internal::MulFunctor<float> > >(at::TensorIteratorBase&, at::native::BUnaryFunctor<c10::BFloat16, c10::BFloat16, c10::BFloat16, at::native::binary_internal::MulFunctor<float> > const&)::{lambda(int)#1}>(int, at::native::gpu_kernel_impl_nocast<at::native::BUnaryFunctor<c10::BFloat16, c10::BFloat16, c10::BFloat16, at::native::binary_internal::MulFunctor<float> > >(at::TensorIteratorBase&, at::native::BUnaryFunctor<c10::BFloat16, c10::BFloat16, c10::BFloat16, at::native::binary_internal::MulFunctor<float> > const&)::{lambda(int)#1})	elementwise_copy	1.50	0.10	[16, 1, 1]
591	void at::native::elementwise_kernel<128, 4, at::native::gpu_kernel_impl_nocast<at::native::ConvertToFloat8E4M3fnOp<c10::BFloat16> >(at::TensorIteratorBase&, at::native::ConvertToFloat8E4M3fnOp<c10::BFloat16> const&)::{lambda(int)#1}>(int, at::native::gpu_kernel_impl_nocast<at::native::ConvertToFloat8E4M3fnOp<c10::BFloat16> >(at::TensorIteratorBase&, at::native::ConvertToFloat8E4M3fnOp<c10::BFloat16> const&)::{lambda(int)#1})	elementwise_copy	1.73	0.06	[16, 1, 1]
592	void at::native::elementwise_kernel<128, 4, at::native::gpu_kernel_impl_nocast<at::native::ConvertToFloat8E4M3fnOp<c10::BFloat16> >(at::TensorIteratorBase&, at::native::ConvertToFloat8E4M3fnOp<c10::BFloat16> const&)::{lambda(int)#1}>(int, at::native::gpu_kernel_impl_nocast<at::native::ConvertToFloat8E4M3fnOp<c10::BFloat16> >(at::TensorIteratorBase&, at::native::ConvertToFloat8E4M3fnOp<c10::BFloat16> const&)::{lambda(int)#1})	elementwise_copy	1.63	0.06	[16, 1, 1]
593	void sglang::store_kvcache_kernel<1024l, 1024l, 64u, true, long>(sglang::StoreKVCacheParams)	norm_rope_kv	1.06	0.22	[16, 1, 1]
594	_fwd_grouped_kernel_stage1	attention	98.53	0.10	[8, 2, 8]
595	_fwd_kernel_stage2	attention	2.37	0.22	[8, 16, 1]
596	void sglang::per_token_quant_fp8_cta_kernel<__nv_bfloat16, 8>(__nv_bfloat16 const*, __nv_fp8_e4m3*, float*, unsigned int)	act_quant	1.89	0.10	[8, 1, 1]
597	_ZN7cutlass13device_kernelINS_4gemm6kernel13GemmUniversalIN4cute5tupleIJiiiiEEENS1_10collective13CollectiveMmaINS1_31MainloopSm120TmaWarpSpecializedILi2ELi2ENS5_IJNS4_1CILi1EEESB_SB_EEENS1_40KernelTmaWarpSpecializedCooperativeSm120ILi2EEEEENS5_IJNSA_ILi128EEESG_SG_EEENS_12float_e4m3_tENS5_IJlSB_lEEESI_SJ_NS4_8TiledMMAINS4_8MMA_AtomIJNS4_16SM120_16x8x32_TNISI_SI_fEEEEENS4_6LayoutINS5_IJNSA_ILi4EEENSA_ILi2EEESB_EEENS5_IJSB_SQ_NSA_ILi0EEEEEEEENS5_IJSG_NSA_ILi32EEESW_EEEEENS4_13SM90_TMA_LOADENS4_14ComposedLayoutINS4_7SwizzleILi3ELi4ELi3EEENS4_18smem_ptr_flag_bitsILi8EEENSP_INS5_IJNSA_ILi8EEESG_EEENS5_IJSG_SB_EEEEEEENS4_9Copy_AtomIJNS4_17SM75_U32x4_LDSM_NEhEEENS4_8identityESZ_S19_S1C_S1D_EENS_8epilogue10collective18CollectiveEpilogueINS1F_22Sm90TmaWarpSpecializedILi2ELi2ELi4ELb0ELb1EEEJSH_NS5_IJNSA_ILi64EEESW_EEEvSJ_NS_10bfloat16_tESJ_NS1F_6fusion15Sm90TreeVisitorINS1N_11Sm90ComputeINS_10multipliesES1M_fLNS_15FloatRoundStyleE2EvEEJNS1N_16Sm90ColBroadcastILi0ESH_ffNS5_IJSB_ST_ST_EEELi4ELb1EEENS1O_INS1P_IS1Q_ffLS1R_2EvEEJNS1N_16Sm90RowBroadcastILi0ESH_ffNS5_IJST_SB_ST_EEELi4ELb1EEENS1N_12Sm90AccFetchEEEEEEESZ_NS10_INS11_ILi2ELi4ELi3EEENS13_ILi16EEENSP_INS5_IJS15_SW_EEENS5_IJSW_SB_EEEEEEENS4_17SM75_U32x2_LDSM_NENS4_14SM90_TMA_STOREES28_NS4_17SM90_U32x2_STSM_NENS1A_IJS2B_NS_6half_tEEEEvEEEvvEEEEvNT_6ParamsE	dense_gemm	95.94	0.10	[1, 22, 1]
598	kernel_cutlass_kernel_flashinfernormkernelsrmsnormRMSNormKernel_object_at__tensorptrbf16gmemalign128oi64281628161_tensorptrbf16gmemalign16o28161_tensorptrbf16gmemalign128oi64281628161___T_0	norm_rope_kv	2.50	-0.22	[2, 1, 1]
599	kernel_cutlass_kernel_flashinfernormkernelsfused_add_rmsnormFusedAddRMSNormKernel_object_at__tensorptrbf16gmemalign128oi64281628161_tensorptrbf16gmemalign128oi64281628161_tensorptrbf16gme_0	norm_rope_kv	2.59	0.06	[2, 1, 1]
600	void sglang::per_token_quant_fp8_cta_kernel<__nv_bfloat16, 8>(__nv_bfloat16 const*, __nv_fp8_e4m3*, float*, unsigned int)	act_quant	1.54	0.06	[8, 1, 1]
601	_ZN7cutlass13device_kernelINS_4gemm6kernel13GemmUniversalIN4cute5tupleIJiiiiEEENS1_10collective13CollectiveMmaINS1_31MainloopSm120TmaWarpSpecializedILi2ELi2ENS5_IJNS4_1CILi1EEESB_SB_EEENS1_40KernelTmaWarpSpecializedCooperativeSm120ILi2EEEEENS5_IJNSA_ILi128EEESG_SG_EEENS_12float_e4m3_tENS5_IJlSB_lEEESI_SJ_NS4_8TiledMMAINS4_8MMA_AtomIJNS4_16SM120_16x8x32_TNISI_SI_fEEEEENS4_6LayoutINS5_IJNSA_ILi4EEENSA_ILi2EEESB_EEENS5_IJSB_SQ_NSA_ILi0EEEEEEEENS5_IJSG_NSA_ILi32EEESW_EEEEENS4_13SM90_TMA_LOADENS4_14ComposedLayoutINS4_7SwizzleILi3ELi4ELi3EEENS4_18smem_ptr_flag_bitsILi8EEENSP_INS5_IJNSA_ILi8EEESG_EEENS5_IJSG_SB_EEEEEEENS4_9Copy_AtomIJNS4_17SM75_U32x4_LDSM_NEhEEENS4_8identityESZ_S19_S1C_S1D_EENS_8epilogue10collective18CollectiveEpilogueINS1F_22Sm90TmaWarpSpecializedILi2ELi2ELi4ELb0ELb1EEEJSH_NS5_IJNSA_ILi64EEESW_EEEvSJ_NS_10bfloat16_tESJ_NS1F_6fusion15Sm90TreeVisitorINS1N_11Sm90ComputeINS_10multipliesES1M_fLNS_15FloatRoundStyleE2EvEEJNS1N_16Sm90ColBroadcastILi0ESH_ffNS5_IJSB_ST_ST_EEELi4ELb1EEENS1O_INS1P_IS1Q_ffLS1R_2EvEEJNS1N_16Sm90RowBroadcastILi0ESH_ffNS5_IJST_SB_ST_EEELi4ELb1EEENS1N_12Sm90AccFetchEEEEEEESZ_NS10_INS11_ILi2ELi4ELi3EEENS13_ILi16EEENSP_INS5_IJS15_SW_EEENS5_IJSW_SB_EEEEEEENS4_17SM75_U32x2_LDSM_NENS4_14SM90_TMA_STOREES28_NS4_17SM90_U32x2_STSM_NENS1A_IJS2B_NS_6half_tEEEEvEEEvvEEEEvNT_6ParamsE	dense_gemm	35.46	0.10	[1, 33, 1]
602	void sglang::act_and_mul_kernel<__nv_bfloat16, (sglang::ActivationKind)2, true, false, false, false>(sglang::ActivationParams)	elementwise_copy	1.47	0.19	[5, 1, 1]
603	void sglang::per_token_quant_fp8_cta_kernel<__nv_bfloat16, 8>(__nv_bfloat16 const*, __nv_fp8_e4m3*, float*, unsigned int)	act_quant	1.50	0.06	[8, 1, 1]
604	_ZN7cutlass13device_kernelINS_4gemm6kernel13GemmUniversalIN4cute5tupleIJiiiiEEENS1_10collective13CollectiveMmaINS1_31MainloopSm120TmaWarpSpecializedILi2ELi2ENS5_IJNS4_1CILi1EEESB_SB_EEENS1_40KernelTmaWarpSpecializedCooperativeSm120ILi2EEEEENS5_IJNSA_ILi128EEESG_SG_EEENS_12float_e4m3_tENS5_IJlSB_lEEESI_SJ_NS4_8TiledMMAINS4_8MMA_AtomIJNS4_16SM120_16x8x32_TNISI_SI_fEEEEENS4_6LayoutINS5_IJNSA_ILi4EEENSA_ILi2EEESB_EEENS5_IJSB_SQ_NSA_ILi0EEEEEEEENS5_IJSG_NSA_ILi32EEESW_EEEEENS4_13SM90_TMA_LOADENS4_14ComposedLayoutINS4_7SwizzleILi3ELi4ELi3EEENS4_18smem_ptr_flag_bitsILi8EEENSP_INS5_IJNSA_ILi8EEESG_EEENS5_IJSG_SB_EEEEEEENS4_9Copy_AtomIJNS4_17SM75_U32x4_LDSM_NEhEEENS4_8identityESZ_S19_S1C_S1D_EENS_8epilogue10collective18CollectiveEpilogueINS1F_22Sm90TmaWarpSpecializedILi2ELi2ELi4ELb0ELb1EEEJSH_NS5_IJNSA_ILi64EEESW_EEEvSJ_NS_10bfloat16_tESJ_NS1F_6fusion15Sm90TreeVisitorINS1N_11Sm90ComputeINS_10multipliesES1M_fLNS_15FloatRoundStyleE2EvEEJNS1N_16Sm90ColBroadcastILi0ESH_ffNS5_IJSB_ST_ST_EEELi4ELb1EEENS1O_INS1P_IS1Q_ffLS1R_2EvEEJNS1N_16Sm90RowBroadcastILi0ESH_ffNS5_IJST_SB_ST_EEELi4ELb1EEENS1N_12Sm90AccFetchEEEEEEESZ_NS10_INS11_ILi2ELi4ELi3EEENS13_ILi16EEENSP_INS5_IJS15_SW_EEENS5_IJSW_SB_EEEEEEENS4_17SM75_U32x2_LDSM_NENS4_14SM90_TMA_STOREES28_NS4_17SM90_U32x2_STSM_NENS1A_IJS2B_NS_6half_tEEEEvEEEvvEEEEvNT_6ParamsE	dense_gemm	28.22	0.10	[1, 22, 1]
605	kernel_cutlass_kernel_flashinfernormkernelsrmsnormRMSNormKernel_object_at__tensorptrbf16gmemalign128oi64281628161_tensorptrbf16gmemalign16o28161_tensorptrbf16gmemalign128oi64281628161___T_0	norm_rope_kv	2.37	0.22	[2, 1, 1]
606	void cutlass::Kernel2<cutlass_80_wmma_tensorop_bf16_s161616gemm_bf16_16x16_128x2_tn_align8>(cutlass_80_wmma_tensorop_bf16_s161616gemm_bf16_16x16_128x2_tn_align8::Params)	dense_gemm	3.26	0.10	[8, 1, 9]
607	void cublasLt::splitKreduce_kernel<32, 16, int, __nv_bfloat16, __nv_bfloat16, float, __nv_bfloat16, false, __nv_bfloat16, __nv_bfloat16, __nv_bfloat16, true, false, false, false>(cublasLt::cublasSplitKParams<float>, __nv_bfloat16 const*, __nv_bfloat16 const*, __nv_bfloat16*, __nv_bfloat16*, float const*, float const*, __nv_bfloat16 const*, __nv_bfloat16 const*, __nv_bfloat16*, void*, long, float*, int*, float*, float*, float const*, float const*, float const*, float const*, float const*)	dense_gemm	1.28	0.10	[4, 1, 1]
608	kernel_cutlass_kernel_flashinfernormkernelsrmsnormRMSNormKernel_object_at__tensorptrbf16gmemalign128oi64281628161_tensorptrbf16gmemalign16o28161_tensorptrbf16gmemalign128oi64281628161___T_0	norm_rope_kv	2.69	-0.35	[2, 1, 1]
609	_gemma4_routing_kernel	moe_route	1.73	0.10	[8, 1, 1]
610	_moe_align_small_numel_kernel	moe_route	3.36	0.22	[1, 1, 1]
611	void sglang::per_token_quant_fp8_cta_kernel<__nv_bfloat16, 8>(__nv_bfloat16 const*, __nv_fp8_e4m3*, float*, unsigned int)	act_quant	1.66	0.10	[8, 1, 1]
612	fused_moe_kernel	moe_gemm	96.90	-0.19	[704, 1, 1]
613	void sglang::act_and_mul_kernel<__nv_bfloat16, (sglang::ActivationKind)1, true, false, false, false>(sglang::ActivationParams)	elementwise_copy	17.25	-16.22	[11, 1, 1]
614	void sglang::per_token_quant_fp8_cta_kernel<__nv_bfloat16, 8>(__nv_bfloat16 const*, __nv_fp8_e4m3*, float*, unsigned int)	act_quant	1.38	0.10	[64, 1, 1]
615	fused_moe_kernel	moe_gemm	50.85	-0.19	[1408, 1, 1]
616	_moe_sum_reduce_kernel	moe_route	2.82	-1.73	[8, 2, 1]
617	_gemma_dual_rmsnorm_residual_kernel	norm_rope_kv	2.53	0.10	[8, 1, 1]
618	kernel_cutlass_kernel_flashinfernormkernelsrmsnormRMSNormKernel_object_at__tensorptrbf16gmemalign128oi64281628161_tensorptrbf16gmemalign16o28161_tensorptrbf16gmemalign128oi64281628161___T_0	norm_rope_kv	2.40	0.22	[2, 1, 1]
619	void sglang::per_token_quant_fp8_cta_kernel<__nv_bfloat16, 8>(__nv_bfloat16 const*, __nv_fp8_e4m3*, float*, unsigned int)	act_quant	1.47	0.10	[8, 1, 1]
620	_ZN7cutlass13device_kernelINS_4gemm6kernel13GemmUniversalIN4cute5tupleIJiiiiEEENS1_10collective13CollectiveMmaINS1_31MainloopSm120TmaWarpSpecializedILi2ELi2ENS5_IJNS4_1CILi1EEESB_SB_EEENS1_40KernelTmaWarpSpecializedCooperativeSm120ILi2EEEEENS5_IJNSA_ILi128EEESG_SG_EEENS_12float_e4m3_tENS5_IJlSB_lEEESI_SJ_NS4_8TiledMMAINS4_8MMA_AtomIJNS4_16SM120_16x8x32_TNISI_SI_fEEEEENS4_6LayoutINS5_IJNSA_ILi4EEENSA_ILi2EEESB_EEENS5_IJSB_SQ_NSA_ILi0EEEEEEEENS5_IJSG_NSA_ILi32EEESW_EEEEENS4_13SM90_TMA_LOADENS4_14ComposedLayoutINS4_7SwizzleILi3ELi4ELi3EEENS4_18smem_ptr_flag_bitsILi8EEENSP_INS5_IJNSA_ILi8EEESG_EEENS5_IJSG_SB_EEEEEEENS4_9Copy_AtomIJNS4_17SM75_U32x4_LDSM_NEhEEENS4_8identityESZ_S19_S1C_S1D_EENS_8epilogue10collective18CollectiveEpilogueINS1F_22Sm90TmaWarpSpecializedILi2ELi2ELi4ELb0ELb1EEEJSH_NS5_IJNSA_ILi64EEESW_EEEvSJ_NS_10bfloat16_tESJ_NS1F_6fusion15Sm90TreeVisitorINS1N_11Sm90ComputeINS_10multipliesES1M_fLNS_15FloatRoundStyleE2EvEEJNS1N_16Sm90ColBroadcastILi0ESH_ffNS5_IJSB_ST_ST_EEELi4ELb1EEENS1O_INS1P_IS1Q_ffLS1R_2EvEEJNS1N_16Sm90RowBroadcastILi0ESH_ffNS5_IJST_SB_ST_EEELi4ELb1EEENS1N_12Sm90AccFetchEEEEEEESZ_NS10_INS11_ILi2ELi4ELi3EEENS13_ILi16EEENSP_INS5_IJS15_SW_EEENS5_IJSW_SB_EEEEEEENS4_17SM75_U32x2_LDSM_NENS4_14SM90_TMA_STOREES28_NS4_17SM90_U32x2_STSM_NENS1A_IJS2B_NS_6half_tEEEEvEEEvvEEEEvNT_6ParamsE	dense_gemm	35.97	0.10	[1, 64, 1]
621	_gemma_qkv_rmsnorm_kernel	norm_rope_kv	1.38	0.10	[8, 32, 1]
622	void sglang::fused_rope_kernel<true, 256l, true, __nv_bfloat16, __nv_bfloat16, long, 32u>(sglang::FusedRopeParams)	norm_rope_kv	1.44	0.22	[48, 1, 1]
623	void at::native::elementwise_kernel<128, 4, at::native::gpu_kernel_impl_nocast<at::native::BUnaryFunctor<c10::BFloat16, c10::BFloat16, c10::BFloat16, at::native::binary_internal::MulFunctor<float> > >(at::TensorIteratorBase&, at::native::BUnaryFunctor<c10::BFloat16, c10::BFloat16, c10::BFloat16, at::native::binary_internal::MulFunctor<float> > const&)::{lambda(int)#1}>(int, at::native::gpu_kernel_impl_nocast<at::native::BUnaryFunctor<c10::BFloat16, c10::BFloat16, c10::BFloat16, at::native::binary_internal::MulFunctor<float> > >(at::TensorIteratorBase&, at::native::BUnaryFunctor<c10::BFloat16, c10::BFloat16, c10::BFloat16, at::native::binary_internal::MulFunctor<float> > const&)::{lambda(int)#1})	elementwise_copy	1.76	0.06	[32, 1, 1]
624	void at::native::elementwise_kernel<128, 4, at::native::gpu_kernel_impl_nocast<at::native::BUnaryFunctor<c10::BFloat16, c10::BFloat16, c10::BFloat16, at::native::binary_internal::MulFunctor<float> > >(at::TensorIteratorBase&, at::native::BUnaryFunctor<c10::BFloat16, c10::BFloat16, c10::BFloat16, at::native::binary_internal::MulFunctor<float> > const&)::{lambda(int)#1}>(int, at::native::gpu_kernel_impl_nocast<at::native::BUnaryFunctor<c10::BFloat16, c10::BFloat16, c10::BFloat16, at::native::binary_internal::MulFunctor<float> > >(at::TensorIteratorBase&, at::native::BUnaryFunctor<c10::BFloat16, c10::BFloat16, c10::BFloat16, at::native::binary_internal::MulFunctor<float> > const&)::{lambda(int)#1})	elementwise_copy	1.47	0.10	[32, 1, 1]
625	void at::native::elementwise_kernel<128, 4, at::native::gpu_kernel_impl_nocast<at::native::ConvertToFloat8E4M3fnOp<c10::BFloat16> >(at::TensorIteratorBase&, at::native::ConvertToFloat8E4M3fnOp<c10::BFloat16> const&)::{lambda(int)#1}>(int, at::native::gpu_kernel_impl_nocast<at::native::ConvertToFloat8E4M3fnOp<c10::BFloat16> >(at::TensorIteratorBase&, at::native::ConvertToFloat8E4M3fnOp<c10::BFloat16> const&)::{lambda(int)#1})	elementwise_copy	1.70	0.10	[32, 1, 1]
626	void at::native::elementwise_kernel<128, 4, at::native::gpu_kernel_impl_nocast<at::native::ConvertToFloat8E4M3fnOp<c10::BFloat16> >(at::TensorIteratorBase&, at::native::ConvertToFloat8E4M3fnOp<c10::BFloat16> const&)::{lambda(int)#1}>(int, at::native::gpu_kernel_impl_nocast<at::native::ConvertToFloat8E4M3fnOp<c10::BFloat16> >(at::TensorIteratorBase&, at::native::ConvertToFloat8E4M3fnOp<c10::BFloat16> const&)::{lambda(int)#1})	elementwise_copy	1.63	0.10	[32, 1, 1]
627	void sglang::store_kvcache_kernel<2048l, 2048l, 128u, true, long>(sglang::StoreKVCacheParams)	norm_rope_kv	1.12	0.19	[32, 1, 1]
628	_fwd_grouped_kernel_stage1	attention	29.95	0.10	[8, 8, 8]
629	_fwd_kernel_stage2	attention	2.18	0.19	[8, 16, 1]
630	void sglang::per_token_quant_fp8_cta_kernel<__nv_bfloat16, 8>(__nv_bfloat16 const*, __nv_fp8_e4m3*, float*, unsigned int)	act_quant	1.79	0.10	[8, 1, 1]
631	_ZN7cutlass13device_kernelINS_4gemm6kernel13GemmUniversalIN4cute5tupleIJiiiiEEENS1_10collective13CollectiveMmaINS1_31MainloopSm120TmaWarpSpecializedILi2ELi2ENS5_IJNS4_1CILi1EEESB_SB_EEENS1_40KernelTmaWarpSpecializedCooperativeSm120ILi2EEEEENS5_IJNSA_ILi128EEESG_SG_EEENS_12float_e4m3_tENS5_IJlSB_lEEESI_SJ_NS4_8TiledMMAINS4_8MMA_AtomIJNS4_16SM120_16x8x32_TNISI_SI_fEEEEENS4_6LayoutINS5_IJNSA_ILi4EEENSA_ILi2EEESB_EEENS5_IJSB_SQ_NSA_ILi0EEEEEEEENS5_IJSG_NSA_ILi32EEESW_EEEEENS4_13SM90_TMA_LOADENS4_14ComposedLayoutINS4_7SwizzleILi3ELi4ELi3EEENS4_18smem_ptr_flag_bitsILi8EEENSP_INS5_IJNSA_ILi8EEESG_EEENS5_IJSG_SB_EEEEEEENS4_9Copy_AtomIJNS4_17SM75_U32x4_LDSM_NEhEEENS4_8identityESZ_S19_S1C_S1D_EENS_8epilogue10collective18CollectiveEpilogueINS1F_22Sm90TmaWarpSpecializedILi2ELi2ELi4ELb0ELb1EEEJSH_NS5_IJNSA_ILi64EEESW_EEEvSJ_NS_10bfloat16_tESJ_NS1F_6fusion15Sm90TreeVisitorINS1N_11Sm90ComputeINS_10multipliesES1M_fLNS_15FloatRoundStyleE2EvEEJNS1N_16Sm90ColBroadcastILi0ESH_ffNS5_IJSB_ST_ST_EEELi4ELb1EEENS1O_INS1P_IS1Q_ffLS1R_2EvEEJNS1N_16Sm90RowBroadcastILi0ESH_ffNS5_IJST_SB_ST_EEELi4ELb1EEENS1N_12Sm90AccFetchEEEEEEESZ_NS10_INS11_ILi2ELi4ELi3EEENS13_ILi16EEENSP_INS5_IJS15_SW_EEENS5_IJSW_SB_EEEEEEENS4_17SM75_U32x2_LDSM_NENS4_14SM90_TMA_STOREES28_NS4_17SM90_U32x2_STSM_NENS1A_IJS2B_NS_6half_tEEEEvEEEvvEEEEvNT_6ParamsE	dense_gemm	49.98	0.10	[1, 22, 1]
632	kernel_cutlass_kernel_flashinfernormkernelsrmsnormRMSNormKernel_object_at__tensorptrbf16gmemalign128oi64281628161_tensorptrbf16gmemalign16o28161_tensorptrbf16gmemalign128oi64281628161___T_0	norm_rope_kv	2.50	-0.29	[2, 1, 1]
633	kernel_cutlass_kernel_flashinfernormkernelsfused_add_rmsnormFusedAddRMSNormKernel_object_at__tensorptrbf16gmemalign128oi64281628161_tensorptrbf16gmemalign128oi64281628161_tensorptrbf16gme_0	norm_rope_kv	2.46	0.06	[2, 1, 1]
634	void sglang::per_token_quant_fp8_cta_kernel<__nv_bfloat16, 8>(__nv_bfloat16 const*, __nv_fp8_e4m3*, float*, unsigned int)	act_quant	1.54	0.09	[8, 1, 1]
635	_ZN7cutlass13device_kernelINS_4gemm6kernel13GemmUniversalIN4cute5tupleIJiiiiEEENS1_10collective13CollectiveMmaINS1_31MainloopSm120TmaWarpSpecializedILi2ELi2ENS5_IJNS4_1CILi1EEESB_SB_EEENS1_40KernelTmaWarpSpecializedCooperativeSm120ILi2EEEEENS5_IJNSA_ILi128EEESG_SG_EEENS_12float_e4m3_tENS5_IJlSB_lEEESI_SJ_NS4_8TiledMMAINS4_8MMA_AtomIJNS4_16SM120_16x8x32_TNISI_SI_fEEEEENS4_6LayoutINS5_IJNSA_ILi4EEENSA_ILi2EEESB_EEENS5_IJSB_SQ_NSA_ILi0EEEEEEEENS5_IJSG_NSA_ILi32EEESW_EEEEENS4_13SM90_TMA_LOADENS4_14ComposedLayoutINS4_7SwizzleILi3ELi4ELi3EEENS4_18smem_ptr_flag_bitsILi8EEENSP_INS5_IJNSA_ILi8EEESG_EEENS5_IJSG_SB_EEEEEEENS4_9Copy_AtomIJNS4_17SM75_U32x4_LDSM_NEhEEENS4_8identityESZ_S19_S1C_S1D_EENS_8epilogue10collective18CollectiveEpilogueINS1F_22Sm90TmaWarpSpecializedILi2ELi2ELi4ELb0ELb1EEEJSH_NS5_IJNSA_ILi64EEESW_EEEvSJ_NS_10bfloat16_tESJ_NS1F_6fusion15Sm90TreeVisitorINS1N_11Sm90ComputeINS_10multipliesES1M_fLNS_15FloatRoundStyleE2EvEEJNS1N_16Sm90ColBroadcastILi0ESH_ffNS5_IJSB_ST_ST_EEELi4ELb1EEENS1O_INS1P_IS1Q_ffLS1R_2EvEEJNS1N_16Sm90RowBroadcastILi0ESH_ffNS5_IJST_SB_ST_EEELi4ELb1EEENS1N_12Sm90AccFetchEEEEEEESZ_NS10_INS11_ILi2ELi4ELi3EEENS13_ILi16EEENSP_INS5_IJS15_SW_EEENS5_IJSW_SB_EEEEEEENS4_17SM75_U32x2_LDSM_NENS4_14SM90_TMA_STOREES28_NS4_17SM90_U32x2_STSM_NENS1A_IJS2B_NS_6half_tEEEEvEEEvvEEEEvNT_6ParamsE	dense_gemm	35.52	0.10	[1, 33, 1]
636	void sglang::act_and_mul_kernel<__nv_bfloat16, (sglang::ActivationKind)2, true, false, false, false>(sglang::ActivationParams)	elementwise_copy	1.50	0.19	[5, 1, 1]
637	void sglang::per_token_quant_fp8_cta_kernel<__nv_bfloat16, 8>(__nv_bfloat16 const*, __nv_fp8_e4m3*, float*, unsigned int)	act_quant	1.50	0.06	[8, 1, 1]
638	_ZN7cutlass13device_kernelINS_4gemm6kernel13GemmUniversalIN4cute5tupleIJiiiiEEENS1_10collective13CollectiveMmaINS1_31MainloopSm120TmaWarpSpecializedILi2ELi2ENS5_IJNS4_1CILi1EEESB_SB_EEENS1_40KernelTmaWarpSpecializedCooperativeSm120ILi2EEEEENS5_IJNSA_ILi128EEESG_SG_EEENS_12float_e4m3_tENS5_IJlSB_lEEESI_SJ_NS4_8TiledMMAINS4_8MMA_AtomIJNS4_16SM120_16x8x32_TNISI_SI_fEEEEENS4_6LayoutINS5_IJNSA_ILi4EEENSA_ILi2EEESB_EEENS5_IJSB_SQ_NSA_ILi0EEEEEEEENS5_IJSG_NSA_ILi32EEESW_EEEEENS4_13SM90_TMA_LOADENS4_14ComposedLayoutINS4_7SwizzleILi3ELi4ELi3EEENS4_18smem_ptr_flag_bitsILi8EEENSP_INS5_IJNSA_ILi8EEESG_EEENS5_IJSG_SB_EEEEEEENS4_9Copy_AtomIJNS4_17SM75_U32x4_LDSM_NEhEEENS4_8identityESZ_S19_S1C_S1D_EENS_8epilogue10collective18CollectiveEpilogueINS1F_22Sm90TmaWarpSpecializedILi2ELi2ELi4ELb0ELb1EEEJSH_NS5_IJNSA_ILi64EEESW_EEEvSJ_NS_10bfloat16_tESJ_NS1F_6fusion15Sm90TreeVisitorINS1N_11Sm90ComputeINS_10multipliesES1M_fLNS_15FloatRoundStyleE2EvEEJNS1N_16Sm90ColBroadcastILi0ESH_ffNS5_IJSB_ST_ST_EEELi4ELb1EEENS1O_INS1P_IS1Q_ffLS1R_2EvEEJNS1N_16Sm90RowBroadcastILi0ESH_ffNS5_IJST_SB_ST_EEELi4ELb1EEENS1N_12Sm90AccFetchEEEEEEESZ_NS10_INS11_ILi2ELi4ELi3EEENS13_ILi16EEENSP_INS5_IJS15_SW_EEENS5_IJSW_SB_EEEEEEENS4_17SM75_U32x2_LDSM_NENS4_14SM90_TMA_STOREES28_NS4_17SM90_U32x2_STSM_NENS1A_IJS2B_NS_6half_tEEEEvEEEvvEEEEvNT_6ParamsE	dense_gemm	28.13	0.10	[1, 22, 1]
639	kernel_cutlass_kernel_flashinfernormkernelsrmsnormRMSNormKernel_object_at__tensorptrbf16gmemalign128oi64281628161_tensorptrbf16gmemalign16o28161_tensorptrbf16gmemalign128oi64281628161___T_0	norm_rope_kv	2.34	0.22	[2, 1, 1]
640	void cutlass::Kernel2<cutlass_80_wmma_tensorop_bf16_s161616gemm_bf16_16x16_128x2_tn_align8>(cutlass_80_wmma_tensorop_bf16_s161616gemm_bf16_16x16_128x2_tn_align8::Params)	dense_gemm	3.36	0.10	[8, 1, 9]
641	void cublasLt::splitKreduce_kernel<32, 16, int, __nv_bfloat16, __nv_bfloat16, float, __nv_bfloat16, false, __nv_bfloat16, __nv_bfloat16, __nv_bfloat16, true, false, false, false>(cublasLt::cublasSplitKParams<float>, __nv_bfloat16 const*, __nv_bfloat16 const*, __nv_bfloat16*, __nv_bfloat16*, float const*, float const*, __nv_bfloat16 const*, __nv_bfloat16 const*, __nv_bfloat16*, void*, long, float*, int*, float*, float*, float const*, float const*, float const*, float const*, float const*)	dense_gemm	1.25	0.10	[4, 1, 1]
642	kernel_cutlass_kernel_flashinfernormkernelsrmsnormRMSNormKernel_object_at__tensorptrbf16gmemalign128oi64281628161_tensorptrbf16gmemalign16o28161_tensorptrbf16gmemalign128oi64281628161___T_0	norm_rope_kv	2.40	-0.26	[2, 1, 1]
643	_gemma4_routing_kernel	moe_route	1.79	0.10	[8, 1, 1]
644	_moe_align_small_numel_kernel	moe_route	3.39	0.19	[1, 1, 1]
645	void sglang::per_token_quant_fp8_cta_kernel<__nv_bfloat16, 8>(__nv_bfloat16 const*, __nv_fp8_e4m3*, float*, unsigned int)	act_quant	1.66	0.10	[8, 1, 1]
646	fused_moe_kernel	moe_gemm	98.85	-0.19	[704, 1, 1]
647	void sglang::act_and_mul_kernel<__nv_bfloat16, (sglang::ActivationKind)1, true, false, false, false>(sglang::ActivationParams)	elementwise_copy	18.56	-17.50	[11, 1, 1]
648	void sglang::per_token_quant_fp8_cta_kernel<__nv_bfloat16, 8>(__nv_bfloat16 const*, __nv_fp8_e4m3*, float*, unsigned int)	act_quant	1.41	0.10	[64, 1, 1]
649	fused_moe_kernel	moe_gemm	52.10	-0.19	[1408, 1, 1]
650	_moe_sum_reduce_kernel	moe_route	3.14	-1.98	[8, 2, 1]
651	_gemma_dual_rmsnorm_residual_kernel	norm_rope_kv	2.40	0.06	[8, 1, 1]
652	kernel_cutlass_kernel_flashinfernormkernelsrmsnormRMSNormKernel_object_at__tensorptrbf16gmemalign128oi64281628161_tensorptrbf16gmemalign16o28161_tensorptrbf16gmemalign128oi64281628161___T_0	norm_rope_kv	2.40	0.22	[2, 1, 1]
653	void sglang::per_token_quant_fp8_cta_kernel<__nv_bfloat16, 8>(__nv_bfloat16 const*, __nv_fp8_e4m3*, float*, unsigned int)	act_quant	1.47	0.10	[8, 1, 1]
654	_ZN7cutlass13device_kernelINS_4gemm6kernel13GemmUniversalIN4cute5tupleIJiiiiEEENS1_10collective13CollectiveMmaINS1_31MainloopSm120TmaWarpSpecializedILi2ELi2ENS5_IJNS4_1CILi1EEESB_SB_EEENS1_40KernelTmaWarpSpecializedCooperativeSm120ILi2EEEEENS5_IJNSA_ILi128EEESG_SG_EEENS_12float_e4m3_tENS5_IJlSB_lEEESI_SJ_NS4_8TiledMMAINS4_8MMA_AtomIJNS4_16SM120_16x8x32_TNISI_SI_fEEEEENS4_6LayoutINS5_IJNSA_ILi4EEENSA_ILi2EEESB_EEENS5_IJSB_SQ_NSA_ILi0EEEEEEEENS5_IJSG_NSA_ILi32EEESW_EEEEENS4_13SM90_TMA_LOADENS4_14ComposedLayoutINS4_7SwizzleILi3ELi4ELi3EEENS4_18smem_ptr_flag_bitsILi8EEENSP_INS5_IJNSA_ILi8EEESG_EEENS5_IJSG_SB_EEEEEEENS4_9Copy_AtomIJNS4_17SM75_U32x4_LDSM_NEhEEENS4_8identityESZ_S19_S1C_S1D_EENS_8epilogue10collective18CollectiveEpilogueINS1F_22Sm90TmaWarpSpecializedILi2ELi2ELi4ELb0ELb1EEEJSH_NS5_IJNSA_ILi64EEESW_EEEvSJ_NS_10bfloat16_tESJ_NS1F_6fusion15Sm90TreeVisitorINS1N_11Sm90ComputeINS_10multipliesES1M_fLNS_15FloatRoundStyleE2EvEEJNS1N_16Sm90ColBroadcastILi0ESH_ffNS5_IJSB_ST_ST_EEELi4ELb1EEENS1O_INS1P_IS1Q_ffLS1R_2EvEEJNS1N_16Sm90RowBroadcastILi0ESH_ffNS5_IJST_SB_ST_EEELi4ELb1EEENS1N_12Sm90AccFetchEEEEEEESZ_NS10_INS11_ILi2ELi4ELi3EEENS13_ILi16EEENSP_INS5_IJS15_SW_EEENS5_IJSW_SB_EEEEEEENS4_17SM75_U32x2_LDSM_NENS4_14SM90_TMA_STOREES28_NS4_17SM90_U32x2_STSM_NENS1A_IJS2B_NS_6half_tEEEEvEEEvvEEEEvNT_6ParamsE	dense_gemm	36.03	0.10	[1, 64, 1]
655	_gemma_qkv_rmsnorm_kernel	norm_rope_kv	1.44	0.10	[8, 32, 1]
656	void sglang::fused_rope_kernel<true, 256l, true, __nv_bfloat16, __nv_bfloat16, long, 32u>(sglang::FusedRopeParams)	norm_rope_kv	1.50	0.19	[48, 1, 1]
657	void at::native::elementwise_kernel<128, 4, at::native::gpu_kernel_impl_nocast<at::native::BUnaryFunctor<c10::BFloat16, c10::BFloat16, c10::BFloat16, at::native::binary_internal::MulFunctor<float> > >(at::TensorIteratorBase&, at::native::BUnaryFunctor<c10::BFloat16, c10::BFloat16, c10::BFloat16, at::native::binary_internal::MulFunctor<float> > const&)::{lambda(int)#1}>(int, at::native::gpu_kernel_impl_nocast<at::native::BUnaryFunctor<c10::BFloat16, c10::BFloat16, c10::BFloat16, at::native::binary_internal::MulFunctor<float> > >(at::TensorIteratorBase&, at::native::BUnaryFunctor<c10::BFloat16, c10::BFloat16, c10::BFloat16, at::native::binary_internal::MulFunctor<float> > const&)::{lambda(int)#1})	elementwise_copy	1.70	0.09	[32, 1, 1]
658	void at::native::elementwise_kernel<128, 4, at::native::gpu_kernel_impl_nocast<at::native::BUnaryFunctor<c10::BFloat16, c10::BFloat16, c10::BFloat16, at::native::binary_internal::MulFunctor<float> > >(at::TensorIteratorBase&, at::native::BUnaryFunctor<c10::BFloat16, c10::BFloat16, c10::BFloat16, at::native::binary_internal::MulFunctor<float> > const&)::{lambda(int)#1}>(int, at::native::gpu_kernel_impl_nocast<at::native::BUnaryFunctor<c10::BFloat16, c10::BFloat16, c10::BFloat16, at::native::binary_internal::MulFunctor<float> > >(at::TensorIteratorBase&, at::native::BUnaryFunctor<c10::BFloat16, c10::BFloat16, c10::BFloat16, at::native::binary_internal::MulFunctor<float> > const&)::{lambda(int)#1})	elementwise_copy	1.47	0.10	[32, 1, 1]
659	void at::native::elementwise_kernel<128, 4, at::native::gpu_kernel_impl_nocast<at::native::ConvertToFloat8E4M3fnOp<c10::BFloat16> >(at::TensorIteratorBase&, at::native::ConvertToFloat8E4M3fnOp<c10::BFloat16> const&)::{lambda(int)#1}>(int, at::native::gpu_kernel_impl_nocast<at::native::ConvertToFloat8E4M3fnOp<c10::BFloat16> >(at::TensorIteratorBase&, at::native::ConvertToFloat8E4M3fnOp<c10::BFloat16> const&)::{lambda(int)#1})	elementwise_copy	1.67	0.10	[32, 1, 1]
660	void at::native::elementwise_kernel<128, 4, at::native::gpu_kernel_impl_nocast<at::native::ConvertToFloat8E4M3fnOp<c10::BFloat16> >(at::TensorIteratorBase&, at::native::ConvertToFloat8E4M3fnOp<c10::BFloat16> const&)::{lambda(int)#1}>(int, at::native::gpu_kernel_impl_nocast<at::native::ConvertToFloat8E4M3fnOp<c10::BFloat16> >(at::TensorIteratorBase&, at::native::ConvertToFloat8E4M3fnOp<c10::BFloat16> const&)::{lambda(int)#1})	elementwise_copy	1.60	0.09	[32, 1, 1]
661	void sglang::store_kvcache_kernel<2048l, 2048l, 128u, true, long>(sglang::StoreKVCacheParams)	norm_rope_kv	1.06	0.19	[32, 1, 1]
662	_fwd_grouped_kernel_stage1	attention	28.93	0.10	[8, 8, 8]
663	_fwd_kernel_stage2	attention	2.18	0.22	[8, 16, 1]
664	void sglang::per_token_quant_fp8_cta_kernel<__nv_bfloat16, 8>(__nv_bfloat16 const*, __nv_fp8_e4m3*, float*, unsigned int)	act_quant	1.79	0.06	[8, 1, 1]
665	_ZN7cutlass13device_kernelINS_4gemm6kernel13GemmUniversalIN4cute5tupleIJiiiiEEENS1_10collective13CollectiveMmaINS1_31MainloopSm120TmaWarpSpecializedILi2ELi2ENS5_IJNS4_1CILi1EEESB_SB_EEENS1_40KernelTmaWarpSpecializedCooperativeSm120ILi2EEEEENS5_IJNSA_ILi128EEESG_SG_EEENS_12float_e4m3_tENS5_IJlSB_lEEESI_SJ_NS4_8TiledMMAINS4_8MMA_AtomIJNS4_16SM120_16x8x32_TNISI_SI_fEEEEENS4_6LayoutINS5_IJNSA_ILi4EEENSA_ILi2EEESB_EEENS5_IJSB_SQ_NSA_ILi0EEEEEEEENS5_IJSG_NSA_ILi32EEESW_EEEEENS4_13SM90_TMA_LOADENS4_14ComposedLayoutINS4_7SwizzleILi3ELi4ELi3EEENS4_18smem_ptr_flag_bitsILi8EEENSP_INS5_IJNSA_ILi8EEESG_EEENS5_IJSG_SB_EEEEEEENS4_9Copy_AtomIJNS4_17SM75_U32x4_LDSM_NEhEEENS4_8identityESZ_S19_S1C_S1D_EENS_8epilogue10collective18CollectiveEpilogueINS1F_22Sm90TmaWarpSpecializedILi2ELi2ELi4ELb0ELb1EEEJSH_NS5_IJNSA_ILi64EEESW_EEEvSJ_NS_10bfloat16_tESJ_NS1F_6fusion15Sm90TreeVisitorINS1N_11Sm90ComputeINS_10multipliesES1M_fLNS_15FloatRoundStyleE2EvEEJNS1N_16Sm90ColBroadcastILi0ESH_ffNS5_IJSB_ST_ST_EEELi4ELb1EEENS1O_INS1P_IS1Q_ffLS1R_2EvEEJNS1N_16Sm90RowBroadcastILi0ESH_ffNS5_IJST_SB_ST_EEELi4ELb1EEENS1N_12Sm90AccFetchEEEEEEESZ_NS10_INS11_ILi2ELi4ELi3EEENS13_ILi16EEENSP_INS5_IJS15_SW_EEENS5_IJSW_SB_EEEEEEENS4_17SM75_U32x2_LDSM_NENS4_14SM90_TMA_STOREES28_NS4_17SM90_U32x2_STSM_NENS1A_IJS2B_NS_6half_tEEEEvEEEvvEEEEvNT_6ParamsE	dense_gemm	49.63	0.10	[1, 22, 1]
666	kernel_cutlass_kernel_flashinfernormkernelsrmsnormRMSNormKernel_object_at__tensorptrbf16gmemalign128oi64281628161_tensorptrbf16gmemalign16o28161_tensorptrbf16gmemalign128oi64281628161___T_0	norm_rope_kv	2.75	-0.22	[2, 1, 1]
667	kernel_cutlass_kernel_flashinfernormkernelsfused_add_rmsnormFusedAddRMSNormKernel_object_at__tensorptrbf16gmemalign128oi64281628161_tensorptrbf16gmemalign128oi64281628161_tensorptrbf16gme_0	norm_rope_kv	2.46	0.10	[2, 1, 1]
668	void sglang::per_token_quant_fp8_cta_kernel<__nv_bfloat16, 8>(__nv_bfloat16 const*, __nv_fp8_e4m3*, float*, unsigned int)	act_quant	1.54	0.06	[8, 1, 1]
669	_ZN7cutlass13device_kernelINS_4gemm6kernel13GemmUniversalIN4cute5tupleIJiiiiEEENS1_10collective13CollectiveMmaINS1_31MainloopSm120TmaWarpSpecializedILi2ELi2ENS5_IJNS4_1CILi1EEESB_SB_EEENS1_40KernelTmaWarpSpecializedCooperativeSm120ILi2EEEEENS5_IJNSA_ILi128EEESG_SG_EEENS_12float_e4m3_tENS5_IJlSB_lEEESI_SJ_NS4_8TiledMMAINS4_8MMA_AtomIJNS4_16SM120_16x8x32_TNISI_SI_fEEEEENS4_6LayoutINS5_IJNSA_ILi4EEENSA_ILi2EEESB_EEENS5_IJSB_SQ_NSA_ILi0EEEEEEEENS5_IJSG_NSA_ILi32EEESW_EEEEENS4_13SM90_TMA_LOADENS4_14ComposedLayoutINS4_7SwizzleILi3ELi4ELi3EEENS4_18smem_ptr_flag_bitsILi8EEENSP_INS5_IJNSA_ILi8EEESG_EEENS5_IJSG_SB_EEEEEEENS4_9Copy_AtomIJNS4_17SM75_U32x4_LDSM_NEhEEENS4_8identityESZ_S19_S1C_S1D_EENS_8epilogue10collective18CollectiveEpilogueINS1F_22Sm90TmaWarpSpecializedILi2ELi2ELi4ELb0ELb1EEEJSH_NS5_IJNSA_ILi64EEESW_EEEvSJ_NS_10bfloat16_tESJ_NS1F_6fusion15Sm90TreeVisitorINS1N_11Sm90ComputeINS_10multipliesES1M_fLNS_15FloatRoundStyleE2EvEEJNS1N_16Sm90ColBroadcastILi0ESH_ffNS5_IJSB_ST_ST_EEELi4ELb1EEENS1O_INS1P_IS1Q_ffLS1R_2EvEEJNS1N_16Sm90RowBroadcastILi0ESH_ffNS5_IJST_SB_ST_EEELi4ELb1EEENS1N_12Sm90AccFetchEEEEEEESZ_NS10_INS11_ILi2ELi4ELi3EEENS13_ILi16EEENSP_INS5_IJS15_SW_EEENS5_IJSW_SB_EEEEEEENS4_17SM75_U32x2_LDSM_NENS4_14SM90_TMA_STOREES28_NS4_17SM90_U32x2_STSM_NENS1A_IJS2B_NS_6half_tEEEEvEEEvvEEEEvNT_6ParamsE	dense_gemm	35.52	0.06	[1, 33, 1]
670	void sglang::act_and_mul_kernel<__nv_bfloat16, (sglang::ActivationKind)2, true, false, false, false>(sglang::ActivationParams)	elementwise_copy	1.44	0.19	[5, 1, 1]
671	void sglang::per_token_quant_fp8_cta_kernel<__nv_bfloat16, 8>(__nv_bfloat16 const*, __nv_fp8_e4m3*, float*, unsigned int)	act_quant	1.50	0.10	[8, 1, 1]
672	_ZN7cutlass13device_kernelINS_4gemm6kernel13GemmUniversalIN4cute5tupleIJiiiiEEENS1_10collective13CollectiveMmaINS1_31MainloopSm120TmaWarpSpecializedILi2ELi2ENS5_IJNS4_1CILi1EEESB_SB_EEENS1_40KernelTmaWarpSpecializedCooperativeSm120ILi2EEEEENS5_IJNSA_ILi128EEESG_SG_EEENS_12float_e4m3_tENS5_IJlSB_lEEESI_SJ_NS4_8TiledMMAINS4_8MMA_AtomIJNS4_16SM120_16x8x32_TNISI_SI_fEEEEENS4_6LayoutINS5_IJNSA_ILi4EEENSA_ILi2EEESB_EEENS5_IJSB_SQ_NSA_ILi0EEEEEEEENS5_IJSG_NSA_ILi32EEESW_EEEEENS4_13SM90_TMA_LOADENS4_14ComposedLayoutINS4_7SwizzleILi3ELi4ELi3EEENS4_18smem_ptr_flag_bitsILi8EEENSP_INS5_IJNSA_ILi8EEESG_EEENS5_IJSG_SB_EEEEEEENS4_9Copy_AtomIJNS4_17SM75_U32x4_LDSM_NEhEEENS4_8identityESZ_S19_S1C_S1D_EENS_8epilogue10collective18CollectiveEpilogueINS1F_22Sm90TmaWarpSpecializedILi2ELi2ELi4ELb0ELb1EEEJSH_NS5_IJNSA_ILi64EEESW_EEEvSJ_NS_10bfloat16_tESJ_NS1F_6fusion15Sm90TreeVisitorINS1N_11Sm90ComputeINS_10multipliesES1M_fLNS_15FloatRoundStyleE2EvEEJNS1N_16Sm90ColBroadcastILi0ESH_ffNS5_IJSB_ST_ST_EEELi4ELb1EEENS1O_INS1P_IS1Q_ffLS1R_2EvEEJNS1N_16Sm90RowBroadcastILi0ESH_ffNS5_IJST_SB_ST_EEELi4ELb1EEENS1N_12Sm90AccFetchEEEEEEESZ_NS10_INS11_ILi2ELi4ELi3EEENS13_ILi16EEENSP_INS5_IJS15_SW_EEENS5_IJSW_SB_EEEEEEENS4_17SM75_U32x2_LDSM_NENS4_14SM90_TMA_STOREES28_NS4_17SM90_U32x2_STSM_NENS1A_IJS2B_NS_6half_tEEEEvEEEvvEEEEvNT_6ParamsE	dense_gemm	28.19	0.10	[1, 22, 1]
673	kernel_cutlass_kernel_flashinfernormkernelsrmsnormRMSNormKernel_object_at__tensorptrbf16gmemalign128oi64281628161_tensorptrbf16gmemalign16o28161_tensorptrbf16gmemalign128oi64281628161___T_0	norm_rope_kv	2.37	0.22	[2, 1, 1]
674	void cutlass::Kernel2<cutlass_80_wmma_tensorop_bf16_s161616gemm_bf16_16x16_128x2_tn_align8>(cutlass_80_wmma_tensorop_bf16_s161616gemm_bf16_16x16_128x2_tn_align8::Params)	dense_gemm	3.36	0.10	[8, 1, 9]
675	void cublasLt::splitKreduce_kernel<32, 16, int, __nv_bfloat16, __nv_bfloat16, float, __nv_bfloat16, false, __nv_bfloat16, __nv_bfloat16, __nv_bfloat16, true, false, false, false>(cublasLt::cublasSplitKParams<float>, __nv_bfloat16 const*, __nv_bfloat16 const*, __nv_bfloat16*, __nv_bfloat16*, float const*, float const*, __nv_bfloat16 const*, __nv_bfloat16 const*, __nv_bfloat16*, void*, long, float*, int*, float*, float*, float const*, float const*, float const*, float const*, float const*)	dense_gemm	1.28	0.10	[4, 1, 1]
676	kernel_cutlass_kernel_flashinfernormkernelsrmsnormRMSNormKernel_object_at__tensorptrbf16gmemalign128oi64281628161_tensorptrbf16gmemalign16o28161_tensorptrbf16gmemalign128oi64281628161___T_0	norm_rope_kv	2.46	-0.32	[2, 1, 1]
677	_gemma4_routing_kernel	moe_route	1.76	0.06	[8, 1, 1]
678	_moe_align_small_numel_kernel	moe_route	3.39	0.19	[1, 1, 1]
679	void sglang::per_token_quant_fp8_cta_kernel<__nv_bfloat16, 8>(__nv_bfloat16 const*, __nv_fp8_e4m3*, float*, unsigned int)	act_quant	1.63	0.10	[8, 1, 1]
680	fused_moe_kernel	moe_gemm	106.18	-0.16	[704, 1, 1]
681	void sglang::act_and_mul_kernel<__nv_bfloat16, (sglang::ActivationKind)1, true, false, false, false>(sglang::ActivationParams)	elementwise_copy	25.02	-23.71	[11, 1, 1]
682	void sglang::per_token_quant_fp8_cta_kernel<__nv_bfloat16, 8>(__nv_bfloat16 const*, __nv_fp8_e4m3*, float*, unsigned int)	act_quant	1.41	0.10	[64, 1, 1]
683	fused_moe_kernel	moe_gemm	55.46	-0.19	[1408, 1, 1]
684	_moe_sum_reduce_kernel	moe_route	3.04	-2.14	[8, 2, 1]
685	_gemma_dual_rmsnorm_residual_kernel	norm_rope_kv	2.30	0.10	[8, 1, 1]
686	kernel_cutlass_kernel_flashinfernormkernelsrmsnormRMSNormKernel_object_at__tensorptrbf16gmemalign128oi64281628161_tensorptrbf16gmemalign16o28161_tensorptrbf16gmemalign128oi64281628161___T_0	norm_rope_kv	2.46	0.22	[2, 1, 1]
687	void sglang::per_token_quant_fp8_cta_kernel<__nv_bfloat16, 8>(__nv_bfloat16 const*, __nv_fp8_e4m3*, float*, unsigned int)	act_quant	1.47	0.10	[8, 1, 1]
688	_ZN7cutlass13device_kernelINS_4gemm6kernel13GemmUniversalIN4cute5tupleIJiiiiEEENS1_10collective13CollectiveMmaINS1_31MainloopSm120TmaWarpSpecializedILi2ELi2ENS5_IJNS4_1CILi1EEESB_SB_EEENS1_40KernelTmaWarpSpecializedCooperativeSm120ILi2EEEEENS5_IJNSA_ILi128EEESG_SG_EEENS_12float_e4m3_tENS5_IJlSB_lEEESI_SJ_NS4_8TiledMMAINS4_8MMA_AtomIJNS4_16SM120_16x8x32_TNISI_SI_fEEEEENS4_6LayoutINS5_IJNSA_ILi4EEENSA_ILi2EEESB_EEENS5_IJSB_SQ_NSA_ILi0EEEEEEEENS5_IJSG_NSA_ILi32EEESW_EEEEENS4_13SM90_TMA_LOADENS4_14ComposedLayoutINS4_7SwizzleILi3ELi4ELi3EEENS4_18smem_ptr_flag_bitsILi8EEENSP_INS5_IJNSA_ILi8EEESG_EEENS5_IJSG_SB_EEEEEEENS4_9Copy_AtomIJNS4_17SM75_U32x4_LDSM_NEhEEENS4_8identityESZ_S19_S1C_S1D_EENS_8epilogue10collective18CollectiveEpilogueINS1F_22Sm90TmaWarpSpecializedILi2ELi2ELi4ELb0ELb1EEEJSH_NS5_IJNSA_ILi64EEESW_EEEvSJ_NS_10bfloat16_tESJ_NS1F_6fusion15Sm90TreeVisitorINS1N_11Sm90ComputeINS_10multipliesES1M_fLNS_15FloatRoundStyleE2EvEEJNS1N_16Sm90ColBroadcastILi0ESH_ffNS5_IJSB_ST_ST_EEELi4ELb1EEENS1O_INS1P_IS1Q_ffLS1R_2EvEEJNS1N_16Sm90RowBroadcastILi0ESH_ffNS5_IJST_SB_ST_EEELi4ELb1EEENS1N_12Sm90AccFetchEEEEEEESZ_NS10_INS11_ILi2ELi4ELi3EEENS13_ILi16EEENSP_INS5_IJS15_SW_EEENS5_IJSW_SB_EEEEEEENS4_17SM75_U32x2_LDSM_NENS4_14SM90_TMA_STOREES28_NS4_17SM90_U32x2_STSM_NENS1A_IJS2B_NS_6half_tEEEEvEEEvvEEEEvNT_6ParamsE	dense_gemm	36.16	0.10	[1, 64, 1]
689	_gemma_qkv_rmsnorm_kernel	norm_rope_kv	1.44	0.10	[8, 32, 1]
690	void sglang::fused_rope_kernel<true, 256l, true, __nv_bfloat16, __nv_bfloat16, long, 32u>(sglang::FusedRopeParams)	norm_rope_kv	1.44	0.22	[48, 1, 1]
691	void at::native::elementwise_kernel<128, 4, at::native::gpu_kernel_impl_nocast<at::native::BUnaryFunctor<c10::BFloat16, c10::BFloat16, c10::BFloat16, at::native::binary_internal::MulFunctor<float> > >(at::TensorIteratorBase&, at::native::BUnaryFunctor<c10::BFloat16, c10::BFloat16, c10::BFloat16, at::native::binary_internal::MulFunctor<float> > const&)::{lambda(int)#1}>(int, at::native::gpu_kernel_impl_nocast<at::native::BUnaryFunctor<c10::BFloat16, c10::BFloat16, c10::BFloat16, at::native::binary_internal::MulFunctor<float> > >(at::TensorIteratorBase&, at::native::BUnaryFunctor<c10::BFloat16, c10::BFloat16, c10::BFloat16, at::native::binary_internal::MulFunctor<float> > const&)::{lambda(int)#1})	elementwise_copy	1.73	0.10	[32, 1, 1]
692	void at::native::elementwise_kernel<128, 4, at::native::gpu_kernel_impl_nocast<at::native::BUnaryFunctor<c10::BFloat16, c10::BFloat16, c10::BFloat16, at::native::binary_internal::MulFunctor<float> > >(at::TensorIteratorBase&, at::native::BUnaryFunctor<c10::BFloat16, c10::BFloat16, c10::BFloat16, at::native::binary_internal::MulFunctor<float> > const&)::{lambda(int)#1}>(int, at::native::gpu_kernel_impl_nocast<at::native::BUnaryFunctor<c10::BFloat16, c10::BFloat16, c10::BFloat16, at::native::binary_internal::MulFunctor<float> > >(at::TensorIteratorBase&, at::native::BUnaryFunctor<c10::BFloat16, c10::BFloat16, c10::BFloat16, at::native::binary_internal::MulFunctor<float> > const&)::{lambda(int)#1})	elementwise_copy	1.47	0.10	[32, 1, 1]
693	void at::native::elementwise_kernel<128, 4, at::native::gpu_kernel_impl_nocast<at::native::ConvertToFloat8E4M3fnOp<c10::BFloat16> >(at::TensorIteratorBase&, at::native::ConvertToFloat8E4M3fnOp<c10::BFloat16> const&)::{lambda(int)#1}>(int, at::native::gpu_kernel_impl_nocast<at::native::ConvertToFloat8E4M3fnOp<c10::BFloat16> >(at::TensorIteratorBase&, at::native::ConvertToFloat8E4M3fnOp<c10::BFloat16> const&)::{lambda(int)#1})	elementwise_copy	1.70	0.10	[32, 1, 1]
694	void at::native::elementwise_kernel<128, 4, at::native::gpu_kernel_impl_nocast<at::native::ConvertToFloat8E4M3fnOp<c10::BFloat16> >(at::TensorIteratorBase&, at::native::ConvertToFloat8E4M3fnOp<c10::BFloat16> const&)::{lambda(int)#1}>(int, at::native::gpu_kernel_impl_nocast<at::native::ConvertToFloat8E4M3fnOp<c10::BFloat16> >(at::TensorIteratorBase&, at::native::ConvertToFloat8E4M3fnOp<c10::BFloat16> const&)::{lambda(int)#1})	elementwise_copy	1.63	0.10	[32, 1, 1]
695	void sglang::store_kvcache_kernel<2048l, 2048l, 128u, true, long>(sglang::StoreKVCacheParams)	norm_rope_kv	1.02	0.22	[32, 1, 1]
696	_fwd_grouped_kernel_stage1	attention	30.56	0.10	[8, 8, 8]
697	_fwd_kernel_stage2	attention	2.18	0.22	[8, 16, 1]
698	void sglang::per_token_quant_fp8_cta_kernel<__nv_bfloat16, 8>(__nv_bfloat16 const*, __nv_fp8_e4m3*, float*, unsigned int)	act_quant	1.76	0.10	[8, 1, 1]
699	_ZN7cutlass13device_kernelINS_4gemm6kernel13GemmUniversalIN4cute5tupleIJiiiiEEENS1_10collective13CollectiveMmaINS1_31MainloopSm120TmaWarpSpecializedILi2ELi2ENS5_IJNS4_1CILi1EEESB_SB_EEENS1_40KernelTmaWarpSpecializedCooperativeSm120ILi2EEEEENS5_IJNSA_ILi128EEESG_SG_EEENS_12float_e4m3_tENS5_IJlSB_lEEESI_SJ_NS4_8TiledMMAINS4_8MMA_AtomIJNS4_16SM120_16x8x32_TNISI_SI_fEEEEENS4_6LayoutINS5_IJNSA_ILi4EEENSA_ILi2EEESB_EEENS5_IJSB_SQ_NSA_ILi0EEEEEEEENS5_IJSG_NSA_ILi32EEESW_EEEEENS4_13SM90_TMA_LOADENS4_14ComposedLayoutINS4_7SwizzleILi3ELi4ELi3EEENS4_18smem_ptr_flag_bitsILi8EEENSP_INS5_IJNSA_ILi8EEESG_EEENS5_IJSG_SB_EEEEEEENS4_9Copy_AtomIJNS4_17SM75_U32x4_LDSM_NEhEEENS4_8identityESZ_S19_S1C_S1D_EENS_8epilogue10collective18CollectiveEpilogueINS1F_22Sm90TmaWarpSpecializedILi2ELi2ELi4ELb0ELb1EEEJSH_NS5_IJNSA_ILi64EEESW_EEEvSJ_NS_10bfloat16_tESJ_NS1F_6fusion15Sm90TreeVisitorINS1N_11Sm90ComputeINS_10multipliesES1M_fLNS_15FloatRoundStyleE2EvEEJNS1N_16Sm90ColBroadcastILi0ESH_ffNS5_IJSB_ST_ST_EEELi4ELb1EEENS1O_INS1P_IS1Q_ffLS1R_2EvEEJNS1N_16Sm90RowBroadcastILi0ESH_ffNS5_IJST_SB_ST_EEELi4ELb1EEENS1N_12Sm90AccFetchEEEEEEESZ_NS10_INS11_ILi2ELi4ELi3EEENS13_ILi16EEENSP_INS5_IJS15_SW_EEENS5_IJSW_SB_EEEEEEENS4_17SM75_U32x2_LDSM_NENS4_14SM90_TMA_STOREES28_NS4_17SM90_U32x2_STSM_NENS1A_IJS2B_NS_6half_tEEEEvEEEvvEEEEvNT_6ParamsE	dense_gemm	49.79	0.10	[1, 22, 1]
700	kernel_cutlass_kernel_flashinfernormkernelsrmsnormRMSNormKernel_object_at__tensorptrbf16gmemalign128oi64281628161_tensorptrbf16gmemalign16o28161_tensorptrbf16gmemalign128oi64281628161___T_0	norm_rope_kv	2.53	-0.22	[2, 1, 1]
701	kernel_cutlass_kernel_flashinfernormkernelsfused_add_rmsnormFusedAddRMSNormKernel_object_at__tensorptrbf16gmemalign128oi64281628161_tensorptrbf16gmemalign128oi64281628161_tensorptrbf16gme_0	norm_rope_kv	2.46	0.10	[2, 1, 1]
702	void sglang::per_token_quant_fp8_cta_kernel<__nv_bfloat16, 8>(__nv_bfloat16 const*, __nv_fp8_e4m3*, float*, unsigned int)	act_quant	1.50	0.10	[8, 1, 1]
703	_ZN7cutlass13device_kernelINS_4gemm6kernel13GemmUniversalIN4cute5tupleIJiiiiEEENS1_10collective13CollectiveMmaINS1_31MainloopSm120TmaWarpSpecializedILi2ELi2ENS5_IJNS4_1CILi1EEESB_SB_EEENS1_40KernelTmaWarpSpecializedCooperativeSm120ILi2EEEEENS5_IJNSA_ILi128EEESG_SG_EEENS_12float_e4m3_tENS5_IJlSB_lEEESI_SJ_NS4_8TiledMMAINS4_8MMA_AtomIJNS4_16SM120_16x8x32_TNISI_SI_fEEEEENS4_6LayoutINS5_IJNSA_ILi4EEENSA_ILi2EEESB_EEENS5_IJSB_SQ_NSA_ILi0EEEEEEEENS5_IJSG_NSA_ILi32EEESW_EEEEENS4_13SM90_TMA_LOADENS4_14ComposedLayoutINS4_7SwizzleILi3ELi4ELi3EEENS4_18smem_ptr_flag_bitsILi8EEENSP_INS5_IJNSA_ILi8EEESG_EEENS5_IJSG_SB_EEEEEEENS4_9Copy_AtomIJNS4_17SM75_U32x4_LDSM_NEhEEENS4_8identityESZ_S19_S1C_S1D_EENS_8epilogue10collective18CollectiveEpilogueINS1F_22Sm90TmaWarpSpecializedILi2ELi2ELi4ELb0ELb1EEEJSH_NS5_IJNSA_ILi64EEESW_EEEvSJ_NS_10bfloat16_tESJ_NS1F_6fusion15Sm90TreeVisitorINS1N_11Sm90ComputeINS_10multipliesES1M_fLNS_15FloatRoundStyleE2EvEEJNS1N_16Sm90ColBroadcastILi0ESH_ffNS5_IJSB_ST_ST_EEELi4ELb1EEENS1O_INS1P_IS1Q_ffLS1R_2EvEEJNS1N_16Sm90RowBroadcastILi0ESH_ffNS5_IJST_SB_ST_EEELi4ELb1EEENS1N_12Sm90AccFetchEEEEEEESZ_NS10_INS11_ILi2ELi4ELi3EEENS13_ILi16EEENSP_INS5_IJS15_SW_EEENS5_IJSW_SB_EEEEEEENS4_17SM75_U32x2_LDSM_NENS4_14SM90_TMA_STOREES28_NS4_17SM90_U32x2_STSM_NENS1A_IJS2B_NS_6half_tEEEEvEEEvvEEEEvNT_6ParamsE	dense_gemm	35.42	0.13	[1, 33, 1]
704	void sglang::act_and_mul_kernel<__nv_bfloat16, (sglang::ActivationKind)2, true, false, false, false>(sglang::ActivationParams)	elementwise_copy	1.44	0.26	[5, 1, 1]
705	void sglang::per_token_quant_fp8_cta_kernel<__nv_bfloat16, 8>(__nv_bfloat16 const*, __nv_fp8_e4m3*, float*, unsigned int)	act_quant	1.47	0.10	[8, 1, 1]
706	_ZN7cutlass13device_kernelINS_4gemm6kernel13GemmUniversalIN4cute5tupleIJiiiiEEENS1_10collective13CollectiveMmaINS1_31MainloopSm120TmaWarpSpecializedILi2ELi2ENS5_IJNS4_1CILi1EEESB_SB_EEENS1_40KernelTmaWarpSpecializedCooperativeSm120ILi2EEEEENS5_IJNSA_ILi128EEESG_SG_EEENS_12float_e4m3_tENS5_IJlSB_lEEESI_SJ_NS4_8TiledMMAINS4_8MMA_AtomIJNS4_16SM120_16x8x32_TNISI_SI_fEEEEENS4_6LayoutINS5_IJNSA_ILi4EEENSA_ILi2EEESB_EEENS5_IJSB_SQ_NSA_ILi0EEEEEEEENS5_IJSG_NSA_ILi32EEESW_EEEEENS4_13SM90_TMA_LOADENS4_14ComposedLayoutINS4_7SwizzleILi3ELi4ELi3EEENS4_18smem_ptr_flag_bitsILi8EEENSP_INS5_IJNSA_ILi8EEESG_EEENS5_IJSG_SB_EEEEEEENS4_9Copy_AtomIJNS4_17SM75_U32x4_LDSM_NEhEEENS4_8identityESZ_S19_S1C_S1D_EENS_8epilogue10collective18CollectiveEpilogueINS1F_22Sm90TmaWarpSpecializedILi2ELi2ELi4ELb0ELb1EEEJSH_NS5_IJNSA_ILi64EEESW_EEEvSJ_NS_10bfloat16_tESJ_NS1F_6fusion15Sm90TreeVisitorINS1N_11Sm90ComputeINS_10multipliesES1M_fLNS_15FloatRoundStyleE2EvEEJNS1N_16Sm90ColBroadcastILi0ESH_ffNS5_IJSB_ST_ST_EEELi4ELb1EEENS1O_INS1P_IS1Q_ffLS1R_2EvEEJNS1N_16Sm90RowBroadcastILi0ESH_ffNS5_IJST_SB_ST_EEELi4ELb1EEENS1N_12Sm90AccFetchEEEEEEESZ_NS10_INS11_ILi2ELi4ELi3EEENS13_ILi16EEENSP_INS5_IJS15_SW_EEENS5_IJSW_SB_EEEEEEENS4_17SM75_U32x2_LDSM_NENS4_14SM90_TMA_STOREES28_NS4_17SM90_U32x2_STSM_NENS1A_IJS2B_NS_6half_tEEEEvEEEvvEEEEvNT_6ParamsE	dense_gemm	28.03	0.10	[1, 22, 1]
707	kernel_cutlass_kernel_flashinfernormkernelsrmsnormRMSNormKernel_object_at__tensorptrbf16gmemalign128oi64281628161_tensorptrbf16gmemalign16o28161_tensorptrbf16gmemalign128oi64281628161___T_0	norm_rope_kv	2.37	0.23	[2, 1, 1]
708	void cutlass::Kernel2<cutlass_80_wmma_tensorop_bf16_s161616gemm_bf16_16x16_128x2_tn_align8>(cutlass_80_wmma_tensorop_bf16_s161616gemm_bf16_16x16_128x2_tn_align8::Params)	dense_gemm	3.58	0.06	[8, 1, 9]
709	void cublasLt::splitKreduce_kernel<32, 16, int, __nv_bfloat16, __nv_bfloat16, float, __nv_bfloat16, false, __nv_bfloat16, __nv_bfloat16, __nv_bfloat16, true, false, false, false>(cublasLt::cublasSplitKParams<float>, __nv_bfloat16 const*, __nv_bfloat16 const*, __nv_bfloat16*, __nv_bfloat16*, float const*, float const*, __nv_bfloat16 const*, __nv_bfloat16 const*, __nv_bfloat16*, void*, long, float*, int*, float*, float*, float const*, float const*, float const*, float const*, float const*)	dense_gemm	1.28	0.09	[4, 1, 1]
710	kernel_cutlass_kernel_flashinfernormkernelsrmsnormRMSNormKernel_object_at__tensorptrbf16gmemalign128oi64281628161_tensorptrbf16gmemalign16o28161_tensorptrbf16gmemalign128oi64281628161___T_0	norm_rope_kv	2.46	-0.32	[2, 1, 1]
711	_gemma4_routing_kernel	moe_route	1.76	0.06	[8, 1, 1]
712	_moe_align_small_numel_kernel	moe_route	3.36	0.22	[1, 1, 1]
713	void sglang::per_token_quant_fp8_cta_kernel<__nv_bfloat16, 8>(__nv_bfloat16 const*, __nv_fp8_e4m3*, float*, unsigned int)	act_quant	1.66	0.10	[8, 1, 1]
714	fused_moe_kernel	moe_gemm	94.08	-0.22	[704, 1, 1]
715	void sglang::act_and_mul_kernel<__nv_bfloat16, (sglang::ActivationKind)1, true, false, false, false>(sglang::ActivationParams)	elementwise_copy	16.35	-15.30	[11, 1, 1]
716	void sglang::per_token_quant_fp8_cta_kernel<__nv_bfloat16, 8>(__nv_bfloat16 const*, __nv_fp8_e4m3*, float*, unsigned int)	act_quant	1.38	0.10	[64, 1, 1]
717	fused_moe_kernel	moe_gemm	49.73	-0.19	[1408, 1, 1]
718	_moe_sum_reduce_kernel	moe_route	2.98	-2.08	[8, 2, 1]
719	_gemma_dual_rmsnorm_residual_kernel	norm_rope_kv	2.40	0.06	[8, 1, 1]
720	kernel_cutlass_kernel_flashinfernormkernelsrmsnormRMSNormKernel_object_at__tensorptrbf16gmemalign128oi64281628161_tensorptrbf16gmemalign16o28161_tensorptrbf16gmemalign128oi64281628161___T_0	norm_rope_kv	2.40	0.22	[2, 1, 1]
721	void sglang::per_token_quant_fp8_cta_kernel<__nv_bfloat16, 8>(__nv_bfloat16 const*, __nv_fp8_e4m3*, float*, unsigned int)	act_quant	1.50	0.06	[8, 1, 1]
722	_ZN7cutlass13device_kernelINS_4gemm6kernel13GemmUniversalIN4cute5tupleIJiiiiEEENS1_10collective13CollectiveMmaINS1_31MainloopSm120TmaWarpSpecializedILi2ELi2ENS5_IJNS4_1CILi1EEESB_SB_EEENS1_40KernelTmaWarpSpecializedCooperativeSm120ILi2EEEEENS5_IJNSA_ILi128EEESG_SG_EEENS_12float_e4m3_tENS5_IJlSB_lEEESI_SJ_NS4_8TiledMMAINS4_8MMA_AtomIJNS4_16SM120_16x8x32_TNISI_SI_fEEEEENS4_6LayoutINS5_IJNSA_ILi4EEENSA_ILi2EEESB_EEENS5_IJSB_SQ_NSA_ILi0EEEEEEEENS5_IJSG_NSA_ILi32EEESW_EEEEENS4_13SM90_TMA_LOADENS4_14ComposedLayoutINS4_7SwizzleILi3ELi4ELi3EEENS4_18smem_ptr_flag_bitsILi8EEENSP_INS5_IJNSA_ILi8EEESG_EEENS5_IJSG_SB_EEEEEEENS4_9Copy_AtomIJNS4_17SM75_U32x4_LDSM_NEhEEENS4_8identityESZ_S19_S1C_S1D_EENS_8epilogue10collective18CollectiveEpilogueINS1F_22Sm90TmaWarpSpecializedILi2ELi2ELi4ELb0ELb1EEEJSH_NS5_IJNSA_ILi64EEESW_EEEvSJ_NS_10bfloat16_tESJ_NS1F_6fusion15Sm90TreeVisitorINS1N_11Sm90ComputeINS_10multipliesES1M_fLNS_15FloatRoundStyleE2EvEEJNS1N_16Sm90ColBroadcastILi0ESH_ffNS5_IJSB_ST_ST_EEELi4ELb1EEENS1O_INS1P_IS1Q_ffLS1R_2EvEEJNS1N_16Sm90RowBroadcastILi0ESH_ffNS5_IJST_SB_ST_EEELi4ELb1EEENS1N_12Sm90AccFetchEEEEEEESZ_NS10_INS11_ILi2ELi4ELi3EEENS13_ILi16EEENSP_INS5_IJS15_SW_EEENS5_IJSW_SB_EEEEEEENS4_17SM75_U32x2_LDSM_NENS4_14SM90_TMA_STOREES28_NS4_17SM90_U32x2_STSM_NENS1A_IJS2B_NS_6half_tEEEEvEEEvvEEEEvNT_6ParamsE	dense_gemm	35.94	0.10	[1, 64, 1]
723	_gemma_qkv_rmsnorm_kernel	norm_rope_kv	1.57	0.06	[8, 32, 1]
724	void sglang::fused_rope_kernel<true, 256l, true, __nv_bfloat16, __nv_bfloat16, long, 32u>(sglang::FusedRopeParams)	norm_rope_kv	1.47	0.22	[48, 1, 1]
725	void at::native::elementwise_kernel<128, 4, at::native::gpu_kernel_impl_nocast<at::native::BUnaryFunctor<c10::BFloat16, c10::BFloat16, c10::BFloat16, at::native::binary_internal::MulFunctor<float> > >(at::TensorIteratorBase&, at::native::BUnaryFunctor<c10::BFloat16, c10::BFloat16, c10::BFloat16, at::native::binary_internal::MulFunctor<float> > const&)::{lambda(int)#1}>(int, at::native::gpu_kernel_impl_nocast<at::native::BUnaryFunctor<c10::BFloat16, c10::BFloat16, c10::BFloat16, at::native::binary_internal::MulFunctor<float> > >(at::TensorIteratorBase&, at::native::BUnaryFunctor<c10::BFloat16, c10::BFloat16, c10::BFloat16, at::native::binary_internal::MulFunctor<float> > const&)::{lambda(int)#1})	elementwise_copy	1.70	0.10	[32, 1, 1]
726	void at::native::elementwise_kernel<128, 4, at::native::gpu_kernel_impl_nocast<at::native::BUnaryFunctor<c10::BFloat16, c10::BFloat16, c10::BFloat16, at::native::binary_internal::MulFunctor<float> > >(at::TensorIteratorBase&, at::native::BUnaryFunctor<c10::BFloat16, c10::BFloat16, c10::BFloat16, at::native::binary_internal::MulFunctor<float> > const&)::{lambda(int)#1}>(int, at::native::gpu_kernel_impl_nocast<at::native::BUnaryFunctor<c10::BFloat16, c10::BFloat16, c10::BFloat16, at::native::binary_internal::MulFunctor<float> > >(at::TensorIteratorBase&, at::native::BUnaryFunctor<c10::BFloat16, c10::BFloat16, c10::BFloat16, at::native::binary_internal::MulFunctor<float> > const&)::{lambda(int)#1})	elementwise_copy	1.47	0.10	[32, 1, 1]
727	void at::native::elementwise_kernel<128, 4, at::native::gpu_kernel_impl_nocast<at::native::ConvertToFloat8E4M3fnOp<c10::BFloat16> >(at::TensorIteratorBase&, at::native::ConvertToFloat8E4M3fnOp<c10::BFloat16> const&)::{lambda(int)#1}>(int, at::native::gpu_kernel_impl_nocast<at::native::ConvertToFloat8E4M3fnOp<c10::BFloat16> >(at::TensorIteratorBase&, at::native::ConvertToFloat8E4M3fnOp<c10::BFloat16> const&)::{lambda(int)#1})	elementwise_copy	1.63	0.10	[32, 1, 1]
728	void at::native::elementwise_kernel<128, 4, at::native::gpu_kernel_impl_nocast<at::native::ConvertToFloat8E4M3fnOp<c10::BFloat16> >(at::TensorIteratorBase&, at::native::ConvertToFloat8E4M3fnOp<c10::BFloat16> const&)::{lambda(int)#1}>(int, at::native::gpu_kernel_impl_nocast<at::native::ConvertToFloat8E4M3fnOp<c10::BFloat16> >(at::TensorIteratorBase&, at::native::ConvertToFloat8E4M3fnOp<c10::BFloat16> const&)::{lambda(int)#1})	elementwise_copy	1.60	0.10	[32, 1, 1]
729	void sglang::store_kvcache_kernel<2048l, 2048l, 128u, true, long>(sglang::StoreKVCacheParams)	norm_rope_kv	1.06	0.22	[32, 1, 1]
730	_fwd_grouped_kernel_stage1	attention	29.12	0.06	[8, 8, 8]
731	_fwd_kernel_stage2	attention	2.18	0.22	[8, 16, 1]
732	void sglang::per_token_quant_fp8_cta_kernel<__nv_bfloat16, 8>(__nv_bfloat16 const*, __nv_fp8_e4m3*, float*, unsigned int)	act_quant	1.79	0.06	[8, 1, 1]
733	_ZN7cutlass13device_kernelINS_4gemm6kernel13GemmUniversalIN4cute5tupleIJiiiiEEENS1_10collective13CollectiveMmaINS1_31MainloopSm120TmaWarpSpecializedILi2ELi2ENS5_IJNS4_1CILi1EEESB_SB_EEENS1_40KernelTmaWarpSpecializedCooperativeSm120ILi2EEEEENS5_IJNSA_ILi128EEESG_SG_EEENS_12float_e4m3_tENS5_IJlSB_lEEESI_SJ_NS4_8TiledMMAINS4_8MMA_AtomIJNS4_16SM120_16x8x32_TNISI_SI_fEEEEENS4_6LayoutINS5_IJNSA_ILi4EEENSA_ILi2EEESB_EEENS5_IJSB_SQ_NSA_ILi0EEEEEEEENS5_IJSG_NSA_ILi32EEESW_EEEEENS4_13SM90_TMA_LOADENS4_14ComposedLayoutINS4_7SwizzleILi3ELi4ELi3EEENS4_18smem_ptr_flag_bitsILi8EEENSP_INS5_IJNSA_ILi8EEESG_EEENS5_IJSG_SB_EEEEEEENS4_9Copy_AtomIJNS4_17SM75_U32x4_LDSM_NEhEEENS4_8identityESZ_S19_S1C_S1D_EENS_8epilogue10collective18CollectiveEpilogueINS1F_22Sm90TmaWarpSpecializedILi2ELi2ELi4ELb0ELb1EEEJSH_NS5_IJNSA_ILi64EEESW_EEEvSJ_NS_10bfloat16_tESJ_NS1F_6fusion15Sm90TreeVisitorINS1N_11Sm90ComputeINS_10multipliesES1M_fLNS_15FloatRoundStyleE2EvEEJNS1N_16Sm90ColBroadcastILi0ESH_ffNS5_IJSB_ST_ST_EEELi4ELb1EEENS1O_INS1P_IS1Q_ffLS1R_2EvEEJNS1N_16Sm90RowBroadcastILi0ESH_ffNS5_IJST_SB_ST_EEELi4ELb1EEENS1N_12Sm90AccFetchEEEEEEESZ_NS10_INS11_ILi2ELi4ELi3EEENS13_ILi16EEENSP_INS5_IJS15_SW_EEENS5_IJSW_SB_EEEEEEENS4_17SM75_U32x2_LDSM_NENS4_14SM90_TMA_STOREES28_NS4_17SM90_U32x2_STSM_NENS1A_IJS2B_NS_6half_tEEEEvEEEvvEEEEvNT_6ParamsE	dense_gemm	49.54	0.10	[1, 22, 1]
734	kernel_cutlass_kernel_flashinfernormkernelsrmsnormRMSNormKernel_object_at__tensorptrbf16gmemalign128oi64281628161_tensorptrbf16gmemalign16o28161_tensorptrbf16gmemalign128oi64281628161___T_0	norm_rope_kv	2.50	-0.16	[2, 1, 1]
735	kernel_cutlass_kernel_flashinfernormkernelsfused_add_rmsnormFusedAddRMSNormKernel_object_at__tensorptrbf16gmemalign128oi64281628161_tensorptrbf16gmemalign128oi64281628161_tensorptrbf16gme_0	norm_rope_kv	2.46	0.06	[2, 1, 1]
736	void sglang::per_token_quant_fp8_cta_kernel<__nv_bfloat16, 8>(__nv_bfloat16 const*, __nv_fp8_e4m3*, float*, unsigned int)	act_quant	1.50	0.10	[8, 1, 1]
737	_ZN7cutlass13device_kernelINS_4gemm6kernel13GemmUniversalIN4cute5tupleIJiiiiEEENS1_10collective13CollectiveMmaINS1_31MainloopSm120TmaWarpSpecializedILi2ELi2ENS5_IJNS4_1CILi1EEESB_SB_EEENS1_40KernelTmaWarpSpecializedCooperativeSm120ILi2EEEEENS5_IJNSA_ILi128EEESG_SG_EEENS_12float_e4m3_tENS5_IJlSB_lEEESI_SJ_NS4_8TiledMMAINS4_8MMA_AtomIJNS4_16SM120_16x8x32_TNISI_SI_fEEEEENS4_6LayoutINS5_IJNSA_ILi4EEENSA_ILi2EEESB_EEENS5_IJSB_SQ_NSA_ILi0EEEEEEEENS5_IJSG_NSA_ILi32EEESW_EEEEENS4_13SM90_TMA_LOADENS4_14ComposedLayoutINS4_7SwizzleILi3ELi4ELi3EEENS4_18smem_ptr_flag_bitsILi8EEENSP_INS5_IJNSA_ILi8EEESG_EEENS5_IJSG_SB_EEEEEEENS4_9Copy_AtomIJNS4_17SM75_U32x4_LDSM_NEhEEENS4_8identityESZ_S19_S1C_S1D_EENS_8epilogue10collective18CollectiveEpilogueINS1F_22Sm90TmaWarpSpecializedILi2ELi2ELi4ELb0ELb1EEEJSH_NS5_IJNSA_ILi64EEESW_EEEvSJ_NS_10bfloat16_tESJ_NS1F_6fusion15Sm90TreeVisitorINS1N_11Sm90ComputeINS_10multipliesES1M_fLNS_15FloatRoundStyleE2EvEEJNS1N_16Sm90ColBroadcastILi0ESH_ffNS5_IJSB_ST_ST_EEELi4ELb1EEENS1O_INS1P_IS1Q_ffLS1R_2EvEEJNS1N_16Sm90RowBroadcastILi0ESH_ffNS5_IJST_SB_ST_EEELi4ELb1EEENS1N_12Sm90AccFetchEEEEEEESZ_NS10_INS11_ILi2ELi4ELi3EEENS13_ILi16EEENSP_INS5_IJS15_SW_EEENS5_IJSW_SB_EEEEEEENS4_17SM75_U32x2_LDSM_NENS4_14SM90_TMA_STOREES28_NS4_17SM90_U32x2_STSM_NENS1A_IJS2B_NS_6half_tEEEEvEEEvvEEEEvNT_6ParamsE	dense_gemm	35.42	0.13	[1, 33, 1]
738	void sglang::act_and_mul_kernel<__nv_bfloat16, (sglang::ActivationKind)2, true, false, false, false>(sglang::ActivationParams)	elementwise_copy	1.44	0.19	[5, 1, 1]
739	void sglang::per_token_quant_fp8_cta_kernel<__nv_bfloat16, 8>(__nv_bfloat16 const*, __nv_fp8_e4m3*, float*, unsigned int)	act_quant	1.47	0.13	[8, 1, 1]
740	_ZN7cutlass13device_kernelINS_4gemm6kernel13GemmUniversalIN4cute5tupleIJiiiiEEENS1_10collective13CollectiveMmaINS1_31MainloopSm120TmaWarpSpecializedILi2ELi2ENS5_IJNS4_1CILi1EEESB_SB_EEENS1_40KernelTmaWarpSpecializedCooperativeSm120ILi2EEEEENS5_IJNSA_ILi128EEESG_SG_EEENS_12float_e4m3_tENS5_IJlSB_lEEESI_SJ_NS4_8TiledMMAINS4_8MMA_AtomIJNS4_16SM120_16x8x32_TNISI_SI_fEEEEENS4_6LayoutINS5_IJNSA_ILi4EEENSA_ILi2EEESB_EEENS5_IJSB_SQ_NSA_ILi0EEEEEEEENS5_IJSG_NSA_ILi32EEESW_EEEEENS4_13SM90_TMA_LOADENS4_14ComposedLayoutINS4_7SwizzleILi3ELi4ELi3EEENS4_18smem_ptr_flag_bitsILi8EEENSP_INS5_IJNSA_ILi8EEESG_EEENS5_IJSG_SB_EEEEEEENS4_9Copy_AtomIJNS4_17SM75_U32x4_LDSM_NEhEEENS4_8identityESZ_S19_S1C_S1D_EENS_8epilogue10collective18CollectiveEpilogueINS1F_22Sm90TmaWarpSpecializedILi2ELi2ELi4ELb0ELb1EEEJSH_NS5_IJNSA_ILi64EEESW_EEEvSJ_NS_10bfloat16_tESJ_NS1F_6fusion15Sm90TreeVisitorINS1N_11Sm90ComputeINS_10multipliesES1M_fLNS_15FloatRoundStyleE2EvEEJNS1N_16Sm90ColBroadcastILi0ESH_ffNS5_IJSB_ST_ST_EEELi4ELb1EEENS1O_INS1P_IS1Q_ffLS1R_2EvEEJNS1N_16Sm90RowBroadcastILi0ESH_ffNS5_IJST_SB_ST_EEELi4ELb1EEENS1N_12Sm90AccFetchEEEEEEESZ_NS10_INS11_ILi2ELi4ELi3EEENS13_ILi16EEENSP_INS5_IJS15_SW_EEENS5_IJSW_SB_EEEEEEENS4_17SM75_U32x2_LDSM_NENS4_14SM90_TMA_STOREES28_NS4_17SM90_U32x2_STSM_NENS1A_IJS2B_NS_6half_tEEEEvEEEvvEEEEvNT_6ParamsE	dense_gemm	28.16	0.10	[1, 22, 1]
741	kernel_cutlass_kernel_flashinfernormkernelsrmsnormRMSNormKernel_object_at__tensorptrbf16gmemalign128oi64281628161_tensorptrbf16gmemalign16o28161_tensorptrbf16gmemalign128oi64281628161___T_0	norm_rope_kv	2.40	0.19	[2, 1, 1]
742	void cutlass::Kernel2<cutlass_80_wmma_tensorop_bf16_s161616gemm_bf16_16x16_128x2_tn_align8>(cutlass_80_wmma_tensorop_bf16_s161616gemm_bf16_16x16_128x2_tn_align8::Params)	dense_gemm	3.39	0.06	[8, 1, 9]
743	void cublasLt::splitKreduce_kernel<32, 16, int, __nv_bfloat16, __nv_bfloat16, float, __nv_bfloat16, false, __nv_bfloat16, __nv_bfloat16, __nv_bfloat16, true, false, false, false>(cublasLt::cublasSplitKParams<float>, __nv_bfloat16 const*, __nv_bfloat16 const*, __nv_bfloat16*, __nv_bfloat16*, float const*, float const*, __nv_bfloat16 const*, __nv_bfloat16 const*, __nv_bfloat16*, void*, long, float*, int*, float*, float*, float const*, float const*, float const*, float const*, float const*)	dense_gemm	1.28	0.10	[4, 1, 1]
744	kernel_cutlass_kernel_flashinfernormkernelsrmsnormRMSNormKernel_object_at__tensorptrbf16gmemalign128oi64281628161_tensorptrbf16gmemalign16o28161_tensorptrbf16gmemalign128oi64281628161___T_0	norm_rope_kv	2.50	-0.35	[2, 1, 1]
745	_gemma4_routing_kernel	moe_route	1.76	0.10	[8, 1, 1]
746	_moe_align_small_numel_kernel	moe_route	3.36	0.22	[1, 1, 1]
747	void sglang::per_token_quant_fp8_cta_kernel<__nv_bfloat16, 8>(__nv_bfloat16 const*, __nv_fp8_e4m3*, float*, unsigned int)	act_quant	1.66	0.10	[8, 1, 1]
748	fused_moe_kernel	moe_gemm	96.48	-0.19	[704, 1, 1]
749	void sglang::act_and_mul_kernel<__nv_bfloat16, (sglang::ActivationKind)1, true, false, false, false>(sglang::ActivationParams)	elementwise_copy	16.83	-15.39	[11, 1, 1]
750	void sglang::per_token_quant_fp8_cta_kernel<__nv_bfloat16, 8>(__nv_bfloat16 const*, __nv_fp8_e4m3*, float*, unsigned int)	act_quant	1.38	0.10	[64, 1, 1]
751	fused_moe_kernel	moe_gemm	51.36	-0.19	[1408, 1, 1]
752	_moe_sum_reduce_kernel	moe_route	3.20	-2.08	[8, 2, 1]
753	_gemma_dual_rmsnorm_residual_kernel	norm_rope_kv	2.43	0.06	[8, 1, 1]
754	kernel_cutlass_kernel_flashinfernormkernelsrmsnormRMSNormKernel_object_at__tensorptrbf16gmemalign128oi64281628161_tensorptrbf16gmemalign16o28161_tensorptrbf16gmemalign128oi64281628161___T_0	norm_rope_kv	2.46	0.22	[2, 1, 1]
755	void sglang::per_token_quant_fp8_cta_kernel<__nv_bfloat16, 8>(__nv_bfloat16 const*, __nv_fp8_e4m3*, float*, unsigned int)	act_quant	1.50	0.10	[8, 1, 1]
756	_ZN7cutlass13device_kernelINS_4gemm6kernel13GemmUniversalIN4cute5tupleIJiiiiEEENS1_10collective13CollectiveMmaINS1_31MainloopSm120TmaWarpSpecializedILi2ELi2ENS5_IJNS4_1CILi1EEESB_SB_EEENS1_40KernelTmaWarpSpecializedCooperativeSm120ILi2EEEEENS5_IJNSA_ILi128EEESG_SG_EEENS_12float_e4m3_tENS5_IJlSB_lEEESI_SJ_NS4_8TiledMMAINS4_8MMA_AtomIJNS4_16SM120_16x8x32_TNISI_SI_fEEEEENS4_6LayoutINS5_IJNSA_ILi4EEENSA_ILi2EEESB_EEENS5_IJSB_SQ_NSA_ILi0EEEEEEEENS5_IJSG_NSA_ILi32EEESW_EEEEENS4_13SM90_TMA_LOADENS4_14ComposedLayoutINS4_7SwizzleILi3ELi4ELi3EEENS4_18smem_ptr_flag_bitsILi8EEENSP_INS5_IJNSA_ILi8EEESG_EEENS5_IJSG_SB_EEEEEEENS4_9Copy_AtomIJNS4_17SM75_U32x4_LDSM_NEhEEENS4_8identityESZ_S19_S1C_S1D_EENS_8epilogue10collective18CollectiveEpilogueINS1F_22Sm90TmaWarpSpecializedILi2ELi2ELi4ELb0ELb1EEEJSH_NS5_IJNSA_ILi64EEESW_EEEvSJ_NS_10bfloat16_tESJ_NS1F_6fusion15Sm90TreeVisitorINS1N_11Sm90ComputeINS_10multipliesES1M_fLNS_15FloatRoundStyleE2EvEEJNS1N_16Sm90ColBroadcastILi0ESH_ffNS5_IJSB_ST_ST_EEELi4ELb1EEENS1O_INS1P_IS1Q_ffLS1R_2EvEEJNS1N_16Sm90RowBroadcastILi0ESH_ffNS5_IJST_SB_ST_EEELi4ELb1EEENS1N_12Sm90AccFetchEEEEEEESZ_NS10_INS11_ILi2ELi4ELi3EEENS13_ILi16EEENSP_INS5_IJS15_SW_EEENS5_IJSW_SB_EEEEEEENS4_17SM75_U32x2_LDSM_NENS4_14SM90_TMA_STOREES28_NS4_17SM90_U32x2_STSM_NENS1A_IJS2B_NS_6half_tEEEEvEEEvvEEEEvNT_6ParamsE	dense_gemm	36.26	0.10	[1, 64, 1]
757	_gemma_qkv_rmsnorm_kernel	norm_rope_kv	1.44	0.10	[8, 32, 1]
758	void sglang::fused_rope_kernel<true, 256l, true, __nv_bfloat16, __nv_bfloat16, long, 32u>(sglang::FusedRopeParams)	norm_rope_kv	1.41	0.19	[48, 1, 1]
759	void at::native::elementwise_kernel<128, 4, at::native::gpu_kernel_impl_nocast<at::native::BUnaryFunctor<c10::BFloat16, c10::BFloat16, c10::BFloat16, at::native::binary_internal::MulFunctor<float> > >(at::TensorIteratorBase&, at::native::BUnaryFunctor<c10::BFloat16, c10::BFloat16, c10::BFloat16, at::native::binary_internal::MulFunctor<float> > const&)::{lambda(int)#1}>(int, at::native::gpu_kernel_impl_nocast<at::native::BUnaryFunctor<c10::BFloat16, c10::BFloat16, c10::BFloat16, at::native::binary_internal::MulFunctor<float> > >(at::TensorIteratorBase&, at::native::BUnaryFunctor<c10::BFloat16, c10::BFloat16, c10::BFloat16, at::native::binary_internal::MulFunctor<float> > const&)::{lambda(int)#1})	elementwise_copy	1.73	0.10	[32, 1, 1]
760	void at::native::elementwise_kernel<128, 4, at::native::gpu_kernel_impl_nocast<at::native::BUnaryFunctor<c10::BFloat16, c10::BFloat16, c10::BFloat16, at::native::binary_internal::MulFunctor<float> > >(at::TensorIteratorBase&, at::native::BUnaryFunctor<c10::BFloat16, c10::BFloat16, c10::BFloat16, at::native::binary_internal::MulFunctor<float> > const&)::{lambda(int)#1}>(int, at::native::gpu_kernel_impl_nocast<at::native::BUnaryFunctor<c10::BFloat16, c10::BFloat16, c10::BFloat16, at::native::binary_internal::MulFunctor<float> > >(at::TensorIteratorBase&, at::native::BUnaryFunctor<c10::BFloat16, c10::BFloat16, c10::BFloat16, at::native::binary_internal::MulFunctor<float> > const&)::{lambda(int)#1})	elementwise_copy	1.50	0.10	[32, 1, 1]
761	void at::native::elementwise_kernel<128, 4, at::native::gpu_kernel_impl_nocast<at::native::ConvertToFloat8E4M3fnOp<c10::BFloat16> >(at::TensorIteratorBase&, at::native::ConvertToFloat8E4M3fnOp<c10::BFloat16> const&)::{lambda(int)#1}>(int, at::native::gpu_kernel_impl_nocast<at::native::ConvertToFloat8E4M3fnOp<c10::BFloat16> >(at::TensorIteratorBase&, at::native::ConvertToFloat8E4M3fnOp<c10::BFloat16> const&)::{lambda(int)#1})	elementwise_copy	1.73	0.06	[32, 1, 1]
762	void at::native::elementwise_kernel<128, 4, at::native::gpu_kernel_impl_nocast<at::native::ConvertToFloat8E4M3fnOp<c10::BFloat16> >(at::TensorIteratorBase&, at::native::ConvertToFloat8E4M3fnOp<c10::BFloat16> const&)::{lambda(int)#1}>(int, at::native::gpu_kernel_impl_nocast<at::native::ConvertToFloat8E4M3fnOp<c10::BFloat16> >(at::TensorIteratorBase&, at::native::ConvertToFloat8E4M3fnOp<c10::BFloat16> const&)::{lambda(int)#1})	elementwise_copy	1.66	0.10	[32, 1, 1]
763	void sglang::store_kvcache_kernel<2048l, 2048l, 128u, true, long>(sglang::StoreKVCacheParams)	norm_rope_kv	1.02	0.22	[32, 1, 1]
764	_fwd_grouped_kernel_stage1	attention	28.77	0.10	[8, 8, 8]
765	_fwd_kernel_stage2	attention	2.18	0.22	[8, 16, 1]
766	void sglang::per_token_quant_fp8_cta_kernel<__nv_bfloat16, 8>(__nv_bfloat16 const*, __nv_fp8_e4m3*, float*, unsigned int)	act_quant	1.76	0.10	[8, 1, 1]
767	_ZN7cutlass13device_kernelINS_4gemm6kernel13GemmUniversalIN4cute5tupleIJiiiiEEENS1_10collective13CollectiveMmaINS1_31MainloopSm120TmaWarpSpecializedILi2ELi2ENS5_IJNS4_1CILi1EEESB_SB_EEENS1_40KernelTmaWarpSpecializedCooperativeSm120ILi2EEEEENS5_IJNSA_ILi128EEESG_SG_EEENS_12float_e4m3_tENS5_IJlSB_lEEESI_SJ_NS4_8TiledMMAINS4_8MMA_AtomIJNS4_16SM120_16x8x32_TNISI_SI_fEEEEENS4_6LayoutINS5_IJNSA_ILi4EEENSA_ILi2EEESB_EEENS5_IJSB_SQ_NSA_ILi0EEEEEEEENS5_IJSG_NSA_ILi32EEESW_EEEEENS4_13SM90_TMA_LOADENS4_14ComposedLayoutINS4_7SwizzleILi3ELi4ELi3EEENS4_18smem_ptr_flag_bitsILi8EEENSP_INS5_IJNSA_ILi8EEESG_EEENS5_IJSG_SB_EEEEEEENS4_9Copy_AtomIJNS4_17SM75_U32x4_LDSM_NEhEEENS4_8identityESZ_S19_S1C_S1D_EENS_8epilogue10collective18CollectiveEpilogueINS1F_22Sm90TmaWarpSpecializedILi2ELi2ELi4ELb0ELb1EEEJSH_NS5_IJNSA_ILi64EEESW_EEEvSJ_NS_10bfloat16_tESJ_NS1F_6fusion15Sm90TreeVisitorINS1N_11Sm90ComputeINS_10multipliesES1M_fLNS_15FloatRoundStyleE2EvEEJNS1N_16Sm90ColBroadcastILi0ESH_ffNS5_IJSB_ST_ST_EEELi4ELb1EEENS1O_INS1P_IS1Q_ffLS1R_2EvEEJNS1N_16Sm90RowBroadcastILi0ESH_ffNS5_IJST_SB_ST_EEELi4ELb1EEENS1N_12Sm90AccFetchEEEEEEESZ_NS10_INS11_ILi2ELi4ELi3EEENS13_ILi16EEENSP_INS5_IJS15_SW_EEENS5_IJSW_SB_EEEEEEENS4_17SM75_U32x2_LDSM_NENS4_14SM90_TMA_STOREES28_NS4_17SM90_U32x2_STSM_NENS1A_IJS2B_NS_6half_tEEEEvEEEvvEEEEvNT_6ParamsE	dense_gemm	49.89	0.10	[1, 22, 1]
768	kernel_cutlass_kernel_flashinfernormkernelsrmsnormRMSNormKernel_object_at__tensorptrbf16gmemalign128oi64281628161_tensorptrbf16gmemalign16o28161_tensorptrbf16gmemalign128oi64281628161___T_0	norm_rope_kv	2.53	-0.22	[2, 1, 1]
769	kernel_cutlass_kernel_flashinfernormkernelsfused_add_rmsnormFusedAddRMSNormKernel_object_at__tensorptrbf16gmemalign128oi64281628161_tensorptrbf16gmemalign128oi64281628161_tensorptrbf16gme_0	norm_rope_kv	2.46	0.06	[2, 1, 1]
770	void sglang::per_token_quant_fp8_cta_kernel<__nv_bfloat16, 8>(__nv_bfloat16 const*, __nv_fp8_e4m3*, float*, unsigned int)	act_quant	1.50	0.10	[8, 1, 1]
771	_ZN7cutlass13device_kernelINS_4gemm6kernel13GemmUniversalIN4cute5tupleIJiiiiEEENS1_10collective13CollectiveMmaINS1_31MainloopSm120TmaWarpSpecializedILi2ELi2ENS5_IJNS4_1CILi1EEESB_SB_EEENS1_40KernelTmaWarpSpecializedCooperativeSm120ILi2EEEEENS5_IJNSA_ILi128EEESG_SG_EEENS_12float_e4m3_tENS5_IJlSB_lEEESI_SJ_NS4_8TiledMMAINS4_8MMA_AtomIJNS4_16SM120_16x8x32_TNISI_SI_fEEEEENS4_6LayoutINS5_IJNSA_ILi4EEENSA_ILi2EEESB_EEENS5_IJSB_SQ_NSA_ILi0EEEEEEEENS5_IJSG_NSA_ILi32EEESW_EEEEENS4_13SM90_TMA_LOADENS4_14ComposedLayoutINS4_7SwizzleILi3ELi4ELi3EEENS4_18smem_ptr_flag_bitsILi8EEENSP_INS5_IJNSA_ILi8EEESG_EEENS5_IJSG_SB_EEEEEEENS4_9Copy_AtomIJNS4_17SM75_U32x4_LDSM_NEhEEENS4_8identityESZ_S19_S1C_S1D_EENS_8epilogue10collective18CollectiveEpilogueINS1F_22Sm90TmaWarpSpecializedILi2ELi2ELi4ELb0ELb1EEEJSH_NS5_IJNSA_ILi64EEESW_EEEvSJ_NS_10bfloat16_tESJ_NS1F_6fusion15Sm90TreeVisitorINS1N_11Sm90ComputeINS_10multipliesES1M_fLNS_15FloatRoundStyleE2EvEEJNS1N_16Sm90ColBroadcastILi0ESH_ffNS5_IJSB_ST_ST_EEELi4ELb1EEENS1O_INS1P_IS1Q_ffLS1R_2EvEEJNS1N_16Sm90RowBroadcastILi0ESH_ffNS5_IJST_SB_ST_EEELi4ELb1EEENS1N_12Sm90AccFetchEEEEEEESZ_NS10_INS11_ILi2ELi4ELi3EEENS13_ILi16EEENSP_INS5_IJS15_SW_EEENS5_IJSW_SB_EEEEEEENS4_17SM75_U32x2_LDSM_NENS4_14SM90_TMA_STOREES28_NS4_17SM90_U32x2_STSM_NENS1A_IJS2B_NS_6half_tEEEEvEEEvvEEEEvNT_6ParamsE	dense_gemm	35.68	0.13	[1, 33, 1]
772	void sglang::act_and_mul_kernel<__nv_bfloat16, (sglang::ActivationKind)2, true, false, false, false>(sglang::ActivationParams)	elementwise_copy	1.50	0.19	[5, 1, 1]
773	void sglang::per_token_quant_fp8_cta_kernel<__nv_bfloat16, 8>(__nv_bfloat16 const*, __nv_fp8_e4m3*, float*, unsigned int)	act_quant	1.50	0.06	[8, 1, 1]
774	_ZN7cutlass13device_kernelINS_4gemm6kernel13GemmUniversalIN4cute5tupleIJiiiiEEENS1_10collective13CollectiveMmaINS1_31MainloopSm120TmaWarpSpecializedILi2ELi2ENS5_IJNS4_1CILi1EEESB_SB_EEENS1_40KernelTmaWarpSpecializedCooperativeSm120ILi2EEEEENS5_IJNSA_ILi128EEESG_SG_EEENS_12float_e4m3_tENS5_IJlSB_lEEESI_SJ_NS4_8TiledMMAINS4_8MMA_AtomIJNS4_16SM120_16x8x32_TNISI_SI_fEEEEENS4_6LayoutINS5_IJNSA_ILi4EEENSA_ILi2EEESB_EEENS5_IJSB_SQ_NSA_ILi0EEEEEEEENS5_IJSG_NSA_ILi32EEESW_EEEEENS4_13SM90_TMA_LOADENS4_14ComposedLayoutINS4_7SwizzleILi3ELi4ELi3EEENS4_18smem_ptr_flag_bitsILi8EEENSP_INS5_IJNSA_ILi8EEESG_EEENS5_IJSG_SB_EEEEEEENS4_9Copy_AtomIJNS4_17SM75_U32x4_LDSM_NEhEEENS4_8identityESZ_S19_S1C_S1D_EENS_8epilogue10collective18CollectiveEpilogueINS1F_22Sm90TmaWarpSpecializedILi2ELi2ELi4ELb0ELb1EEEJSH_NS5_IJNSA_ILi64EEESW_EEEvSJ_NS_10bfloat16_tESJ_NS1F_6fusion15Sm90TreeVisitorINS1N_11Sm90ComputeINS_10multipliesES1M_fLNS_15FloatRoundStyleE2EvEEJNS1N_16Sm90ColBroadcastILi0ESH_ffNS5_IJSB_ST_ST_EEELi4ELb1EEENS1O_INS1P_IS1Q_ffLS1R_2EvEEJNS1N_16Sm90RowBroadcastILi0ESH_ffNS5_IJST_SB_ST_EEELi4ELb1EEENS1N_12Sm90AccFetchEEEEEEESZ_NS10_INS11_ILi2ELi4ELi3EEENS13_ILi16EEENSP_INS5_IJS15_SW_EEENS5_IJSW_SB_EEEEEEENS4_17SM75_U32x2_LDSM_NENS4_14SM90_TMA_STOREES28_NS4_17SM90_U32x2_STSM_NENS1A_IJS2B_NS_6half_tEEEEvEEEvvEEEEvNT_6ParamsE	dense_gemm	28.13	0.06	[1, 22, 1]
775	kernel_cutlass_kernel_flashinfernormkernelsrmsnormRMSNormKernel_object_at__tensorptrbf16gmemalign128oi64281628161_tensorptrbf16gmemalign16o28161_tensorptrbf16gmemalign128oi64281628161___T_0	norm_rope_kv	2.37	0.19	[2, 1, 1]
776	void cutlass::Kernel2<cutlass_80_wmma_tensorop_bf16_s161616gemm_bf16_16x16_128x2_tn_align8>(cutlass_80_wmma_tensorop_bf16_s161616gemm_bf16_16x16_128x2_tn_align8::Params)	dense_gemm	3.33	0.10	[8, 1, 9]
777	void cublasLt::splitKreduce_kernel<32, 16, int, __nv_bfloat16, __nv_bfloat16, float, __nv_bfloat16, false, __nv_bfloat16, __nv_bfloat16, __nv_bfloat16, true, false, false, false>(cublasLt::cublasSplitKParams<float>, __nv_bfloat16 const*, __nv_bfloat16 const*, __nv_bfloat16*, __nv_bfloat16*, float const*, float const*, __nv_bfloat16 const*, __nv_bfloat16 const*, __nv_bfloat16*, void*, long, float*, int*, float*, float*, float const*, float const*, float const*, float const*, float const*)	dense_gemm	1.28	0.10	[4, 1, 1]
778	kernel_cutlass_kernel_flashinfernormkernelsrmsnormRMSNormKernel_object_at__tensorptrbf16gmemalign128oi64281628161_tensorptrbf16gmemalign16o28161_tensorptrbf16gmemalign128oi64281628161___T_0	norm_rope_kv	2.59	-0.32	[2, 1, 1]
779	_gemma4_routing_kernel	moe_route	1.79	0.10	[8, 1, 1]
780	_moe_align_small_numel_kernel	moe_route	3.36	0.22	[1, 1, 1]
781	void sglang::per_token_quant_fp8_cta_kernel<__nv_bfloat16, 8>(__nv_bfloat16 const*, __nv_fp8_e4m3*, float*, unsigned int)	act_quant	1.73	0.10	[8, 1, 1]
782	fused_moe_kernel	moe_gemm	91.87	-0.19	[704, 1, 1]
783	void sglang::act_and_mul_kernel<__nv_bfloat16, (sglang::ActivationKind)1, true, false, false, false>(sglang::ActivationParams)	elementwise_copy	12.48	-11.39	[11, 1, 1]
784	void sglang::per_token_quant_fp8_cta_kernel<__nv_bfloat16, 8>(__nv_bfloat16 const*, __nv_fp8_e4m3*, float*, unsigned int)	act_quant	1.34	0.10	[64, 1, 1]
785	fused_moe_kernel	moe_gemm	48.26	-0.16	[1408, 1, 1]
786	_moe_sum_reduce_kernel	moe_route	2.91	-1.79	[8, 2, 1]
787	_gemma_dual_rmsnorm_residual_kernel	norm_rope_kv	2.27	0.10	[8, 1, 1]
788	kernel_cutlass_kernel_flashinfernormkernelsrmsnormRMSNormKernel_object_at__tensorptrbf16gmemalign128oi64281628161_tensorptrbf16gmemalign16o28161_tensorptrbf16gmemalign128oi64281628161___T_0	norm_rope_kv	2.40	0.22	[2, 1, 1]
789	void sglang::per_token_quant_fp8_cta_kernel<__nv_bfloat16, 8>(__nv_bfloat16 const*, __nv_fp8_e4m3*, float*, unsigned int)	act_quant	1.47	0.10	[8, 1, 1]
790	_ZN7cutlass13device_kernelINS_4gemm6kernel13GemmUniversalIN4cute5tupleIJiiiiEEENS1_10collective13CollectiveMmaINS1_31MainloopSm120TmaWarpSpecializedILi2ELi2ENS5_IJNS4_1CILi1EEESB_SB_EEENS1_40KernelTmaWarpSpecializedCooperativeSm120ILi2EEEEENS5_IJNSA_ILi128EEESG_SG_EEENS_12float_e4m3_tENS5_IJlSB_lEEESI_SJ_NS4_8TiledMMAINS4_8MMA_AtomIJNS4_16SM120_16x8x32_TNISI_SI_fEEEEENS4_6LayoutINS5_IJNSA_ILi4EEENSA_ILi2EEESB_EEENS5_IJSB_SQ_NSA_ILi0EEEEEEEENS5_IJSG_NSA_ILi32EEESW_EEEEENS4_13SM90_TMA_LOADENS4_14ComposedLayoutINS4_7SwizzleILi3ELi4ELi3EEENS4_18smem_ptr_flag_bitsILi8EEENSP_INS5_IJNSA_ILi8EEESG_EEENS5_IJSG_SB_EEEEEEENS4_9Copy_AtomIJNS4_17SM75_U32x4_LDSM_NEhEEENS4_8identityESZ_S19_S1C_S1D_EENS_8epilogue10collective18CollectiveEpilogueINS1F_22Sm90TmaWarpSpecializedILi2ELi2ELi4ELb0ELb1EEEJSH_NS5_IJNSA_ILi64EEESW_EEEvSJ_NS_10bfloat16_tESJ_NS1F_6fusion15Sm90TreeVisitorINS1N_11Sm90ComputeINS_10multipliesES1M_fLNS_15FloatRoundStyleE2EvEEJNS1N_16Sm90ColBroadcastILi0ESH_ffNS5_IJSB_ST_ST_EEELi4ELb1EEENS1O_INS1P_IS1Q_ffLS1R_2EvEEJNS1N_16Sm90RowBroadcastILi0ESH_ffNS5_IJST_SB_ST_EEELi4ELb1EEENS1N_12Sm90AccFetchEEEEEEESZ_NS10_INS11_ILi2ELi4ELi3EEENS13_ILi16EEENSP_INS5_IJS15_SW_EEENS5_IJSW_SB_EEEEEEENS4_17SM75_U32x2_LDSM_NENS4_14SM90_TMA_STOREES28_NS4_17SM90_U32x2_STSM_NENS1A_IJS2B_NS_6half_tEEEEvEEEvvEEEEvNT_6ParamsE	dense_gemm	36.77	0.10	[1, 80, 1]
791	_gemma_qkv_rmsnorm_kernel	norm_rope_kv	1.50	0.06	[8, 20, 1]
792	void sglang::fused_rope_kernel<true, 512l, true, __nv_bfloat16, __nv_bfloat16, long, 64u>(sglang::FusedRopeParams)	norm_rope_kv	1.50	0.19	[72, 1, 1]
793	void at::native::elementwise_kernel<128, 4, at::native::gpu_kernel_impl_nocast<at::native::BUnaryFunctor<c10::BFloat16, c10::BFloat16, c10::BFloat16, at::native::binary_internal::MulFunctor<float> > >(at::TensorIteratorBase&, at::native::BUnaryFunctor<c10::BFloat16, c10::BFloat16, c10::BFloat16, at::native::binary_internal::MulFunctor<float> > const&)::{lambda(int)#1}>(int, at::native::gpu_kernel_impl_nocast<at::native::BUnaryFunctor<c10::BFloat16, c10::BFloat16, c10::BFloat16, at::native::binary_internal::MulFunctor<float> > >(at::TensorIteratorBase&, at::native::BUnaryFunctor<c10::BFloat16, c10::BFloat16, c10::BFloat16, at::native::binary_internal::MulFunctor<float> > const&)::{lambda(int)#1})	elementwise_copy	1.76	0.06	[16, 1, 1]
794	void at::native::elementwise_kernel<128, 4, at::native::gpu_kernel_impl_nocast<at::native::BUnaryFunctor<c10::BFloat16, c10::BFloat16, c10::BFloat16, at::native::binary_internal::MulFunctor<float> > >(at::TensorIteratorBase&, at::native::BUnaryFunctor<c10::BFloat16, c10::BFloat16, c10::BFloat16, at::native::binary_internal::MulFunctor<float> > const&)::{lambda(int)#1}>(int, at::native::gpu_kernel_impl_nocast<at::native::BUnaryFunctor<c10::BFloat16, c10::BFloat16, c10::BFloat16, at::native::binary_internal::MulFunctor<float> > >(at::TensorIteratorBase&, at::native::BUnaryFunctor<c10::BFloat16, c10::BFloat16, c10::BFloat16, at::native::binary_internal::MulFunctor<float> > const&)::{lambda(int)#1})	elementwise_copy	1.50	0.06	[16, 1, 1]
795	void at::native::elementwise_kernel<128, 4, at::native::gpu_kernel_impl_nocast<at::native::ConvertToFloat8E4M3fnOp<c10::BFloat16> >(at::TensorIteratorBase&, at::native::ConvertToFloat8E4M3fnOp<c10::BFloat16> const&)::{lambda(int)#1}>(int, at::native::gpu_kernel_impl_nocast<at::native::ConvertToFloat8E4M3fnOp<c10::BFloat16> >(at::TensorIteratorBase&, at::native::ConvertToFloat8E4M3fnOp<c10::BFloat16> const&)::{lambda(int)#1})	elementwise_copy	1.73	0.06	[16, 1, 1]
796	void at::native::elementwise_kernel<128, 4, at::native::gpu_kernel_impl_nocast<at::native::ConvertToFloat8E4M3fnOp<c10::BFloat16> >(at::TensorIteratorBase&, at::native::ConvertToFloat8E4M3fnOp<c10::BFloat16> const&)::{lambda(int)#1}>(int, at::native::gpu_kernel_impl_nocast<at::native::ConvertToFloat8E4M3fnOp<c10::BFloat16> >(at::TensorIteratorBase&, at::native::ConvertToFloat8E4M3fnOp<c10::BFloat16> const&)::{lambda(int)#1})	elementwise_copy	1.63	0.06	[16, 1, 1]
797	void sglang::store_kvcache_kernel<1024l, 1024l, 64u, true, long>(sglang::StoreKVCacheParams)	norm_rope_kv	1.02	0.22	[16, 1, 1]
798	_fwd_grouped_kernel_stage1	attention	100.38	0.10	[8, 2, 8]
799	_fwd_kernel_stage2	attention	2.34	0.22	[8, 16, 1]
800	void sglang::per_token_quant_fp8_cta_kernel<__nv_bfloat16, 8>(__nv_bfloat16 const*, __nv_fp8_e4m3*, float*, unsigned int)	act_quant	1.89	0.10	[8, 1, 1]
801	_ZN7cutlass13device_kernelINS_4gemm6kernel13GemmUniversalIN4cute5tupleIJiiiiEEENS1_10collective13CollectiveMmaINS1_31MainloopSm120TmaWarpSpecializedILi2ELi2ENS5_IJNS4_1CILi1EEESB_SB_EEENS1_40KernelTmaWarpSpecializedCooperativeSm120ILi2EEEEENS5_IJNSA_ILi128EEESG_SG_EEENS_12float_e4m3_tENS5_IJlSB_lEEESI_SJ_NS4_8TiledMMAINS4_8MMA_AtomIJNS4_16SM120_16x8x32_TNISI_SI_fEEEEENS4_6LayoutINS5_IJNSA_ILi4EEENSA_ILi2EEESB_EEENS5_IJSB_SQ_NSA_ILi0EEEEEEEENS5_IJSG_NSA_ILi32EEESW_EEEEENS4_13SM90_TMA_LOADENS4_14ComposedLayoutINS4_7SwizzleILi3ELi4ELi3EEENS4_18smem_ptr_flag_bitsILi8EEENSP_INS5_IJNSA_ILi8EEESG_EEENS5_IJSG_SB_EEEEEEENS4_9Copy_AtomIJNS4_17SM75_U32x4_LDSM_NEhEEENS4_8identityESZ_S19_S1C_S1D_EENS_8epilogue10collective18CollectiveEpilogueINS1F_22Sm90TmaWarpSpecializedILi2ELi2ELi4ELb0ELb1EEEJSH_NS5_IJNSA_ILi64EEESW_EEEvSJ_NS_10bfloat16_tESJ_NS1F_6fusion15Sm90TreeVisitorINS1N_11Sm90ComputeINS_10multipliesES1M_fLNS_15FloatRoundStyleE2EvEEJNS1N_16Sm90ColBroadcastILi0ESH_ffNS5_IJSB_ST_ST_EEELi4ELb1EEENS1O_INS1P_IS1Q_ffLS1R_2EvEEJNS1N_16Sm90RowBroadcastILi0ESH_ffNS5_IJST_SB_ST_EEELi4ELb1EEENS1N_12Sm90AccFetchEEEEEEESZ_NS10_INS11_ILi2ELi4ELi3EEENS13_ILi16EEENSP_INS5_IJS15_SW_EEENS5_IJSW_SB_EEEEEEENS4_17SM75_U32x2_LDSM_NENS4_14SM90_TMA_STOREES28_NS4_17SM90_U32x2_STSM_NENS1A_IJS2B_NS_6half_tEEEEvEEEvvEEEEvNT_6ParamsE	dense_gemm	95.97	0.13	[1, 22, 1]
802	kernel_cutlass_kernel_flashinfernormkernelsrmsnormRMSNormKernel_object_at__tensorptrbf16gmemalign128oi64281628161_tensorptrbf16gmemalign16o28161_tensorptrbf16gmemalign128oi64281628161___T_0	norm_rope_kv	2.78	-0.19	[2, 1, 1]
803	kernel_cutlass_kernel_flashinfernormkernelsfused_add_rmsnormFusedAddRMSNormKernel_object_at__tensorptrbf16gmemalign128oi64281628161_tensorptrbf16gmemalign128oi64281628161_tensorptrbf16gme_0	norm_rope_kv	2.59	-0.19	[2, 1, 1]
804	void sglang::per_token_quant_fp8_cta_kernel<__nv_bfloat16, 8>(__nv_bfloat16 const*, __nv_fp8_e4m3*, float*, unsigned int)	act_quant	1.54	0.10	[8, 1, 1]
805	_ZN7cutlass13device_kernelINS_4gemm6kernel13GemmUniversalIN4cute5tupleIJiiiiEEENS1_10collective13CollectiveMmaINS1_31MainloopSm120TmaWarpSpecializedILi2ELi2ENS5_IJNS4_1CILi1EEESB_SB_EEENS1_40KernelTmaWarpSpecializedCooperativeSm120ILi2EEEEENS5_IJNSA_ILi128EEESG_SG_EEENS_12float_e4m3_tENS5_IJlSB_lEEESI_SJ_NS4_8TiledMMAINS4_8MMA_AtomIJNS4_16SM120_16x8x32_TNISI_SI_fEEEEENS4_6LayoutINS5_IJNSA_ILi4EEENSA_ILi2EEESB_EEENS5_IJSB_SQ_NSA_ILi0EEEEEEEENS5_IJSG_NSA_ILi32EEESW_EEEEENS4_13SM90_TMA_LOADENS4_14ComposedLayoutINS4_7SwizzleILi3ELi4ELi3EEENS4_18smem_ptr_flag_bitsILi8EEENSP_INS5_IJNSA_ILi8EEESG_EEENS5_IJSG_SB_EEEEEEENS4_9Copy_AtomIJNS4_17SM75_U32x4_LDSM_NEhEEENS4_8identityESZ_S19_S1C_S1D_EENS_8epilogue10collective18CollectiveEpilogueINS1F_22Sm90TmaWarpSpecializedILi2ELi2ELi4ELb0ELb1EEEJSH_NS5_IJNSA_ILi64EEESW_EEEvSJ_NS_10bfloat16_tESJ_NS1F_6fusion15Sm90TreeVisitorINS1N_11Sm90ComputeINS_10multipliesES1M_fLNS_15FloatRoundStyleE2EvEEJNS1N_16Sm90ColBroadcastILi0ESH_ffNS5_IJSB_ST_ST_EEELi4ELb1EEENS1O_INS1P_IS1Q_ffLS1R_2EvEEJNS1N_16Sm90RowBroadcastILi0ESH_ffNS5_IJST_SB_ST_EEELi4ELb1EEENS1N_12Sm90AccFetchEEEEEEESZ_NS10_INS11_ILi2ELi4ELi3EEENS13_ILi16EEENSP_INS5_IJS15_SW_EEENS5_IJSW_SB_EEEEEEENS4_17SM75_U32x2_LDSM_NENS4_14SM90_TMA_STOREES28_NS4_17SM90_U32x2_STSM_NENS1A_IJS2B_NS_6half_tEEEEvEEEvvEEEEvNT_6ParamsE	dense_gemm	35.42	0.06	[1, 33, 1]
806	void sglang::act_and_mul_kernel<__nv_bfloat16, (sglang::ActivationKind)2, true, false, false, false>(sglang::ActivationParams)	elementwise_copy	1.47	0.22	[5, 1, 1]
807	void sglang::per_token_quant_fp8_cta_kernel<__nv_bfloat16, 8>(__nv_bfloat16 const*, __nv_fp8_e4m3*, float*, unsigned int)	act_quant	1.50	0.10	[8, 1, 1]
808	_ZN7cutlass13device_kernelINS_4gemm6kernel13GemmUniversalIN4cute5tupleIJiiiiEEENS1_10collective13CollectiveMmaINS1_31MainloopSm120TmaWarpSpecializedILi2ELi2ENS5_IJNS4_1CILi1EEESB_SB_EEENS1_40KernelTmaWarpSpecializedCooperativeSm120ILi2EEEEENS5_IJNSA_ILi128EEESG_SG_EEENS_12float_e4m3_tENS5_IJlSB_lEEESI_SJ_NS4_8TiledMMAINS4_8MMA_AtomIJNS4_16SM120_16x8x32_TNISI_SI_fEEEEENS4_6LayoutINS5_IJNSA_ILi4EEENSA_ILi2EEESB_EEENS5_IJSB_SQ_NSA_ILi0EEEEEEEENS5_IJSG_NSA_ILi32EEESW_EEEEENS4_13SM90_TMA_LOADENS4_14ComposedLayoutINS4_7SwizzleILi3ELi4ELi3EEENS4_18smem_ptr_flag_bitsILi8EEENSP_INS5_IJNSA_ILi8EEESG_EEENS5_IJSG_SB_EEEEEEENS4_9Copy_AtomIJNS4_17SM75_U32x4_LDSM_NEhEEENS4_8identityESZ_S19_S1C_S1D_EENS_8epilogue10collective18CollectiveEpilogueINS1F_22Sm90TmaWarpSpecializedILi2ELi2ELi4ELb0ELb1EEEJSH_NS5_IJNSA_ILi64EEESW_EEEvSJ_NS_10bfloat16_tESJ_NS1F_6fusion15Sm90TreeVisitorINS1N_11Sm90ComputeINS_10multipliesES1M_fLNS_15FloatRoundStyleE2EvEEJNS1N_16Sm90ColBroadcastILi0ESH_ffNS5_IJSB_ST_ST_EEELi4ELb1EEENS1O_INS1P_IS1Q_ffLS1R_2EvEEJNS1N_16Sm90RowBroadcastILi0ESH_ffNS5_IJST_SB_ST_EEELi4ELb1EEENS1N_12Sm90AccFetchEEEEEEESZ_NS10_INS11_ILi2ELi4ELi3EEENS13_ILi16EEENSP_INS5_IJS15_SW_EEENS5_IJSW_SB_EEEEEEENS4_17SM75_U32x2_LDSM_NENS4_14SM90_TMA_STOREES28_NS4_17SM90_U32x2_STSM_NENS1A_IJS2B_NS_6half_tEEEEvEEEvvEEEEvNT_6ParamsE	dense_gemm	28.19	0.06	[1, 22, 1]
809	kernel_cutlass_kernel_flashinfernormkernelsrmsnormRMSNormKernel_object_at__tensorptrbf16gmemalign128oi64281628161_tensorptrbf16gmemalign16o28161_tensorptrbf16gmemalign128oi64281628161___T_0	norm_rope_kv	2.56	0.19	[2, 1, 1]
810	void cutlass::Kernel2<cutlass_80_wmma_tensorop_bf16_s161616gemm_bf16_16x16_128x2_tn_align8>(cutlass_80_wmma_tensorop_bf16_s161616gemm_bf16_16x16_128x2_tn_align8::Params)	dense_gemm	3.33	0.10	[8, 1, 9]
811	void cublasLt::splitKreduce_kernel<32, 16, int, __nv_bfloat16, __nv_bfloat16, float, __nv_bfloat16, false, __nv_bfloat16, __nv_bfloat16, __nv_bfloat16, true, false, false, false>(cublasLt::cublasSplitKParams<float>, __nv_bfloat16 const*, __nv_bfloat16 const*, __nv_bfloat16*, __nv_bfloat16*, float const*, float const*, __nv_bfloat16 const*, __nv_bfloat16 const*, __nv_bfloat16*, void*, long, float*, int*, float*, float*, float const*, float const*, float const*, float const*, float const*)	dense_gemm	1.28	0.10	[4, 1, 1]
812	kernel_cutlass_kernel_flashinfernormkernelsrmsnormRMSNormKernel_object_at__tensorptrbf16gmemalign128oi64281628161_tensorptrbf16gmemalign16o28161_tensorptrbf16gmemalign128oi64281628161___T_0	norm_rope_kv	2.43	-0.29	[2, 1, 1]
813	_gemma4_routing_kernel	moe_route	1.76	0.10	[8, 1, 1]
814	_moe_align_small_numel_kernel	moe_route	3.36	0.22	[1, 1, 1]
815	void sglang::per_token_quant_fp8_cta_kernel<__nv_bfloat16, 8>(__nv_bfloat16 const*, __nv_fp8_e4m3*, float*, unsigned int)	act_quant	1.73	0.10	[8, 1, 1]
816	fused_moe_kernel	moe_gemm	89.54	-0.26	[704, 1, 1]
817	void sglang::act_and_mul_kernel<__nv_bfloat16, (sglang::ActivationKind)1, true, false, false, false>(sglang::ActivationParams)	elementwise_copy	11.68	-10.66	[11, 1, 1]
818	void sglang::per_token_quant_fp8_cta_kernel<__nv_bfloat16, 8>(__nv_bfloat16 const*, __nv_fp8_e4m3*, float*, unsigned int)	act_quant	1.38	0.09	[64, 1, 1]
819	fused_moe_kernel	moe_gemm	47.07	-0.19	[1408, 1, 1]
820	_moe_sum_reduce_kernel	moe_route	2.82	-1.73	[8, 2, 1]
821	_gemma_dual_rmsnorm_residual_kernel	norm_rope_kv	2.34	0.10	[8, 1, 1]
822	kernel_cutlass_kernel_flashinfernormkernelsrmsnormRMSNormKernel_object_at__tensorptrbf16gmemalign128oi64281628161_tensorptrbf16gmemalign16o28161_tensorptrbf16gmemalign128oi64281628161___T_0	norm_rope_kv	2.37	0.22	[2, 1, 1]
823	void sglang::per_token_quant_fp8_cta_kernel<__nv_bfloat16, 8>(__nv_bfloat16 const*, __nv_fp8_e4m3*, float*, unsigned int)	act_quant	1.47	0.10	[8, 1, 1]
824	_ZN7cutlass13device_kernelINS_4gemm6kernel13GemmUniversalIN4cute5tupleIJiiiiEEENS1_10collective13CollectiveMmaINS1_31MainloopSm120TmaWarpSpecializedILi2ELi2ENS5_IJNS4_1CILi1EEESB_SB_EEENS1_40KernelTmaWarpSpecializedCooperativeSm120ILi2EEEEENS5_IJNSA_ILi128EEESG_SG_EEENS_12float_e4m3_tENS5_IJlSB_lEEESI_SJ_NS4_8TiledMMAINS4_8MMA_AtomIJNS4_16SM120_16x8x32_TNISI_SI_fEEEEENS4_6LayoutINS5_IJNSA_ILi4EEENSA_ILi2EEESB_EEENS5_IJSB_SQ_NSA_ILi0EEEEEEEENS5_IJSG_NSA_ILi32EEESW_EEEEENS4_13SM90_TMA_LOADENS4_14ComposedLayoutINS4_7SwizzleILi3ELi4ELi3EEENS4_18smem_ptr_flag_bitsILi8EEENSP_INS5_IJNSA_ILi8EEESG_EEENS5_IJSG_SB_EEEEEEENS4_9Copy_AtomIJNS4_17SM75_U32x4_LDSM_NEhEEENS4_8identityESZ_S19_S1C_S1D_EENS_8epilogue10collective18CollectiveEpilogueINS1F_22Sm90TmaWarpSpecializedILi2ELi2ELi4ELb0ELb1EEEJSH_NS5_IJNSA_ILi64EEESW_EEEvSJ_NS_10bfloat16_tESJ_NS1F_6fusion15Sm90TreeVisitorINS1N_11Sm90ComputeINS_10multipliesES1M_fLNS_15FloatRoundStyleE2EvEEJNS1N_16Sm90ColBroadcastILi0ESH_ffNS5_IJSB_ST_ST_EEELi4ELb1EEENS1O_INS1P_IS1Q_ffLS1R_2EvEEJNS1N_16Sm90RowBroadcastILi0ESH_ffNS5_IJST_SB_ST_EEELi4ELb1EEENS1N_12Sm90AccFetchEEEEEEESZ_NS10_INS11_ILi2ELi4ELi3EEENS13_ILi16EEENSP_INS5_IJS15_SW_EEENS5_IJSW_SB_EEEEEEENS4_17SM75_U32x2_LDSM_NENS4_14SM90_TMA_STOREES28_NS4_17SM90_U32x2_STSM_NENS1A_IJS2B_NS_6half_tEEEEvEEEvvEEEEvNT_6ParamsE	dense_gemm	36.13	0.10	[1, 64, 1]
825	_gemma_qkv_rmsnorm_kernel	norm_rope_kv	1.54	0.10	[8, 32, 1]
826	void sglang::fused_rope_kernel<true, 256l, true, __nv_bfloat16, __nv_bfloat16, long, 32u>(sglang::FusedRopeParams)	norm_rope_kv	1.44	0.22	[48, 1, 1]
827	void at::native::elementwise_kernel<128, 4, at::native::gpu_kernel_impl_nocast<at::native::BUnaryFunctor<c10::BFloat16, c10::BFloat16, c10::BFloat16, at::native::binary_internal::MulFunctor<float> > >(at::TensorIteratorBase&, at::native::BUnaryFunctor<c10::BFloat16, c10::BFloat16, c10::BFloat16, at::native::binary_internal::MulFunctor<float> > const&)::{lambda(int)#1}>(int, at::native::gpu_kernel_impl_nocast<at::native::BUnaryFunctor<c10::BFloat16, c10::BFloat16, c10::BFloat16, at::native::binary_internal::MulFunctor<float> > >(at::TensorIteratorBase&, at::native::BUnaryFunctor<c10::BFloat16, c10::BFloat16, c10::BFloat16, at::native::binary_internal::MulFunctor<float> > const&)::{lambda(int)#1})	elementwise_copy	1.73	0.10	[32, 1, 1]
828	void at::native::elementwise_kernel<128, 4, at::native::gpu_kernel_impl_nocast<at::native::BUnaryFunctor<c10::BFloat16, c10::BFloat16, c10::BFloat16, at::native::binary_internal::MulFunctor<float> > >(at::TensorIteratorBase&, at::native::BUnaryFunctor<c10::BFloat16, c10::BFloat16, c10::BFloat16, at::native::binary_internal::MulFunctor<float> > const&)::{lambda(int)#1}>(int, at::native::gpu_kernel_impl_nocast<at::native::BUnaryFunctor<c10::BFloat16, c10::BFloat16, c10::BFloat16, at::native::binary_internal::MulFunctor<float> > >(at::TensorIteratorBase&, at::native::BUnaryFunctor<c10::BFloat16, c10::BFloat16, c10::BFloat16, at::native::binary_internal::MulFunctor<float> > const&)::{lambda(int)#1})	elementwise_copy	1.50	0.10	[32, 1, 1]
829	void at::native::elementwise_kernel<128, 4, at::native::gpu_kernel_impl_nocast<at::native::ConvertToFloat8E4M3fnOp<c10::BFloat16> >(at::TensorIteratorBase&, at::native::ConvertToFloat8E4M3fnOp<c10::BFloat16> const&)::{lambda(int)#1}>(int, at::native::gpu_kernel_impl_nocast<at::native::ConvertToFloat8E4M3fnOp<c10::BFloat16> >(at::TensorIteratorBase&, at::native::ConvertToFloat8E4M3fnOp<c10::BFloat16> const&)::{lambda(int)#1})	elementwise_copy	1.73	0.06	[32, 1, 1]
830	void at::native::elementwise_kernel<128, 4, at::native::gpu_kernel_impl_nocast<at::native::ConvertToFloat8E4M3fnOp<c10::BFloat16> >(at::TensorIteratorBase&, at::native::ConvertToFloat8E4M3fnOp<c10::BFloat16> const&)::{lambda(int)#1}>(int, at::native::gpu_kernel_impl_nocast<at::native::ConvertToFloat8E4M3fnOp<c10::BFloat16> >(at::TensorIteratorBase&, at::native::ConvertToFloat8E4M3fnOp<c10::BFloat16> const&)::{lambda(int)#1})	elementwise_copy	1.60	0.06	[32, 1, 1]
831	void sglang::store_kvcache_kernel<2048l, 2048l, 128u, true, long>(sglang::StoreKVCacheParams)	norm_rope_kv	1.06	0.22	[32, 1, 1]
832	_fwd_grouped_kernel_stage1	attention	28.90	0.10	[8, 8, 8]
833	_fwd_kernel_stage2	attention	2.18	0.22	[8, 16, 1]
834	void sglang::per_token_quant_fp8_cta_kernel<__nv_bfloat16, 8>(__nv_bfloat16 const*, __nv_fp8_e4m3*, float*, unsigned int)	act_quant	1.76	0.10	[8, 1, 1]
835	_ZN7cutlass13device_kernelINS_4gemm6kernel13GemmUniversalIN4cute5tupleIJiiiiEEENS1_10collective13CollectiveMmaINS1_31MainloopSm120TmaWarpSpecializedILi2ELi2ENS5_IJNS4_1CILi1EEESB_SB_EEENS1_40KernelTmaWarpSpecializedCooperativeSm120ILi2EEEEENS5_IJNSA_ILi128EEESG_SG_EEENS_12float_e4m3_tENS5_IJlSB_lEEESI_SJ_NS4_8TiledMMAINS4_8MMA_AtomIJNS4_16SM120_16x8x32_TNISI_SI_fEEEEENS4_6LayoutINS5_IJNSA_ILi4EEENSA_ILi2EEESB_EEENS5_IJSB_SQ_NSA_ILi0EEEEEEEENS5_IJSG_NSA_ILi32EEESW_EEEEENS4_13SM90_TMA_LOADENS4_14ComposedLayoutINS4_7SwizzleILi3ELi4ELi3EEENS4_18smem_ptr_flag_bitsILi8EEENSP_INS5_IJNSA_ILi8EEESG_EEENS5_IJSG_SB_EEEEEEENS4_9Copy_AtomIJNS4_17SM75_U32x4_LDSM_NEhEEENS4_8identityESZ_S19_S1C_S1D_EENS_8epilogue10collective18CollectiveEpilogueINS1F_22Sm90TmaWarpSpecializedILi2ELi2ELi4ELb0ELb1EEEJSH_NS5_IJNSA_ILi64EEESW_EEEvSJ_NS_10bfloat16_tESJ_NS1F_6fusion15Sm90TreeVisitorINS1N_11Sm90ComputeINS_10multipliesES1M_fLNS_15FloatRoundStyleE2EvEEJNS1N_16Sm90ColBroadcastILi0ESH_ffNS5_IJSB_ST_ST_EEELi4ELb1EEENS1O_INS1P_IS1Q_ffLS1R_2EvEEJNS1N_16Sm90RowBroadcastILi0ESH_ffNS5_IJST_SB_ST_EEELi4ELb1EEENS1N_12Sm90AccFetchEEEEEEESZ_NS10_INS11_ILi2ELi4ELi3EEENS13_ILi16EEENSP_INS5_IJS15_SW_EEENS5_IJSW_SB_EEEEEEENS4_17SM75_U32x2_LDSM_NENS4_14SM90_TMA_STOREES28_NS4_17SM90_U32x2_STSM_NENS1A_IJS2B_NS_6half_tEEEEvEEEvvEEEEvNT_6ParamsE	dense_gemm	49.66	0.10	[1, 22, 1]
836	kernel_cutlass_kernel_flashinfernormkernelsrmsnormRMSNormKernel_object_at__tensorptrbf16gmemalign128oi64281628161_tensorptrbf16gmemalign16o28161_tensorptrbf16gmemalign128oi64281628161___T_0	norm_rope_kv	2.53	-0.19	[2, 1, 1]
837	kernel_cutlass_kernel_flashinfernormkernelsfused_add_rmsnormFusedAddRMSNormKernel_object_at__tensorptrbf16gmemalign128oi64281628161_tensorptrbf16gmemalign128oi64281628161_tensorptrbf16gme_0	norm_rope_kv	2.46	0.06	[2, 1, 1]
838	void sglang::per_token_quant_fp8_cta_kernel<__nv_bfloat16, 8>(__nv_bfloat16 const*, __nv_fp8_e4m3*, float*, unsigned int)	act_quant	1.50	0.10	[8, 1, 1]
839	_ZN7cutlass13device_kernelINS_4gemm6kernel13GemmUniversalIN4cute5tupleIJiiiiEEENS1_10collective13CollectiveMmaINS1_31MainloopSm120TmaWarpSpecializedILi2ELi2ENS5_IJNS4_1CILi1EEESB_SB_EEENS1_40KernelTmaWarpSpecializedCooperativeSm120ILi2EEEEENS5_IJNSA_ILi128EEESG_SG_EEENS_12float_e4m3_tENS5_IJlSB_lEEESI_SJ_NS4_8TiledMMAINS4_8MMA_AtomIJNS4_16SM120_16x8x32_TNISI_SI_fEEEEENS4_6LayoutINS5_IJNSA_ILi4EEENSA_ILi2EEESB_EEENS5_IJSB_SQ_NSA_ILi0EEEEEEEENS5_IJSG_NSA_ILi32EEESW_EEEEENS4_13SM90_TMA_LOADENS4_14ComposedLayoutINS4_7SwizzleILi3ELi4ELi3EEENS4_18smem_ptr_flag_bitsILi8EEENSP_INS5_IJNSA_ILi8EEESG_EEENS5_IJSG_SB_EEEEEEENS4_9Copy_AtomIJNS4_17SM75_U32x4_LDSM_NEhEEENS4_8identityESZ_S19_S1C_S1D_EENS_8epilogue10collective18CollectiveEpilogueINS1F_22Sm90TmaWarpSpecializedILi2ELi2ELi4ELb0ELb1EEEJSH_NS5_IJNSA_ILi64EEESW_EEEvSJ_NS_10bfloat16_tESJ_NS1F_6fusion15Sm90TreeVisitorINS1N_11Sm90ComputeINS_10multipliesES1M_fLNS_15FloatRoundStyleE2EvEEJNS1N_16Sm90ColBroadcastILi0ESH_ffNS5_IJSB_ST_ST_EEELi4ELb1EEENS1O_INS1P_IS1Q_ffLS1R_2EvEEJNS1N_16Sm90RowBroadcastILi0ESH_ffNS5_IJST_SB_ST_EEELi4ELb1EEENS1N_12Sm90AccFetchEEEEEEESZ_NS10_INS11_ILi2ELi4ELi3EEENS13_ILi16EEENSP_INS5_IJS15_SW_EEENS5_IJSW_SB_EEEEEEENS4_17SM75_U32x2_LDSM_NENS4_14SM90_TMA_STOREES28_NS4_17SM90_U32x2_STSM_NENS1A_IJS2B_NS_6half_tEEEEvEEEvvEEEEvNT_6ParamsE	dense_gemm	35.49	0.10	[1, 33, 1]
840	void sglang::act_and_mul_kernel<__nv_bfloat16, (sglang::ActivationKind)2, true, false, false, false>(sglang::ActivationParams)	elementwise_copy	1.47	0.22	[5, 1, 1]
841	void sglang::per_token_quant_fp8_cta_kernel<__nv_bfloat16, 8>(__nv_bfloat16 const*, __nv_fp8_e4m3*, float*, unsigned int)	act_quant	1.47	0.06	[8, 1, 1]
842	_ZN7cutlass13device_kernelINS_4gemm6kernel13GemmUniversalIN4cute5tupleIJiiiiEEENS1_10collective13CollectiveMmaINS1_31MainloopSm120TmaWarpSpecializedILi2ELi2ENS5_IJNS4_1CILi1EEESB_SB_EEENS1_40KernelTmaWarpSpecializedCooperativeSm120ILi2EEEEENS5_IJNSA_ILi128EEESG_SG_EEENS_12float_e4m3_tENS5_IJlSB_lEEESI_SJ_NS4_8TiledMMAINS4_8MMA_AtomIJNS4_16SM120_16x8x32_TNISI_SI_fEEEEENS4_6LayoutINS5_IJNSA_ILi4EEENSA_ILi2EEESB_EEENS5_IJSB_SQ_NSA_ILi0EEEEEEEENS5_IJSG_NSA_ILi32EEESW_EEEEENS4_13SM90_TMA_LOADENS4_14ComposedLayoutINS4_7SwizzleILi3ELi4ELi3EEENS4_18smem_ptr_flag_bitsILi8EEENSP_INS5_IJNSA_ILi8EEESG_EEENS5_IJSG_SB_EEEEEEENS4_9Copy_AtomIJNS4_17SM75_U32x4_LDSM_NEhEEENS4_8identityESZ_S19_S1C_S1D_EENS_8epilogue10collective18CollectiveEpilogueINS1F_22Sm90TmaWarpSpecializedILi2ELi2ELi4ELb0ELb1EEEJSH_NS5_IJNSA_ILi64EEESW_EEEvSJ_NS_10bfloat16_tESJ_NS1F_6fusion15Sm90TreeVisitorINS1N_11Sm90ComputeINS_10multipliesES1M_fLNS_15FloatRoundStyleE2EvEEJNS1N_16Sm90ColBroadcastILi0ESH_ffNS5_IJSB_ST_ST_EEELi4ELb1EEENS1O_INS1P_IS1Q_ffLS1R_2EvEEJNS1N_16Sm90RowBroadcastILi0ESH_ffNS5_IJST_SB_ST_EEELi4ELb1EEENS1N_12Sm90AccFetchEEEEEEESZ_NS10_INS11_ILi2ELi4ELi3EEENS13_ILi16EEENSP_INS5_IJS15_SW_EEENS5_IJSW_SB_EEEEEEENS4_17SM75_U32x2_LDSM_NENS4_14SM90_TMA_STOREES28_NS4_17SM90_U32x2_STSM_NENS1A_IJS2B_NS_6half_tEEEEvEEEvvEEEEvNT_6ParamsE	dense_gemm	28.22	0.13	[1, 22, 1]
843	kernel_cutlass_kernel_flashinfernormkernelsrmsnormRMSNormKernel_object_at__tensorptrbf16gmemalign128oi64281628161_tensorptrbf16gmemalign16o28161_tensorptrbf16gmemalign128oi64281628161___T_0	norm_rope_kv	2.34	0.22	[2, 1, 1]
844	void cutlass::Kernel2<cutlass_80_wmma_tensorop_bf16_s161616gemm_bf16_16x16_128x2_tn_align8>(cutlass_80_wmma_tensorop_bf16_s161616gemm_bf16_16x16_128x2_tn_align8::Params)	dense_gemm	3.33	0.10	[8, 1, 9]
845	void cublasLt::splitKreduce_kernel<32, 16, int, __nv_bfloat16, __nv_bfloat16, float, __nv_bfloat16, false, __nv_bfloat16, __nv_bfloat16, __nv_bfloat16, true, false, false, false>(cublasLt::cublasSplitKParams<float>, __nv_bfloat16 const*, __nv_bfloat16 const*, __nv_bfloat16*, __nv_bfloat16*, float const*, float const*, __nv_bfloat16 const*, __nv_bfloat16 const*, __nv_bfloat16*, void*, long, float*, int*, float*, float*, float const*, float const*, float const*, float const*, float const*)	dense_gemm	1.28	0.06	[4, 1, 1]
846	kernel_cutlass_kernel_flashinfernormkernelsrmsnormRMSNormKernel_object_at__tensorptrbf16gmemalign128oi64281628161_tensorptrbf16gmemalign16o28161_tensorptrbf16gmemalign128oi64281628161___T_0	norm_rope_kv	2.59	-0.32	[2, 1, 1]
847	_gemma4_routing_kernel	moe_route	1.82	0.10	[8, 1, 1]
848	_moe_align_small_numel_kernel	moe_route	3.39	0.19	[1, 1, 1]
849	void sglang::per_token_quant_fp8_cta_kernel<__nv_bfloat16, 8>(__nv_bfloat16 const*, __nv_fp8_e4m3*, float*, unsigned int)	act_quant	1.66	0.10	[8, 1, 1]
850	fused_moe_kernel	moe_gemm	93.95	-0.19	[704, 1, 1]
851	void sglang::act_and_mul_kernel<__nv_bfloat16, (sglang::ActivationKind)1, true, false, false, false>(sglang::ActivationParams)	elementwise_copy	15.36	-14.27	[11, 1, 1]
852	void sglang::per_token_quant_fp8_cta_kernel<__nv_bfloat16, 8>(__nv_bfloat16 const*, __nv_fp8_e4m3*, float*, unsigned int)	act_quant	1.38	0.10	[64, 1, 1]
853	fused_moe_kernel	moe_gemm	50.08	-0.19	[1408, 1, 1]
854	_moe_sum_reduce_kernel	moe_route	3.04	-1.95	[8, 2, 1]
855	_gemma_dual_rmsnorm_residual_kernel	norm_rope_kv	2.30	0.10	[8, 1, 1]
856	kernel_cutlass_kernel_flashinfernormkernelsrmsnormRMSNormKernel_object_at__tensorptrbf16gmemalign128oi64281628161_tensorptrbf16gmemalign16o28161_tensorptrbf16gmemalign128oi64281628161___T_0	norm_rope_kv	2.37	0.22	[2, 1, 1]
857	void sglang::per_token_quant_fp8_cta_kernel<__nv_bfloat16, 8>(__nv_bfloat16 const*, __nv_fp8_e4m3*, float*, unsigned int)	act_quant	1.50	0.10	[8, 1, 1]
858	_ZN7cutlass13device_kernelINS_4gemm6kernel13GemmUniversalIN4cute5tupleIJiiiiEEENS1_10collective13CollectiveMmaINS1_31MainloopSm120TmaWarpSpecializedILi2ELi2ENS5_IJNS4_1CILi1EEESB_SB_EEENS1_40KernelTmaWarpSpecializedCooperativeSm120ILi2EEEEENS5_IJNSA_ILi128EEESG_SG_EEENS_12float_e4m3_tENS5_IJlSB_lEEESI_SJ_NS4_8TiledMMAINS4_8MMA_AtomIJNS4_16SM120_16x8x32_TNISI_SI_fEEEEENS4_6LayoutINS5_IJNSA_ILi4EEENSA_ILi2EEESB_EEENS5_IJSB_SQ_NSA_ILi0EEEEEEEENS5_IJSG_NSA_ILi32EEESW_EEEEENS4_13SM90_TMA_LOADENS4_14ComposedLayoutINS4_7SwizzleILi3ELi4ELi3EEENS4_18smem_ptr_flag_bitsILi8EEENSP_INS5_IJNSA_ILi8EEESG_EEENS5_IJSG_SB_EEEEEEENS4_9Copy_AtomIJNS4_17SM75_U32x4_LDSM_NEhEEENS4_8identityESZ_S19_S1C_S1D_EENS_8epilogue10collective18CollectiveEpilogueINS1F_22Sm90TmaWarpSpecializedILi2ELi2ELi4ELb0ELb1EEEJSH_NS5_IJNSA_ILi64EEESW_EEEvSJ_NS_10bfloat16_tESJ_NS1F_6fusion15Sm90TreeVisitorINS1N_11Sm90ComputeINS_10multipliesES1M_fLNS_15FloatRoundStyleE2EvEEJNS1N_16Sm90ColBroadcastILi0ESH_ffNS5_IJSB_ST_ST_EEELi4ELb1EEENS1O_INS1P_IS1Q_ffLS1R_2EvEEJNS1N_16Sm90RowBroadcastILi0ESH_ffNS5_IJST_SB_ST_EEELi4ELb1EEENS1N_12Sm90AccFetchEEEEEEESZ_NS10_INS11_ILi2ELi4ELi3EEENS13_ILi16EEENSP_INS5_IJS15_SW_EEENS5_IJSW_SB_EEEEEEENS4_17SM75_U32x2_LDSM_NENS4_14SM90_TMA_STOREES28_NS4_17SM90_U32x2_STSM_NENS1A_IJS2B_NS_6half_tEEEEvEEEvvEEEEvNT_6ParamsE	dense_gemm	36.03	0.10	[1, 64, 1]
859	_gemma_qkv_rmsnorm_kernel	norm_rope_kv	1.63	0.10	[8, 32, 1]
860	void sglang::fused_rope_kernel<true, 256l, true, __nv_bfloat16, __nv_bfloat16, long, 32u>(sglang::FusedRopeParams)	norm_rope_kv	1.57	0.19	[48, 1, 1]
861	void at::native::elementwise_kernel<128, 4, at::native::gpu_kernel_impl_nocast<at::native::BUnaryFunctor<c10::BFloat16, c10::BFloat16, c10::BFloat16, at::native::binary_internal::MulFunctor<float> > >(at::TensorIteratorBase&, at::native::BUnaryFunctor<c10::BFloat16, c10::BFloat16, c10::BFloat16, at::native::binary_internal::MulFunctor<float> > const&)::{lambda(int)#1}>(int, at::native::gpu_kernel_impl_nocast<at::native::BUnaryFunctor<c10::BFloat16, c10::BFloat16, c10::BFloat16, at::native::binary_internal::MulFunctor<float> > >(at::TensorIteratorBase&, at::native::BUnaryFunctor<c10::BFloat16, c10::BFloat16, c10::BFloat16, at::native::binary_internal::MulFunctor<float> > const&)::{lambda(int)#1})	elementwise_copy	1.73	0.10	[32, 1, 1]
862	void at::native::elementwise_kernel<128, 4, at::native::gpu_kernel_impl_nocast<at::native::BUnaryFunctor<c10::BFloat16, c10::BFloat16, c10::BFloat16, at::native::binary_internal::MulFunctor<float> > >(at::TensorIteratorBase&, at::native::BUnaryFunctor<c10::BFloat16, c10::BFloat16, c10::BFloat16, at::native::binary_internal::MulFunctor<float> > const&)::{lambda(int)#1}>(int, at::native::gpu_kernel_impl_nocast<at::native::BUnaryFunctor<c10::BFloat16, c10::BFloat16, c10::BFloat16, at::native::binary_internal::MulFunctor<float> > >(at::TensorIteratorBase&, at::native::BUnaryFunctor<c10::BFloat16, c10::BFloat16, c10::BFloat16, at::native::binary_internal::MulFunctor<float> > const&)::{lambda(int)#1})	elementwise_copy	1.47	0.06	[32, 1, 1]
863	void at::native::elementwise_kernel<128, 4, at::native::gpu_kernel_impl_nocast<at::native::ConvertToFloat8E4M3fnOp<c10::BFloat16> >(at::TensorIteratorBase&, at::native::ConvertToFloat8E4M3fnOp<c10::BFloat16> const&)::{lambda(int)#1}>(int, at::native::gpu_kernel_impl_nocast<at::native::ConvertToFloat8E4M3fnOp<c10::BFloat16> >(at::TensorIteratorBase&, at::native::ConvertToFloat8E4M3fnOp<c10::BFloat16> const&)::{lambda(int)#1})	elementwise_copy	1.66	0.10	[32, 1, 1]
864	void at::native::elementwise_kernel<128, 4, at::native::gpu_kernel_impl_nocast<at::native::ConvertToFloat8E4M3fnOp<c10::BFloat16> >(at::TensorIteratorBase&, at::native::ConvertToFloat8E4M3fnOp<c10::BFloat16> const&)::{lambda(int)#1}>(int, at::native::gpu_kernel_impl_nocast<at::native::ConvertToFloat8E4M3fnOp<c10::BFloat16> >(at::TensorIteratorBase&, at::native::ConvertToFloat8E4M3fnOp<c10::BFloat16> const&)::{lambda(int)#1})	elementwise_copy	1.60	0.10	[32, 1, 1]
865	void sglang::store_kvcache_kernel<2048l, 2048l, 128u, true, long>(sglang::StoreKVCacheParams)	norm_rope_kv	1.06	0.22	[32, 1, 1]
866	_fwd_grouped_kernel_stage1	attention	31.07	0.10	[8, 8, 8]
867	_fwd_kernel_stage2	attention	2.18	0.22	[8, 16, 1]
868	void sglang::per_token_quant_fp8_cta_kernel<__nv_bfloat16, 8>(__nv_bfloat16 const*, __nv_fp8_e4m3*, float*, unsigned int)	act_quant	1.79	0.10	[8, 1, 1]
869	_ZN7cutlass13device_kernelINS_4gemm6kernel13GemmUniversalIN4cute5tupleIJiiiiEEENS1_10collective13CollectiveMmaINS1_31MainloopSm120TmaWarpSpecializedILi2ELi2ENS5_IJNS4_1CILi1EEESB_SB_EEENS1_40KernelTmaWarpSpecializedCooperativeSm120ILi2EEEEENS5_IJNSA_ILi128EEESG_SG_EEENS_12float_e4m3_tENS5_IJlSB_lEEESI_SJ_NS4_8TiledMMAINS4_8MMA_AtomIJNS4_16SM120_16x8x32_TNISI_SI_fEEEEENS4_6LayoutINS5_IJNSA_ILi4EEENSA_ILi2EEESB_EEENS5_IJSB_SQ_NSA_ILi0EEEEEEEENS5_IJSG_NSA_ILi32EEESW_EEEEENS4_13SM90_TMA_LOADENS4_14ComposedLayoutINS4_7SwizzleILi3ELi4ELi3EEENS4_18smem_ptr_flag_bitsILi8EEENSP_INS5_IJNSA_ILi8EEESG_EEENS5_IJSG_SB_EEEEEEENS4_9Copy_AtomIJNS4_17SM75_U32x4_LDSM_NEhEEENS4_8identityESZ_S19_S1C_S1D_EENS_8epilogue10collective18CollectiveEpilogueINS1F_22Sm90TmaWarpSpecializedILi2ELi2ELi4ELb0ELb1EEEJSH_NS5_IJNSA_ILi64EEESW_EEEvSJ_NS_10bfloat16_tESJ_NS1F_6fusion15Sm90TreeVisitorINS1N_11Sm90ComputeINS_10multipliesES1M_fLNS_15FloatRoundStyleE2EvEEJNS1N_16Sm90ColBroadcastILi0ESH_ffNS5_IJSB_ST_ST_EEELi4ELb1EEENS1O_INS1P_IS1Q_ffLS1R_2EvEEJNS1N_16Sm90RowBroadcastILi0ESH_ffNS5_IJST_SB_ST_EEELi4ELb1EEENS1N_12Sm90AccFetchEEEEEEESZ_NS10_INS11_ILi2ELi4ELi3EEENS13_ILi16EEENSP_INS5_IJS15_SW_EEENS5_IJSW_SB_EEEEEEENS4_17SM75_U32x2_LDSM_NENS4_14SM90_TMA_STOREES28_NS4_17SM90_U32x2_STSM_NENS1A_IJS2B_NS_6half_tEEEEvEEEvvEEEEvNT_6ParamsE	dense_gemm	49.66	0.06	[1, 22, 1]
870	kernel_cutlass_kernel_flashinfernormkernelsrmsnormRMSNormKernel_object_at__tensorptrbf16gmemalign128oi64281628161_tensorptrbf16gmemalign16o28161_tensorptrbf16gmemalign128oi64281628161___T_0	norm_rope_kv	2.46	-0.22	[2, 1, 1]
871	kernel_cutlass_kernel_flashinfernormkernelsfused_add_rmsnormFusedAddRMSNormKernel_object_at__tensorptrbf16gmemalign128oi64281628161_tensorptrbf16gmemalign128oi64281628161_tensorptrbf16gme_0	norm_rope_kv	2.53	0.06	[2, 1, 1]
872	void sglang::per_token_quant_fp8_cta_kernel<__nv_bfloat16, 8>(__nv_bfloat16 const*, __nv_fp8_e4m3*, float*, unsigned int)	act_quant	1.54	0.06	[8, 1, 1]
873	_ZN7cutlass13device_kernelINS_4gemm6kernel13GemmUniversalIN4cute5tupleIJiiiiEEENS1_10collective13CollectiveMmaINS1_31MainloopSm120TmaWarpSpecializedILi2ELi2ENS5_IJNS4_1CILi1EEESB_SB_EEENS1_40KernelTmaWarpSpecializedCooperativeSm120ILi2EEEEENS5_IJNSA_ILi128EEESG_SG_EEENS_12float_e4m3_tENS5_IJlSB_lEEESI_SJ_NS4_8TiledMMAINS4_8MMA_AtomIJNS4_16SM120_16x8x32_TNISI_SI_fEEEEENS4_6LayoutINS5_IJNSA_ILi4EEENSA_ILi2EEESB_EEENS5_IJSB_SQ_NSA_ILi0EEEEEEEENS5_IJSG_NSA_ILi32EEESW_EEEEENS4_13SM90_TMA_LOADENS4_14ComposedLayoutINS4_7SwizzleILi3ELi4ELi3EEENS4_18smem_ptr_flag_bitsILi8EEENSP_INS5_IJNSA_ILi8EEESG_EEENS5_IJSG_SB_EEEEEEENS4_9Copy_AtomIJNS4_17SM75_U32x4_LDSM_NEhEEENS4_8identityESZ_S19_S1C_S1D_EENS_8epilogue10collective18CollectiveEpilogueINS1F_22Sm90TmaWarpSpecializedILi2ELi2ELi4ELb0ELb1EEEJSH_NS5_IJNSA_ILi64EEESW_EEEvSJ_NS_10bfloat16_tESJ_NS1F_6fusion15Sm90TreeVisitorINS1N_11Sm90ComputeINS_10multipliesES1M_fLNS_15FloatRoundStyleE2EvEEJNS1N_16Sm90ColBroadcastILi0ESH_ffNS5_IJSB_ST_ST_EEELi4ELb1EEENS1O_INS1P_IS1Q_ffLS1R_2EvEEJNS1N_16Sm90RowBroadcastILi0ESH_ffNS5_IJST_SB_ST_EEELi4ELb1EEENS1N_12Sm90AccFetchEEEEEEESZ_NS10_INS11_ILi2ELi4ELi3EEENS13_ILi16EEENSP_INS5_IJS15_SW_EEENS5_IJSW_SB_EEEEEEENS4_17SM75_U32x2_LDSM_NENS4_14SM90_TMA_STOREES28_NS4_17SM90_U32x2_STSM_NENS1A_IJS2B_NS_6half_tEEEEvEEEvvEEEEvNT_6ParamsE	dense_gemm	35.49	0.10	[1, 33, 1]
874	void sglang::act_and_mul_kernel<__nv_bfloat16, (sglang::ActivationKind)2, true, false, false, false>(sglang::ActivationParams)	elementwise_copy	1.41	0.22	[5, 1, 1]
875	void sglang::per_token_quant_fp8_cta_kernel<__nv_bfloat16, 8>(__nv_bfloat16 const*, __nv_fp8_e4m3*, float*, unsigned int)	act_quant	1.50	0.10	[8, 1, 1]
876	_ZN7cutlass13device_kernelINS_4gemm6kernel13GemmUniversalIN4cute5tupleIJiiiiEEENS1_10collective13CollectiveMmaINS1_31MainloopSm120TmaWarpSpecializedILi2ELi2ENS5_IJNS4_1CILi1EEESB_SB_EEENS1_40KernelTmaWarpSpecializedCooperativeSm120ILi2EEEEENS5_IJNSA_ILi128EEESG_SG_EEENS_12float_e4m3_tENS5_IJlSB_lEEESI_SJ_NS4_8TiledMMAINS4_8MMA_AtomIJNS4_16SM120_16x8x32_TNISI_SI_fEEEEENS4_6LayoutINS5_IJNSA_ILi4EEENSA_ILi2EEESB_EEENS5_IJSB_SQ_NSA_ILi0EEEEEEEENS5_IJSG_NSA_ILi32EEESW_EEEEENS4_13SM90_TMA_LOADENS4_14ComposedLayoutINS4_7SwizzleILi3ELi4ELi3EEENS4_18smem_ptr_flag_bitsILi8EEENSP_INS5_IJNSA_ILi8EEESG_EEENS5_IJSG_SB_EEEEEEENS4_9Copy_AtomIJNS4_17SM75_U32x4_LDSM_NEhEEENS4_8identityESZ_S19_S1C_S1D_EENS_8epilogue10collective18CollectiveEpilogueINS1F_22Sm90TmaWarpSpecializedILi2ELi2ELi4ELb0ELb1EEEJSH_NS5_IJNSA_ILi64EEESW_EEEvSJ_NS_10bfloat16_tESJ_NS1F_6fusion15Sm90TreeVisitorINS1N_11Sm90ComputeINS_10multipliesES1M_fLNS_15FloatRoundStyleE2EvEEJNS1N_16Sm90ColBroadcastILi0ESH_ffNS5_IJSB_ST_ST_EEELi4ELb1EEENS1O_INS1P_IS1Q_ffLS1R_2EvEEJNS1N_16Sm90RowBroadcastILi0ESH_ffNS5_IJST_SB_ST_EEELi4ELb1EEENS1N_12Sm90AccFetchEEEEEEESZ_NS10_INS11_ILi2ELi4ELi3EEENS13_ILi16EEENSP_INS5_IJS15_SW_EEENS5_IJSW_SB_EEEEEEENS4_17SM75_U32x2_LDSM_NENS4_14SM90_TMA_STOREES28_NS4_17SM90_U32x2_STSM_NENS1A_IJS2B_NS_6half_tEEEEvEEEvvEEEEvNT_6ParamsE	dense_gemm	28.10	0.10	[1, 22, 1]
877	kernel_cutlass_kernel_flashinfernormkernelsrmsnormRMSNormKernel_object_at__tensorptrbf16gmemalign128oi64281628161_tensorptrbf16gmemalign16o28161_tensorptrbf16gmemalign128oi64281628161___T_0	norm_rope_kv	2.46	0.19	[2, 1, 1]
878	void cutlass::Kernel2<cutlass_80_wmma_tensorop_bf16_s161616gemm_bf16_16x16_128x2_tn_align8>(cutlass_80_wmma_tensorop_bf16_s161616gemm_bf16_16x16_128x2_tn_align8::Params)	dense_gemm	3.39	0.10	[8, 1, 9]
879	void cublasLt::splitKreduce_kernel<32, 16, int, __nv_bfloat16, __nv_bfloat16, float, __nv_bfloat16, false, __nv_bfloat16, __nv_bfloat16, __nv_bfloat16, true, false, false, false>(cublasLt::cublasSplitKParams<float>, __nv_bfloat16 const*, __nv_bfloat16 const*, __nv_bfloat16*, __nv_bfloat16*, float const*, float const*, __nv_bfloat16 const*, __nv_bfloat16 const*, __nv_bfloat16*, void*, long, float*, int*, float*, float*, float const*, float const*, float const*, float const*, float const*)	dense_gemm	1.28	0.10	[4, 1, 1]
880	kernel_cutlass_kernel_flashinfernormkernelsrmsnormRMSNormKernel_object_at__tensorptrbf16gmemalign128oi64281628161_tensorptrbf16gmemalign16o28161_tensorptrbf16gmemalign128oi64281628161___T_0	norm_rope_kv	2.53	-0.32	[2, 1, 1]
881	_gemma4_routing_kernel	moe_route	1.73	0.10	[8, 1, 1]
882	_moe_align_small_numel_kernel	moe_route	3.36	0.22	[1, 1, 1]
883	void sglang::per_token_quant_fp8_cta_kernel<__nv_bfloat16, 8>(__nv_bfloat16 const*, __nv_fp8_e4m3*, float*, unsigned int)	act_quant	1.66	0.10	[8, 1, 1]
884	fused_moe_kernel	moe_gemm	87.42	-0.19	[704, 1, 1]
885	void sglang::act_and_mul_kernel<__nv_bfloat16, (sglang::ActivationKind)1, true, false, false, false>(sglang::ActivationParams)	elementwise_copy	10.85	-9.79	[11, 1, 1]
886	void sglang::per_token_quant_fp8_cta_kernel<__nv_bfloat16, 8>(__nv_bfloat16 const*, __nv_fp8_e4m3*, float*, unsigned int)	act_quant	1.41	0.06	[64, 1, 1]
887	fused_moe_kernel	moe_gemm	45.95	-0.22	[1408, 1, 1]
888	_moe_sum_reduce_kernel	moe_route	3.17	-2.08	[8, 2, 1]
889	_gemma_dual_rmsnorm_residual_kernel	norm_rope_kv	2.30	0.10	[8, 1, 1]
890	kernel_cutlass_kernel_flashinfernormkernelsrmsnormRMSNormKernel_object_at__tensorptrbf16gmemalign128oi64281628161_tensorptrbf16gmemalign16o28161_tensorptrbf16gmemalign128oi64281628161___T_0	norm_rope_kv	2.40	0.22	[2, 1, 1]
891	void sglang::per_token_quant_fp8_cta_kernel<__nv_bfloat16, 8>(__nv_bfloat16 const*, __nv_fp8_e4m3*, float*, unsigned int)	act_quant	1.50	0.10	[8, 1, 1]
892	_ZN7cutlass13device_kernelINS_4gemm6kernel13GemmUniversalIN4cute5tupleIJiiiiEEENS1_10collective13CollectiveMmaINS1_31MainloopSm120TmaWarpSpecializedILi2ELi2ENS5_IJNS4_1CILi1EEESB_SB_EEENS1_40KernelTmaWarpSpecializedCooperativeSm120ILi2EEEEENS5_IJNSA_ILi128EEESG_SG_EEENS_12float_e4m3_tENS5_IJlSB_lEEESI_SJ_NS4_8TiledMMAINS4_8MMA_AtomIJNS4_16SM120_16x8x32_TNISI_SI_fEEEEENS4_6LayoutINS5_IJNSA_ILi4EEENSA_ILi2EEESB_EEENS5_IJSB_SQ_NSA_ILi0EEEEEEEENS5_IJSG_NSA_ILi32EEESW_EEEEENS4_13SM90_TMA_LOADENS4_14ComposedLayoutINS4_7SwizzleILi3ELi4ELi3EEENS4_18smem_ptr_flag_bitsILi8EEENSP_INS5_IJNSA_ILi8EEESG_EEENS5_IJSG_SB_EEEEEEENS4_9Copy_AtomIJNS4_17SM75_U32x4_LDSM_NEhEEENS4_8identityESZ_S19_S1C_S1D_EENS_8epilogue10collective18CollectiveEpilogueINS1F_22Sm90TmaWarpSpecializedILi2ELi2ELi4ELb0ELb1EEEJSH_NS5_IJNSA_ILi64EEESW_EEEvSJ_NS_10bfloat16_tESJ_NS1F_6fusion15Sm90TreeVisitorINS1N_11Sm90ComputeINS_10multipliesES1M_fLNS_15FloatRoundStyleE2EvEEJNS1N_16Sm90ColBroadcastILi0ESH_ffNS5_IJSB_ST_ST_EEELi4ELb1EEENS1O_INS1P_IS1Q_ffLS1R_2EvEEJNS1N_16Sm90RowBroadcastILi0ESH_ffNS5_IJST_SB_ST_EEELi4ELb1EEENS1N_12Sm90AccFetchEEEEEEESZ_NS10_INS11_ILi2ELi4ELi3EEENS13_ILi16EEENSP_INS5_IJS15_SW_EEENS5_IJSW_SB_EEEEEEENS4_17SM75_U32x2_LDSM_NENS4_14SM90_TMA_STOREES28_NS4_17SM90_U32x2_STSM_NENS1A_IJS2B_NS_6half_tEEEEvEEEvvEEEEvNT_6ParamsE	dense_gemm	36.10	0.06	[1, 64, 1]
893	_gemma_qkv_rmsnorm_kernel	norm_rope_kv	1.57	0.10	[8, 32, 1]
894	void sglang::fused_rope_kernel<true, 256l, true, __nv_bfloat16, __nv_bfloat16, long, 32u>(sglang::FusedRopeParams)	norm_rope_kv	1.67	0.22	[48, 1, 1]
895	void at::native::elementwise_kernel<128, 4, at::native::gpu_kernel_impl_nocast<at::native::BUnaryFunctor<c10::BFloat16, c10::BFloat16, c10::BFloat16, at::native::binary_internal::MulFunctor<float> > >(at::TensorIteratorBase&, at::native::BUnaryFunctor<c10::BFloat16, c10::BFloat16, c10::BFloat16, at::native::binary_internal::MulFunctor<float> > const&)::{lambda(int)#1}>(int, at::native::gpu_kernel_impl_nocast<at::native::BUnaryFunctor<c10::BFloat16, c10::BFloat16, c10::BFloat16, at::native::binary_internal::MulFunctor<float> > >(at::TensorIteratorBase&, at::native::BUnaryFunctor<c10::BFloat16, c10::BFloat16, c10::BFloat16, at::native::binary_internal::MulFunctor<float> > const&)::{lambda(int)#1})	elementwise_copy	1.76	0.06	[32, 1, 1]
896	void at::native::elementwise_kernel<128, 4, at::native::gpu_kernel_impl_nocast<at::native::BUnaryFunctor<c10::BFloat16, c10::BFloat16, c10::BFloat16, at::native::binary_internal::MulFunctor<float> > >(at::TensorIteratorBase&, at::native::BUnaryFunctor<c10::BFloat16, c10::BFloat16, c10::BFloat16, at::native::binary_internal::MulFunctor<float> > const&)::{lambda(int)#1}>(int, at::native::gpu_kernel_impl_nocast<at::native::BUnaryFunctor<c10::BFloat16, c10::BFloat16, c10::BFloat16, at::native::binary_internal::MulFunctor<float> > >(at::TensorIteratorBase&, at::native::BUnaryFunctor<c10::BFloat16, c10::BFloat16, c10::BFloat16, at::native::binary_internal::MulFunctor<float> > const&)::{lambda(int)#1})	elementwise_copy	1.47	0.10	[32, 1, 1]
897	void at::native::elementwise_kernel<128, 4, at::native::gpu_kernel_impl_nocast<at::native::ConvertToFloat8E4M3fnOp<c10::BFloat16> >(at::TensorIteratorBase&, at::native::ConvertToFloat8E4M3fnOp<c10::BFloat16> const&)::{lambda(int)#1}>(int, at::native::gpu_kernel_impl_nocast<at::native::ConvertToFloat8E4M3fnOp<c10::BFloat16> >(at::TensorIteratorBase&, at::native::ConvertToFloat8E4M3fnOp<c10::BFloat16> const&)::{lambda(int)#1})	elementwise_copy	1.70	0.10	[32, 1, 1]
898	void at::native::elementwise_kernel<128, 4, at::native::gpu_kernel_impl_nocast<at::native::ConvertToFloat8E4M3fnOp<c10::BFloat16> >(at::TensorIteratorBase&, at::native::ConvertToFloat8E4M3fnOp<c10::BFloat16> const&)::{lambda(int)#1}>(int, at::native::gpu_kernel_impl_nocast<at::native::ConvertToFloat8E4M3fnOp<c10::BFloat16> >(at::TensorIteratorBase&, at::native::ConvertToFloat8E4M3fnOp<c10::BFloat16> const&)::{lambda(int)#1})	elementwise_copy	1.76	0.10	[32, 1, 1]
899	void sglang::store_kvcache_kernel<2048l, 2048l, 128u, true, long>(sglang::StoreKVCacheParams)	norm_rope_kv	1.06	0.22	[32, 1, 1]
900	_fwd_grouped_kernel_stage1	attention	30.82	0.06	[8, 8, 8]
901	_fwd_kernel_stage2	attention	2.18	0.22	[8, 16, 1]
902	void sglang::per_token_quant_fp8_cta_kernel<__nv_bfloat16, 8>(__nv_bfloat16 const*, __nv_fp8_e4m3*, float*, unsigned int)	act_quant	1.79	0.10	[8, 1, 1]
903	_ZN7cutlass13device_kernelINS_4gemm6kernel13GemmUniversalIN4cute5tupleIJiiiiEEENS1_10collective13CollectiveMmaINS1_31MainloopSm120TmaWarpSpecializedILi2ELi2ENS5_IJNS4_1CILi1EEESB_SB_EEENS1_40KernelTmaWarpSpecializedCooperativeSm120ILi2EEEEENS5_IJNSA_ILi128EEESG_SG_EEENS_12float_e4m3_tENS5_IJlSB_lEEESI_SJ_NS4_8TiledMMAINS4_8MMA_AtomIJNS4_16SM120_16x8x32_TNISI_SI_fEEEEENS4_6LayoutINS5_IJNSA_ILi4EEENSA_ILi2EEESB_EEENS5_IJSB_SQ_NSA_ILi0EEEEEEEENS5_IJSG_NSA_ILi32EEESW_EEEEENS4_13SM90_TMA_LOADENS4_14ComposedLayoutINS4_7SwizzleILi3ELi4ELi3EEENS4_18smem_ptr_flag_bitsILi8EEENSP_INS5_IJNSA_ILi8EEESG_EEENS5_IJSG_SB_EEEEEEENS4_9Copy_AtomIJNS4_17SM75_U32x4_LDSM_NEhEEENS4_8identityESZ_S19_S1C_S1D_EENS_8epilogue10collective18CollectiveEpilogueINS1F_22Sm90TmaWarpSpecializedILi2ELi2ELi4ELb0ELb1EEEJSH_NS5_IJNSA_ILi64EEESW_EEEvSJ_NS_10bfloat16_tESJ_NS1F_6fusion15Sm90TreeVisitorINS1N_11Sm90ComputeINS_10multipliesES1M_fLNS_15FloatRoundStyleE2EvEEJNS1N_16Sm90ColBroadcastILi0ESH_ffNS5_IJSB_ST_ST_EEELi4ELb1EEENS1O_INS1P_IS1Q_ffLS1R_2EvEEJNS1N_16Sm90RowBroadcastILi0ESH_ffNS5_IJST_SB_ST_EEELi4ELb1EEENS1N_12Sm90AccFetchEEEEEEESZ_NS10_INS11_ILi2ELi4ELi3EEENS13_ILi16EEENSP_INS5_IJS15_SW_EEENS5_IJSW_SB_EEEEEEENS4_17SM75_U32x2_LDSM_NENS4_14SM90_TMA_STOREES28_NS4_17SM90_U32x2_STSM_NENS1A_IJS2B_NS_6half_tEEEEvEEEvvEEEEvNT_6ParamsE	dense_gemm	50.14	0.10	[1, 22, 1]
904	kernel_cutlass_kernel_flashinfernormkernelsrmsnormRMSNormKernel_object_at__tensorptrbf16gmemalign128oi64281628161_tensorptrbf16gmemalign16o28161_tensorptrbf16gmemalign128oi64281628161___T_0	norm_rope_kv	2.53	-0.19	[2, 1, 1]
905	kernel_cutlass_kernel_flashinfernormkernelsfused_add_rmsnormFusedAddRMSNormKernel_object_at__tensorptrbf16gmemalign128oi64281628161_tensorptrbf16gmemalign128oi64281628161_tensorptrbf16gme_0	norm_rope_kv	2.50	0.13	[2, 1, 1]
906	void sglang::per_token_quant_fp8_cta_kernel<__nv_bfloat16, 8>(__nv_bfloat16 const*, __nv_fp8_e4m3*, float*, unsigned int)	act_quant	1.50	0.13	[8, 1, 1]
907	_ZN7cutlass13device_kernelINS_4gemm6kernel13GemmUniversalIN4cute5tupleIJiiiiEEENS1_10collective13CollectiveMmaINS1_31MainloopSm120TmaWarpSpecializedILi2ELi2ENS5_IJNS4_1CILi1EEESB_SB_EEENS1_40KernelTmaWarpSpecializedCooperativeSm120ILi2EEEEENS5_IJNSA_ILi128EEESG_SG_EEENS_12float_e4m3_tENS5_IJlSB_lEEESI_SJ_NS4_8TiledMMAINS4_8MMA_AtomIJNS4_16SM120_16x8x32_TNISI_SI_fEEEEENS4_6LayoutINS5_IJNSA_ILi4EEENSA_ILi2EEESB_EEENS5_IJSB_SQ_NSA_ILi0EEEEEEEENS5_IJSG_NSA_ILi32EEESW_EEEEENS4_13SM90_TMA_LOADENS4_14ComposedLayoutINS4_7SwizzleILi3ELi4ELi3EEENS4_18smem_ptr_flag_bitsILi8EEENSP_INS5_IJNSA_ILi8EEESG_EEENS5_IJSG_SB_EEEEEEENS4_9Copy_AtomIJNS4_17SM75_U32x4_LDSM_NEhEEENS4_8identityESZ_S19_S1C_S1D_EENS_8epilogue10collective18CollectiveEpilogueINS1F_22Sm90TmaWarpSpecializedILi2ELi2ELi4ELb0ELb1EEEJSH_NS5_IJNSA_ILi64EEESW_EEEvSJ_NS_10bfloat16_tESJ_NS1F_6fusion15Sm90TreeVisitorINS1N_11Sm90ComputeINS_10multipliesES1M_fLNS_15FloatRoundStyleE2EvEEJNS1N_16Sm90ColBroadcastILi0ESH_ffNS5_IJSB_ST_ST_EEELi4ELb1EEENS1O_INS1P_IS1Q_ffLS1R_2EvEEJNS1N_16Sm90RowBroadcastILi0ESH_ffNS5_IJST_SB_ST_EEELi4ELb1EEENS1N_12Sm90AccFetchEEEEEEESZ_NS10_INS11_ILi2ELi4ELi3EEENS13_ILi16EEENSP_INS5_IJS15_SW_EEENS5_IJSW_SB_EEEEEEENS4_17SM75_U32x2_LDSM_NENS4_14SM90_TMA_STOREES28_NS4_17SM90_U32x2_STSM_NENS1A_IJS2B_NS_6half_tEEEEvEEEvvEEEEvNT_6ParamsE	dense_gemm	35.58	0.10	[1, 33, 1]
908	void sglang::act_and_mul_kernel<__nv_bfloat16, (sglang::ActivationKind)2, true, false, false, false>(sglang::ActivationParams)	elementwise_copy	1.44	0.22	[5, 1, 1]
909	void sglang::per_token_quant_fp8_cta_kernel<__nv_bfloat16, 8>(__nv_bfloat16 const*, __nv_fp8_e4m3*, float*, unsigned int)	act_quant	1.47	0.10	[8, 1, 1]
910	_ZN7cutlass13device_kernelINS_4gemm6kernel13GemmUniversalIN4cute5tupleIJiiiiEEENS1_10collective13CollectiveMmaINS1_31MainloopSm120TmaWarpSpecializedILi2ELi2ENS5_IJNS4_1CILi1EEESB_SB_EEENS1_40KernelTmaWarpSpecializedCooperativeSm120ILi2EEEEENS5_IJNSA_ILi128EEESG_SG_EEENS_12float_e4m3_tENS5_IJlSB_lEEESI_SJ_NS4_8TiledMMAINS4_8MMA_AtomIJNS4_16SM120_16x8x32_TNISI_SI_fEEEEENS4_6LayoutINS5_IJNSA_ILi4EEENSA_ILi2EEESB_EEENS5_IJSB_SQ_NSA_ILi0EEEEEEEENS5_IJSG_NSA_ILi32EEESW_EEEEENS4_13SM90_TMA_LOADENS4_14ComposedLayoutINS4_7SwizzleILi3ELi4ELi3EEENS4_18smem_ptr_flag_bitsILi8EEENSP_INS5_IJNSA_ILi8EEESG_EEENS5_IJSG_SB_EEEEEEENS4_9Copy_AtomIJNS4_17SM75_U32x4_LDSM_NEhEEENS4_8identityESZ_S19_S1C_S1D_EENS_8epilogue10collective18CollectiveEpilogueINS1F_22Sm90TmaWarpSpecializedILi2ELi2ELi4ELb0ELb1EEEJSH_NS5_IJNSA_ILi64EEESW_EEEvSJ_NS_10bfloat16_tESJ_NS1F_6fusion15Sm90TreeVisitorINS1N_11Sm90ComputeINS_10multipliesES1M_fLNS_15FloatRoundStyleE2EvEEJNS1N_16Sm90ColBroadcastILi0ESH_ffNS5_IJSB_ST_ST_EEELi4ELb1EEENS1O_INS1P_IS1Q_ffLS1R_2EvEEJNS1N_16Sm90RowBroadcastILi0ESH_ffNS5_IJST_SB_ST_EEELi4ELb1EEENS1N_12Sm90AccFetchEEEEEEESZ_NS10_INS11_ILi2ELi4ELi3EEENS13_ILi16EEENSP_INS5_IJS15_SW_EEENS5_IJSW_SB_EEEEEEENS4_17SM75_U32x2_LDSM_NENS4_14SM90_TMA_STOREES28_NS4_17SM90_U32x2_STSM_NENS1A_IJS2B_NS_6half_tEEEEvEEEvvEEEEvNT_6ParamsE	dense_gemm	28.16	0.10	[1, 22, 1]
911	kernel_cutlass_kernel_flashinfernormkernelsrmsnormRMSNormKernel_object_at__tensorptrbf16gmemalign128oi64281628161_tensorptrbf16gmemalign16o28161_tensorptrbf16gmemalign128oi64281628161___T_0	norm_rope_kv	2.34	0.22	[2, 1, 1]
912	void cutlass::Kernel2<cutlass_80_wmma_tensorop_bf16_s161616gemm_bf16_16x16_128x2_tn_align8>(cutlass_80_wmma_tensorop_bf16_s161616gemm_bf16_16x16_128x2_tn_align8::Params)	dense_gemm	3.42	0.10	[8, 1, 9]
913	void cublasLt::splitKreduce_kernel<32, 16, int, __nv_bfloat16, __nv_bfloat16, float, __nv_bfloat16, false, __nv_bfloat16, __nv_bfloat16, __nv_bfloat16, true, false, false, false>(cublasLt::cublasSplitKParams<float>, __nv_bfloat16 const*, __nv_bfloat16 const*, __nv_bfloat16*, __nv_bfloat16*, float const*, float const*, __nv_bfloat16 const*, __nv_bfloat16 const*, __nv_bfloat16*, void*, long, float*, int*, float*, float*, float const*, float const*, float const*, float const*, float const*)	dense_gemm	1.31	0.06	[4, 1, 1]
914	kernel_cutlass_kernel_flashinfernormkernelsrmsnormRMSNormKernel_object_at__tensorptrbf16gmemalign128oi64281628161_tensorptrbf16gmemalign16o28161_tensorptrbf16gmemalign128oi64281628161___T_0	norm_rope_kv	2.43	-0.32	[2, 1, 1]
915	_gemma4_routing_kernel	moe_route	1.89	0.06	[8, 1, 1]
916	_moe_align_small_numel_kernel	moe_route	3.36	0.22	[1, 1, 1]
917	void sglang::per_token_quant_fp8_cta_kernel<__nv_bfloat16, 8>(__nv_bfloat16 const*, __nv_fp8_e4m3*, float*, unsigned int)	act_quant	1.79	0.10	[8, 1, 1]
918	fused_moe_kernel	moe_gemm	87.49	-0.26	[704, 1, 1]
919	void sglang::act_and_mul_kernel<__nv_bfloat16, (sglang::ActivationKind)1, true, false, false, false>(sglang::ActivationParams)	elementwise_copy	10.21	-9.18	[11, 1, 1]
920	void sglang::per_token_quant_fp8_cta_kernel<__nv_bfloat16, 8>(__nv_bfloat16 const*, __nv_fp8_e4m3*, float*, unsigned int)	act_quant	1.38	0.10	[64, 1, 1]
921	fused_moe_kernel	moe_gemm	46.30	-0.19	[1408, 1, 1]
922	_moe_sum_reduce_kernel	moe_route	3.07	-1.98	[8, 2, 1]
923	_gemma_dual_rmsnorm_residual_kernel	norm_rope_kv	2.37	0.10	[8, 1, 1]
924	kernel_cutlass_kernel_flashinfernormkernelsrmsnormRMSNormKernel_object_at__tensorptrbf16gmemalign128oi64281628161_tensorptrbf16gmemalign16o28161_tensorptrbf16gmemalign128oi64281628161___T_0	norm_rope_kv	2.34	0.22	[2, 1, 1]
925	void sglang::per_token_quant_fp8_cta_kernel<__nv_bfloat16, 8>(__nv_bfloat16 const*, __nv_fp8_e4m3*, float*, unsigned int)	act_quant	1.50	0.10	[8, 1, 1]
926	_ZN7cutlass13device_kernelINS_4gemm6kernel13GemmUniversalIN4cute5tupleIJiiiiEEENS1_10collective13CollectiveMmaINS1_31MainloopSm120TmaWarpSpecializedILi2ELi2ENS5_IJNS4_1CILi1EEESB_SB_EEENS1_40KernelTmaWarpSpecializedCooperativeSm120ILi2EEEEENS5_IJNSA_ILi128EEESG_SG_EEENS_12float_e4m3_tENS5_IJlSB_lEEESI_SJ_NS4_8TiledMMAINS4_8MMA_AtomIJNS4_16SM120_16x8x32_TNISI_SI_fEEEEENS4_6LayoutINS5_IJNSA_ILi4EEENSA_ILi2EEESB_EEENS5_IJSB_SQ_NSA_ILi0EEEEEEEENS5_IJSG_NSA_ILi32EEESW_EEEEENS4_13SM90_TMA_LOADENS4_14ComposedLayoutINS4_7SwizzleILi3ELi4ELi3EEENS4_18smem_ptr_flag_bitsILi8EEENSP_INS5_IJNSA_ILi8EEESG_EEENS5_IJSG_SB_EEEEEEENS4_9Copy_AtomIJNS4_17SM75_U32x4_LDSM_NEhEEENS4_8identityESZ_S19_S1C_S1D_EENS_8epilogue10collective18CollectiveEpilogueINS1F_22Sm90TmaWarpSpecializedILi2ELi2ELi4ELb0ELb1EEEJSH_NS5_IJNSA_ILi64EEESW_EEEvSJ_NS_10bfloat16_tESJ_NS1F_6fusion15Sm90TreeVisitorINS1N_11Sm90ComputeINS_10multipliesES1M_fLNS_15FloatRoundStyleE2EvEEJNS1N_16Sm90ColBroadcastILi0ESH_ffNS5_IJSB_ST_ST_EEELi4ELb1EEENS1O_INS1P_IS1Q_ffLS1R_2EvEEJNS1N_16Sm90RowBroadcastILi0ESH_ffNS5_IJST_SB_ST_EEELi4ELb1EEENS1N_12Sm90AccFetchEEEEEEESZ_NS10_INS11_ILi2ELi4ELi3EEENS13_ILi16EEENSP_INS5_IJS15_SW_EEENS5_IJSW_SB_EEEEEEENS4_17SM75_U32x2_LDSM_NENS4_14SM90_TMA_STOREES28_NS4_17SM90_U32x2_STSM_NENS1A_IJS2B_NS_6half_tEEEEvEEEvvEEEEvNT_6ParamsE	dense_gemm	36.06	0.10	[1, 64, 1]
927	_gemma_qkv_rmsnorm_kernel	norm_rope_kv	1.54	0.10	[8, 32, 1]
928	void sglang::fused_rope_kernel<true, 256l, true, __nv_bfloat16, __nv_bfloat16, long, 32u>(sglang::FusedRopeParams)	norm_rope_kv	1.44	0.22	[48, 1, 1]
929	void at::native::elementwise_kernel<128, 4, at::native::gpu_kernel_impl_nocast<at::native::BUnaryFunctor<c10::BFloat16, c10::BFloat16, c10::BFloat16, at::native::binary_internal::MulFunctor<float> > >(at::TensorIteratorBase&, at::native::BUnaryFunctor<c10::BFloat16, c10::BFloat16, c10::BFloat16, at::native::binary_internal::MulFunctor<float> > const&)::{lambda(int)#1}>(int, at::native::gpu_kernel_impl_nocast<at::native::BUnaryFunctor<c10::BFloat16, c10::BFloat16, c10::BFloat16, at::native::binary_internal::MulFunctor<float> > >(at::TensorIteratorBase&, at::native::BUnaryFunctor<c10::BFloat16, c10::BFloat16, c10::BFloat16, at::native::binary_internal::MulFunctor<float> > const&)::{lambda(int)#1})	elementwise_copy	1.70	0.10	[32, 1, 1]
930	void at::native::elementwise_kernel<128, 4, at::native::gpu_kernel_impl_nocast<at::native::BUnaryFunctor<c10::BFloat16, c10::BFloat16, c10::BFloat16, at::native::binary_internal::MulFunctor<float> > >(at::TensorIteratorBase&, at::native::BUnaryFunctor<c10::BFloat16, c10::BFloat16, c10::BFloat16, at::native::binary_internal::MulFunctor<float> > const&)::{lambda(int)#1}>(int, at::native::gpu_kernel_impl_nocast<at::native::BUnaryFunctor<c10::BFloat16, c10::BFloat16, c10::BFloat16, at::native::binary_internal::MulFunctor<float> > >(at::TensorIteratorBase&, at::native::BUnaryFunctor<c10::BFloat16, c10::BFloat16, c10::BFloat16, at::native::binary_internal::MulFunctor<float> > const&)::{lambda(int)#1})	elementwise_copy	1.47	0.10	[32, 1, 1]
931	void at::native::elementwise_kernel<128, 4, at::native::gpu_kernel_impl_nocast<at::native::ConvertToFloat8E4M3fnOp<c10::BFloat16> >(at::TensorIteratorBase&, at::native::ConvertToFloat8E4M3fnOp<c10::BFloat16> const&)::{lambda(int)#1}>(int, at::native::gpu_kernel_impl_nocast<at::native::ConvertToFloat8E4M3fnOp<c10::BFloat16> >(at::TensorIteratorBase&, at::native::ConvertToFloat8E4M3fnOp<c10::BFloat16> const&)::{lambda(int)#1})	elementwise_copy	1.66	0.10	[32, 1, 1]
932	void at::native::elementwise_kernel<128, 4, at::native::gpu_kernel_impl_nocast<at::native::ConvertToFloat8E4M3fnOp<c10::BFloat16> >(at::TensorIteratorBase&, at::native::ConvertToFloat8E4M3fnOp<c10::BFloat16> const&)::{lambda(int)#1}>(int, at::native::gpu_kernel_impl_nocast<at::native::ConvertToFloat8E4M3fnOp<c10::BFloat16> >(at::TensorIteratorBase&, at::native::ConvertToFloat8E4M3fnOp<c10::BFloat16> const&)::{lambda(int)#1})	elementwise_copy	1.60	0.10	[32, 1, 1]
933	void sglang::store_kvcache_kernel<2048l, 2048l, 128u, true, long>(sglang::StoreKVCacheParams)	norm_rope_kv	1.02	0.22	[32, 1, 1]
934	_fwd_grouped_kernel_stage1	attention	31.33	0.10	[8, 8, 8]
935	_fwd_kernel_stage2	attention	2.18	0.22	[8, 16, 1]
936	void sglang::per_token_quant_fp8_cta_kernel<__nv_bfloat16, 8>(__nv_bfloat16 const*, __nv_fp8_e4m3*, float*, unsigned int)	act_quant	1.79	0.10	[8, 1, 1]
937	_ZN7cutlass13device_kernelINS_4gemm6kernel13GemmUniversalIN4cute5tupleIJiiiiEEENS1_10collective13CollectiveMmaINS1_31MainloopSm120TmaWarpSpecializedILi2ELi2ENS5_IJNS4_1CILi1EEESB_SB_EEENS1_40KernelTmaWarpSpecializedCooperativeSm120ILi2EEEEENS5_IJNSA_ILi128EEESG_SG_EEENS_12float_e4m3_tENS5_IJlSB_lEEESI_SJ_NS4_8TiledMMAINS4_8MMA_AtomIJNS4_16SM120_16x8x32_TNISI_SI_fEEEEENS4_6LayoutINS5_IJNSA_ILi4EEENSA_ILi2EEESB_EEENS5_IJSB_SQ_NSA_ILi0EEEEEEEENS5_IJSG_NSA_ILi32EEESW_EEEEENS4_13SM90_TMA_LOADENS4_14ComposedLayoutINS4_7SwizzleILi3ELi4ELi3EEENS4_18smem_ptr_flag_bitsILi8EEENSP_INS5_IJNSA_ILi8EEESG_EEENS5_IJSG_SB_EEEEEEENS4_9Copy_AtomIJNS4_17SM75_U32x4_LDSM_NEhEEENS4_8identityESZ_S19_S1C_S1D_EENS_8epilogue10collective18CollectiveEpilogueINS1F_22Sm90TmaWarpSpecializedILi2ELi2ELi4ELb0ELb1EEEJSH_NS5_IJNSA_ILi64EEESW_EEEvSJ_NS_10bfloat16_tESJ_NS1F_6fusion15Sm90TreeVisitorINS1N_11Sm90ComputeINS_10multipliesES1M_fLNS_15FloatRoundStyleE2EvEEJNS1N_16Sm90ColBroadcastILi0ESH_ffNS5_IJSB_ST_ST_EEELi4ELb1EEENS1O_INS1P_IS1Q_ffLS1R_2EvEEJNS1N_16Sm90RowBroadcastILi0ESH_ffNS5_IJST_SB_ST_EEELi4ELb1EEENS1N_12Sm90AccFetchEEEEEEESZ_NS10_INS11_ILi2ELi4ELi3EEENS13_ILi16EEENSP_INS5_IJS15_SW_EEENS5_IJSW_SB_EEEEEEENS4_17SM75_U32x2_LDSM_NENS4_14SM90_TMA_STOREES28_NS4_17SM90_U32x2_STSM_NENS1A_IJS2B_NS_6half_tEEEEvEEEvvEEEEvNT_6ParamsE	dense_gemm	49.95	0.10	[1, 22, 1]
938	kernel_cutlass_kernel_flashinfernormkernelsrmsnormRMSNormKernel_object_at__tensorptrbf16gmemalign128oi64281628161_tensorptrbf16gmemalign16o28161_tensorptrbf16gmemalign128oi64281628161___T_0	norm_rope_kv	2.46	-0.26	[2, 1, 1]
939	kernel_cutlass_kernel_flashinfernormkernelsfused_add_rmsnormFusedAddRMSNormKernel_object_at__tensorptrbf16gmemalign128oi64281628161_tensorptrbf16gmemalign128oi64281628161_tensorptrbf16gme_0	norm_rope_kv	2.46	0.10	[2, 1, 1]
940	void sglang::per_token_quant_fp8_cta_kernel<__nv_bfloat16, 8>(__nv_bfloat16 const*, __nv_fp8_e4m3*, float*, unsigned int)	act_quant	1.50	0.13	[8, 1, 1]
941	_ZN7cutlass13device_kernelINS_4gemm6kernel13GemmUniversalIN4cute5tupleIJiiiiEEENS1_10collective13CollectiveMmaINS1_31MainloopSm120TmaWarpSpecializedILi2ELi2ENS5_IJNS4_1CILi1EEESB_SB_EEENS1_40KernelTmaWarpSpecializedCooperativeSm120ILi2EEEEENS5_IJNSA_ILi128EEESG_SG_EEENS_12float_e4m3_tENS5_IJlSB_lEEESI_SJ_NS4_8TiledMMAINS4_8MMA_AtomIJNS4_16SM120_16x8x32_TNISI_SI_fEEEEENS4_6LayoutINS5_IJNSA_ILi4EEENSA_ILi2EEESB_EEENS5_IJSB_SQ_NSA_ILi0EEEEEEEENS5_IJSG_NSA_ILi32EEESW_EEEEENS4_13SM90_TMA_LOADENS4_14ComposedLayoutINS4_7SwizzleILi3ELi4ELi3EEENS4_18smem_ptr_flag_bitsILi8EEENSP_INS5_IJNSA_ILi8EEESG_EEENS5_IJSG_SB_EEEEEEENS4_9Copy_AtomIJNS4_17SM75_U32x4_LDSM_NEhEEENS4_8identityESZ_S19_S1C_S1D_EENS_8epilogue10collective18CollectiveEpilogueINS1F_22Sm90TmaWarpSpecializedILi2ELi2ELi4ELb0ELb1EEEJSH_NS5_IJNSA_ILi64EEESW_EEEvSJ_NS_10bfloat16_tESJ_NS1F_6fusion15Sm90TreeVisitorINS1N_11Sm90ComputeINS_10multipliesES1M_fLNS_15FloatRoundStyleE2EvEEJNS1N_16Sm90ColBroadcastILi0ESH_ffNS5_IJSB_ST_ST_EEELi4ELb1EEENS1O_INS1P_IS1Q_ffLS1R_2EvEEJNS1N_16Sm90RowBroadcastILi0ESH_ffNS5_IJST_SB_ST_EEELi4ELb1EEENS1N_12Sm90AccFetchEEEEEEESZ_NS10_INS11_ILi2ELi4ELi3EEENS13_ILi16EEENSP_INS5_IJS15_SW_EEENS5_IJSW_SB_EEEEEEENS4_17SM75_U32x2_LDSM_NENS4_14SM90_TMA_STOREES28_NS4_17SM90_U32x2_STSM_NENS1A_IJS2B_NS_6half_tEEEEvEEEvvEEEEvNT_6ParamsE	dense_gemm	35.71	0.10	[1, 33, 1]
942	void sglang::act_and_mul_kernel<__nv_bfloat16, (sglang::ActivationKind)2, true, false, false, false>(sglang::ActivationParams)	elementwise_copy	1.44	0.22	[5, 1, 1]
943	void sglang::per_token_quant_fp8_cta_kernel<__nv_bfloat16, 8>(__nv_bfloat16 const*, __nv_fp8_e4m3*, float*, unsigned int)	act_quant	1.50	0.10	[8, 1, 1]
944	_ZN7cutlass13device_kernelINS_4gemm6kernel13GemmUniversalIN4cute5tupleIJiiiiEEENS1_10collective13CollectiveMmaINS1_31MainloopSm120TmaWarpSpecializedILi2ELi2ENS5_IJNS4_1CILi1EEESB_SB_EEENS1_40KernelTmaWarpSpecializedCooperativeSm120ILi2EEEEENS5_IJNSA_ILi128EEESG_SG_EEENS_12float_e4m3_tENS5_IJlSB_lEEESI_SJ_NS4_8TiledMMAINS4_8MMA_AtomIJNS4_16SM120_16x8x32_TNISI_SI_fEEEEENS4_6LayoutINS5_IJNSA_ILi4EEENSA_ILi2EEESB_EEENS5_IJSB_SQ_NSA_ILi0EEEEEEEENS5_IJSG_NSA_ILi32EEESW_EEEEENS4_13SM90_TMA_LOADENS4_14ComposedLayoutINS4_7SwizzleILi3ELi4ELi3EEENS4_18smem_ptr_flag_bitsILi8EEENSP_INS5_IJNSA_ILi8EEESG_EEENS5_IJSG_SB_EEEEEEENS4_9Copy_AtomIJNS4_17SM75_U32x4_LDSM_NEhEEENS4_8identityESZ_S19_S1C_S1D_EENS_8epilogue10collective18CollectiveEpilogueINS1F_22Sm90TmaWarpSpecializedILi2ELi2ELi4ELb0ELb1EEEJSH_NS5_IJNSA_ILi64EEESW_EEEvSJ_NS_10bfloat16_tESJ_NS1F_6fusion15Sm90TreeVisitorINS1N_11Sm90ComputeINS_10multipliesES1M_fLNS_15FloatRoundStyleE2EvEEJNS1N_16Sm90ColBroadcastILi0ESH_ffNS5_IJSB_ST_ST_EEELi4ELb1EEENS1O_INS1P_IS1Q_ffLS1R_2EvEEJNS1N_16Sm90RowBroadcastILi0ESH_ffNS5_IJST_SB_ST_EEELi4ELb1EEENS1N_12Sm90AccFetchEEEEEEESZ_NS10_INS11_ILi2ELi4ELi3EEENS13_ILi16EEENSP_INS5_IJS15_SW_EEENS5_IJSW_SB_EEEEEEENS4_17SM75_U32x2_LDSM_NENS4_14SM90_TMA_STOREES28_NS4_17SM90_U32x2_STSM_NENS1A_IJS2B_NS_6half_tEEEEvEEEvvEEEEvNT_6ParamsE	dense_gemm	28.07	0.06	[1, 22, 1]
945	kernel_cutlass_kernel_flashinfernormkernelsrmsnormRMSNormKernel_object_at__tensorptrbf16gmemalign128oi64281628161_tensorptrbf16gmemalign16o28161_tensorptrbf16gmemalign128oi64281628161___T_0	norm_rope_kv	2.53	0.19	[2, 1, 1]
946	void cutlass::Kernel2<cutlass_80_wmma_tensorop_bf16_s161616gemm_bf16_16x16_128x2_tn_align8>(cutlass_80_wmma_tensorop_bf16_s161616gemm_bf16_16x16_128x2_tn_align8::Params)	dense_gemm	3.33	0.10	[8, 1, 9]
947	void cublasLt::splitKreduce_kernel<32, 16, int, __nv_bfloat16, __nv_bfloat16, float, __nv_bfloat16, false, __nv_bfloat16, __nv_bfloat16, __nv_bfloat16, true, false, false, false>(cublasLt::cublasSplitKParams<float>, __nv_bfloat16 const*, __nv_bfloat16 const*, __nv_bfloat16*, __nv_bfloat16*, float const*, float const*, __nv_bfloat16 const*, __nv_bfloat16 const*, __nv_bfloat16*, void*, long, float*, int*, float*, float*, float const*, float const*, float const*, float const*, float const*)	dense_gemm	1.25	0.10	[4, 1, 1]
948	kernel_cutlass_kernel_flashinfernormkernelsrmsnormRMSNormKernel_object_at__tensorptrbf16gmemalign128oi64281628161_tensorptrbf16gmemalign16o28161_tensorptrbf16gmemalign128oi64281628161___T_0	norm_rope_kv	2.50	-0.32	[2, 1, 1]
949	_gemma4_routing_kernel	moe_route	1.79	0.10	[8, 1, 1]
950	_moe_align_small_numel_kernel	moe_route	3.36	0.19	[1, 1, 1]
951	void sglang::per_token_quant_fp8_cta_kernel<__nv_bfloat16, 8>(__nv_bfloat16 const*, __nv_fp8_e4m3*, float*, unsigned int)	act_quant	1.66	0.10	[8, 1, 1]
952	fused_moe_kernel	moe_gemm	94.46	-0.19	[704, 1, 1]
953	void sglang::act_and_mul_kernel<__nv_bfloat16, (sglang::ActivationKind)1, true, false, false, false>(sglang::ActivationParams)	elementwise_copy	15.55	-14.50	[11, 1, 1]
954	void sglang::per_token_quant_fp8_cta_kernel<__nv_bfloat16, 8>(__nv_bfloat16 const*, __nv_fp8_e4m3*, float*, unsigned int)	act_quant	1.41	0.06	[64, 1, 1]
955	fused_moe_kernel	moe_gemm	49.12	-0.19	[1408, 1, 1]
956	_moe_sum_reduce_kernel	moe_route	3.42	-2.30	[8, 2, 1]
957	_gemma_dual_rmsnorm_residual_kernel	norm_rope_kv	2.43	0.06	[8, 1, 1]
958	kernel_cutlass_kernel_flashinfernormkernelsrmsnormRMSNormKernel_object_at__tensorptrbf16gmemalign128oi64281628161_tensorptrbf16gmemalign16o28161_tensorptrbf16gmemalign128oi64281628161___T_0	norm_rope_kv	2.43	0.22	[2, 1, 1]
959	void sglang::per_token_quant_fp8_cta_kernel<__nv_bfloat16, 8>(__nv_bfloat16 const*, __nv_fp8_e4m3*, float*, unsigned int)	act_quant	1.47	0.10	[8, 1, 1]
960	_ZN7cutlass13device_kernelINS_4gemm6kernel13GemmUniversalIN4cute5tupleIJiiiiEEENS1_10collective13CollectiveMmaINS1_31MainloopSm120TmaWarpSpecializedILi2ELi2ENS5_IJNS4_1CILi1EEESB_SB_EEENS1_40KernelTmaWarpSpecializedCooperativeSm120ILi2EEEEENS5_IJNSA_ILi128EEESG_SG_EEENS_12float_e4m3_tENS5_IJlSB_lEEESI_SJ_NS4_8TiledMMAINS4_8MMA_AtomIJNS4_16SM120_16x8x32_TNISI_SI_fEEEEENS4_6LayoutINS5_IJNSA_ILi4EEENSA_ILi2EEESB_EEENS5_IJSB_SQ_NSA_ILi0EEEEEEEENS5_IJSG_NSA_ILi32EEESW_EEEEENS4_13SM90_TMA_LOADENS4_14ComposedLayoutINS4_7SwizzleILi3ELi4ELi3EEENS4_18smem_ptr_flag_bitsILi8EEENSP_INS5_IJNSA_ILi8EEESG_EEENS5_IJSG_SB_EEEEEEENS4_9Copy_AtomIJNS4_17SM75_U32x4_LDSM_NEhEEENS4_8identityESZ_S19_S1C_S1D_EENS_8epilogue10collective18CollectiveEpilogueINS1F_22Sm90TmaWarpSpecializedILi2ELi2ELi4ELb0ELb1EEEJSH_NS5_IJNSA_ILi64EEESW_EEEvSJ_NS_10bfloat16_tESJ_NS1F_6fusion15Sm90TreeVisitorINS1N_11Sm90ComputeINS_10multipliesES1M_fLNS_15FloatRoundStyleE2EvEEJNS1N_16Sm90ColBroadcastILi0ESH_ffNS5_IJSB_ST_ST_EEELi4ELb1EEENS1O_INS1P_IS1Q_ffLS1R_2EvEEJNS1N_16Sm90RowBroadcastILi0ESH_ffNS5_IJST_SB_ST_EEELi4ELb1EEENS1N_12Sm90AccFetchEEEEEEESZ_NS10_INS11_ILi2ELi4ELi3EEENS13_ILi16EEENSP_INS5_IJS15_SW_EEENS5_IJSW_SB_EEEEEEENS4_17SM75_U32x2_LDSM_NENS4_14SM90_TMA_STOREES28_NS4_17SM90_U32x2_STSM_NENS1A_IJS2B_NS_6half_tEEEEvEEEvvEEEEvNT_6ParamsE	dense_gemm	36.03	0.10	[1, 64, 1]
961	_gemma_qkv_rmsnorm_kernel	norm_rope_kv	1.57	0.13	[8, 32, 1]
962	void sglang::fused_rope_kernel<true, 256l, true, __nv_bfloat16, __nv_bfloat16, long, 32u>(sglang::FusedRopeParams)	norm_rope_kv	1.44	0.19	[48, 1, 1]
963	void at::native::elementwise_kernel<128, 4, at::native::gpu_kernel_impl_nocast<at::native::BUnaryFunctor<c10::BFloat16, c10::BFloat16, c10::BFloat16, at::native::binary_internal::MulFunctor<float> > >(at::TensorIteratorBase&, at::native::BUnaryFunctor<c10::BFloat16, c10::BFloat16, c10::BFloat16, at::native::binary_internal::MulFunctor<float> > const&)::{lambda(int)#1}>(int, at::native::gpu_kernel_impl_nocast<at::native::BUnaryFunctor<c10::BFloat16, c10::BFloat16, c10::BFloat16, at::native::binary_internal::MulFunctor<float> > >(at::TensorIteratorBase&, at::native::BUnaryFunctor<c10::BFloat16, c10::BFloat16, c10::BFloat16, at::native::binary_internal::MulFunctor<float> > const&)::{lambda(int)#1})	elementwise_copy	1.76	0.10	[32, 1, 1]
964	void at::native::elementwise_kernel<128, 4, at::native::gpu_kernel_impl_nocast<at::native::BUnaryFunctor<c10::BFloat16, c10::BFloat16, c10::BFloat16, at::native::binary_internal::MulFunctor<float> > >(at::TensorIteratorBase&, at::native::BUnaryFunctor<c10::BFloat16, c10::BFloat16, c10::BFloat16, at::native::binary_internal::MulFunctor<float> > const&)::{lambda(int)#1}>(int, at::native::gpu_kernel_impl_nocast<at::native::BUnaryFunctor<c10::BFloat16, c10::BFloat16, c10::BFloat16, at::native::binary_internal::MulFunctor<float> > >(at::TensorIteratorBase&, at::native::BUnaryFunctor<c10::BFloat16, c10::BFloat16, c10::BFloat16, at::native::binary_internal::MulFunctor<float> > const&)::{lambda(int)#1})	elementwise_copy	1.50	0.06	[32, 1, 1]
965	void at::native::elementwise_kernel<128, 4, at::native::gpu_kernel_impl_nocast<at::native::ConvertToFloat8E4M3fnOp<c10::BFloat16> >(at::TensorIteratorBase&, at::native::ConvertToFloat8E4M3fnOp<c10::BFloat16> const&)::{lambda(int)#1}>(int, at::native::gpu_kernel_impl_nocast<at::native::ConvertToFloat8E4M3fnOp<c10::BFloat16> >(at::TensorIteratorBase&, at::native::ConvertToFloat8E4M3fnOp<c10::BFloat16> const&)::{lambda(int)#1})	elementwise_copy	1.70	0.10	[32, 1, 1]
966	void at::native::elementwise_kernel<128, 4, at::native::gpu_kernel_impl_nocast<at::native::ConvertToFloat8E4M3fnOp<c10::BFloat16> >(at::TensorIteratorBase&, at::native::ConvertToFloat8E4M3fnOp<c10::BFloat16> const&)::{lambda(int)#1}>(int, at::native::gpu_kernel_impl_nocast<at::native::ConvertToFloat8E4M3fnOp<c10::BFloat16> >(at::TensorIteratorBase&, at::native::ConvertToFloat8E4M3fnOp<c10::BFloat16> const&)::{lambda(int)#1})	elementwise_copy	1.60	0.10	[32, 1, 1]
967	void sglang::store_kvcache_kernel<2048l, 2048l, 128u, true, long>(sglang::StoreKVCacheParams)	norm_rope_kv	1.06	0.22	[32, 1, 1]
968	_fwd_grouped_kernel_stage1	attention	28.96	0.06	[8, 8, 8]
969	_fwd_kernel_stage2	attention	2.18	0.19	[8, 16, 1]
970	void sglang::per_token_quant_fp8_cta_kernel<__nv_bfloat16, 8>(__nv_bfloat16 const*, __nv_fp8_e4m3*, float*, unsigned int)	act_quant	1.76	0.10	[8, 1, 1]
971	_ZN7cutlass13device_kernelINS_4gemm6kernel13GemmUniversalIN4cute5tupleIJiiiiEEENS1_10collective13CollectiveMmaINS1_31MainloopSm120TmaWarpSpecializedILi2ELi2ENS5_IJNS4_1CILi1EEESB_SB_EEENS1_40KernelTmaWarpSpecializedCooperativeSm120ILi2EEEEENS5_IJNSA_ILi128EEESG_SG_EEENS_12float_e4m3_tENS5_IJlSB_lEEESI_SJ_NS4_8TiledMMAINS4_8MMA_AtomIJNS4_16SM120_16x8x32_TNISI_SI_fEEEEENS4_6LayoutINS5_IJNSA_ILi4EEENSA_ILi2EEESB_EEENS5_IJSB_SQ_NSA_ILi0EEEEEEEENS5_IJSG_NSA_ILi32EEESW_EEEEENS4_13SM90_TMA_LOADENS4_14ComposedLayoutINS4_7SwizzleILi3ELi4ELi3EEENS4_18smem_ptr_flag_bitsILi8EEENSP_INS5_IJNSA_ILi8EEESG_EEENS5_IJSG_SB_EEEEEEENS4_9Copy_AtomIJNS4_17SM75_U32x4_LDSM_NEhEEENS4_8identityESZ_S19_S1C_S1D_EENS_8epilogue10collective18CollectiveEpilogueINS1F_22Sm90TmaWarpSpecializedILi2ELi2ELi4ELb0ELb1EEEJSH_NS5_IJNSA_ILi64EEESW_EEEvSJ_NS_10bfloat16_tESJ_NS1F_6fusion15Sm90TreeVisitorINS1N_11Sm90ComputeINS_10multipliesES1M_fLNS_15FloatRoundStyleE2EvEEJNS1N_16Sm90ColBroadcastILi0ESH_ffNS5_IJSB_ST_ST_EEELi4ELb1EEENS1O_INS1P_IS1Q_ffLS1R_2EvEEJNS1N_16Sm90RowBroadcastILi0ESH_ffNS5_IJST_SB_ST_EEELi4ELb1EEENS1N_12Sm90AccFetchEEEEEEESZ_NS10_INS11_ILi2ELi4ELi3EEENS13_ILi16EEENSP_INS5_IJS15_SW_EEENS5_IJSW_SB_EEEEEEENS4_17SM75_U32x2_LDSM_NENS4_14SM90_TMA_STOREES28_NS4_17SM90_U32x2_STSM_NENS1A_IJS2B_NS_6half_tEEEEvEEEvvEEEEvNT_6ParamsE	dense_gemm	49.60	0.10	[1, 22, 1]
972	kernel_cutlass_kernel_flashinfernormkernelsrmsnormRMSNormKernel_object_at__tensorptrbf16gmemalign128oi64281628161_tensorptrbf16gmemalign16o28161_tensorptrbf16gmemalign128oi64281628161___T_0	norm_rope_kv	2.50	-0.19	[2, 1, 1]
973	kernel_cutlass_kernel_flashinfernormkernelsfused_add_rmsnormFusedAddRMSNormKernel_object_at__tensorptrbf16gmemalign128oi64281628161_tensorptrbf16gmemalign128oi64281628161_tensorptrbf16gme_0	norm_rope_kv	2.46	0.13	[2, 1, 1]
974	void sglang::per_token_quant_fp8_cta_kernel<__nv_bfloat16, 8>(__nv_bfloat16 const*, __nv_fp8_e4m3*, float*, unsigned int)	act_quant	1.50	0.10	[8, 1, 1]
975	_ZN7cutlass13device_kernelINS_4gemm6kernel13GemmUniversalIN4cute5tupleIJiiiiEEENS1_10collective13CollectiveMmaINS1_31MainloopSm120TmaWarpSpecializedILi2ELi2ENS5_IJNS4_1CILi1EEESB_SB_EEENS1_40KernelTmaWarpSpecializedCooperativeSm120ILi2EEEEENS5_IJNSA_ILi128EEESG_SG_EEENS_12float_e4m3_tENS5_IJlSB_lEEESI_SJ_NS4_8TiledMMAINS4_8MMA_AtomIJNS4_16SM120_16x8x32_TNISI_SI_fEEEEENS4_6LayoutINS5_IJNSA_ILi4EEENSA_ILi2EEESB_EEENS5_IJSB_SQ_NSA_ILi0EEEEEEEENS5_IJSG_NSA_ILi32EEESW_EEEEENS4_13SM90_TMA_LOADENS4_14ComposedLayoutINS4_7SwizzleILi3ELi4ELi3EEENS4_18smem_ptr_flag_bitsILi8EEENSP_INS5_IJNSA_ILi8EEESG_EEENS5_IJSG_SB_EEEEEEENS4_9Copy_AtomIJNS4_17SM75_U32x4_LDSM_NEhEEENS4_8identityESZ_S19_S1C_S1D_EENS_8epilogue10collective18CollectiveEpilogueINS1F_22Sm90TmaWarpSpecializedILi2ELi2ELi4ELb0ELb1EEEJSH_NS5_IJNSA_ILi64EEESW_EEEvSJ_NS_10bfloat16_tESJ_NS1F_6fusion15Sm90TreeVisitorINS1N_11Sm90ComputeINS_10multipliesES1M_fLNS_15FloatRoundStyleE2EvEEJNS1N_16Sm90ColBroadcastILi0ESH_ffNS5_IJSB_ST_ST_EEELi4ELb1EEENS1O_INS1P_IS1Q_ffLS1R_2EvEEJNS1N_16Sm90RowBroadcastILi0ESH_ffNS5_IJST_SB_ST_EEELi4ELb1EEENS1N_12Sm90AccFetchEEEEEEESZ_NS10_INS11_ILi2ELi4ELi3EEENS13_ILi16EEENSP_INS5_IJS15_SW_EEENS5_IJSW_SB_EEEEEEENS4_17SM75_U32x2_LDSM_NENS4_14SM90_TMA_STOREES28_NS4_17SM90_U32x2_STSM_NENS1A_IJS2B_NS_6half_tEEEEvEEEvvEEEEvNT_6ParamsE	dense_gemm	35.46	0.10	[1, 33, 1]
976	void sglang::act_and_mul_kernel<__nv_bfloat16, (sglang::ActivationKind)2, true, false, false, false>(sglang::ActivationParams)	elementwise_copy	1.44	0.22	[5, 1, 1]
977	void sglang::per_token_quant_fp8_cta_kernel<__nv_bfloat16, 8>(__nv_bfloat16 const*, __nv_fp8_e4m3*, float*, unsigned int)	act_quant	1.50	0.10	[8, 1, 1]
978	_ZN7cutlass13device_kernelINS_4gemm6kernel13GemmUniversalIN4cute5tupleIJiiiiEEENS1_10collective13CollectiveMmaINS1_31MainloopSm120TmaWarpSpecializedILi2ELi2ENS5_IJNS4_1CILi1EEESB_SB_EEENS1_40KernelTmaWarpSpecializedCooperativeSm120ILi2EEEEENS5_IJNSA_ILi128EEESG_SG_EEENS_12float_e4m3_tENS5_IJlSB_lEEESI_SJ_NS4_8TiledMMAINS4_8MMA_AtomIJNS4_16SM120_16x8x32_TNISI_SI_fEEEEENS4_6LayoutINS5_IJNSA_ILi4EEENSA_ILi2EEESB_EEENS5_IJSB_SQ_NSA_ILi0EEEEEEEENS5_IJSG_NSA_ILi32EEESW_EEEEENS4_13SM90_TMA_LOADENS4_14ComposedLayoutINS4_7SwizzleILi3ELi4ELi3EEENS4_18smem_ptr_flag_bitsILi8EEENSP_INS5_IJNSA_ILi8EEESG_EEENS5_IJSG_SB_EEEEEEENS4_9Copy_AtomIJNS4_17SM75_U32x4_LDSM_NEhEEENS4_8identityESZ_S19_S1C_S1D_EENS_8epilogue10collective18CollectiveEpilogueINS1F_22Sm90TmaWarpSpecializedILi2ELi2ELi4ELb0ELb1EEEJSH_NS5_IJNSA_ILi64EEESW_EEEvSJ_NS_10bfloat16_tESJ_NS1F_6fusion15Sm90TreeVisitorINS1N_11Sm90ComputeINS_10multipliesES1M_fLNS_15FloatRoundStyleE2EvEEJNS1N_16Sm90ColBroadcastILi0ESH_ffNS5_IJSB_ST_ST_EEELi4ELb1EEENS1O_INS1P_IS1Q_ffLS1R_2EvEEJNS1N_16Sm90RowBroadcastILi0ESH_ffNS5_IJST_SB_ST_EEELi4ELb1EEENS1N_12Sm90AccFetchEEEEEEESZ_NS10_INS11_ILi2ELi4ELi3EEENS13_ILi16EEENSP_INS5_IJS15_SW_EEENS5_IJSW_SB_EEEEEEENS4_17SM75_U32x2_LDSM_NENS4_14SM90_TMA_STOREES28_NS4_17SM90_U32x2_STSM_NENS1A_IJS2B_NS_6half_tEEEEvEEEvvEEEEvNT_6ParamsE	dense_gemm	28.00	0.10	[1, 22, 1]
979	kernel_cutlass_kernel_flashinfernormkernelsrmsnormRMSNormKernel_object_at__tensorptrbf16gmemalign128oi64281628161_tensorptrbf16gmemalign16o28161_tensorptrbf16gmemalign128oi64281628161___T_0	norm_rope_kv	2.40	0.22	[2, 1, 1]
980	void cutlass::Kernel2<cutlass_80_wmma_tensorop_bf16_s161616gemm_bf16_16x16_128x2_tn_align8>(cutlass_80_wmma_tensorop_bf16_s161616gemm_bf16_16x16_128x2_tn_align8::Params)	dense_gemm	3.58	0.06	[8, 1, 9]
981	void cublasLt::splitKreduce_kernel<32, 16, int, __nv_bfloat16, __nv_bfloat16, float, __nv_bfloat16, false, __nv_bfloat16, __nv_bfloat16, __nv_bfloat16, true, false, false, false>(cublasLt::cublasSplitKParams<float>, __nv_bfloat16 const*, __nv_bfloat16 const*, __nv_bfloat16*, __nv_bfloat16*, float const*, float const*, __nv_bfloat16 const*, __nv_bfloat16 const*, __nv_bfloat16*, void*, long, float*, int*, float*, float*, float const*, float const*, float const*, float const*, float const*)	dense_gemm	1.38	0.06	[4, 1, 1]
982	kernel_cutlass_kernel_flashinfernormkernelsrmsnormRMSNormKernel_object_at__tensorptrbf16gmemalign128oi64281628161_tensorptrbf16gmemalign16o28161_tensorptrbf16gmemalign128oi64281628161___T_0	norm_rope_kv	2.66	-0.42	[2, 1, 1]
983	_gemma4_routing_kernel	moe_route	1.76	0.10	[8, 1, 1]
984	_moe_align_small_numel_kernel	moe_route	3.36	0.19	[1, 1, 1]
985	void sglang::per_token_quant_fp8_cta_kernel<__nv_bfloat16, 8>(__nv_bfloat16 const*, __nv_fp8_e4m3*, float*, unsigned int)	act_quant	1.66	0.10	[8, 1, 1]
986	fused_moe_kernel	moe_gemm	82.53	-0.19	[704, 1, 1]
987	void sglang::act_and_mul_kernel<__nv_bfloat16, (sglang::ActivationKind)1, true, false, false, false>(sglang::ActivationParams)	elementwise_copy	7.94	-6.88	[11, 1, 1]
988	void sglang::per_token_quant_fp8_cta_kernel<__nv_bfloat16, 8>(__nv_bfloat16 const*, __nv_fp8_e4m3*, float*, unsigned int)	act_quant	1.38	0.10	[64, 1, 1]
989	fused_moe_kernel	moe_gemm	42.75	-0.16	[1408, 1, 1]
990	_moe_sum_reduce_kernel	moe_route	1.79	-0.70	[8, 2, 1]
991	_gemma_dual_rmsnorm_residual_kernel	norm_rope_kv	2.34	0.10	[8, 1, 1]
992	kernel_cutlass_kernel_flashinfernormkernelsrmsnormRMSNormKernel_object_at__tensorptrbf16gmemalign128oi64281628161_tensorptrbf16gmemalign16o28161_tensorptrbf16gmemalign128oi64281628161___T_0	norm_rope_kv	2.37	0.22	[2, 1, 1]
993	void sglang::per_token_quant_fp8_cta_kernel<__nv_bfloat16, 8>(__nv_bfloat16 const*, __nv_fp8_e4m3*, float*, unsigned int)	act_quant	1.47	0.10	[8, 1, 1]
994	_ZN7cutlass13device_kernelINS_4gemm6kernel13GemmUniversalIN4cute5tupleIJiiiiEEENS1_10collective13CollectiveMmaINS1_31MainloopSm120TmaWarpSpecializedILi2ELi2ENS5_IJNS4_1CILi1EEESB_SB_EEENS1_40KernelTmaWarpSpecializedCooperativeSm120ILi2EEEEENS5_IJNSA_ILi128EEESG_SG_EEENS_12float_e4m3_tENS5_IJlSB_lEEESI_SJ_NS4_8TiledMMAINS4_8MMA_AtomIJNS4_16SM120_16x8x32_TNISI_SI_fEEEEENS4_6LayoutINS5_IJNSA_ILi4EEENSA_ILi2EEESB_EEENS5_IJSB_SQ_NSA_ILi0EEEEEEEENS5_IJSG_NSA_ILi32EEESW_EEEEENS4_13SM90_TMA_LOADENS4_14ComposedLayoutINS4_7SwizzleILi3ELi4ELi3EEENS4_18smem_ptr_flag_bitsILi8EEENSP_INS5_IJNSA_ILi8EEESG_EEENS5_IJSG_SB_EEEEEEENS4_9Copy_AtomIJNS4_17SM75_U32x4_LDSM_NEhEEENS4_8identityESZ_S19_S1C_S1D_EENS_8epilogue10collective18CollectiveEpilogueINS1F_22Sm90TmaWarpSpecializedILi2ELi2ELi4ELb0ELb1EEEJSH_NS5_IJNSA_ILi64EEESW_EEEvSJ_NS_10bfloat16_tESJ_NS1F_6fusion15Sm90TreeVisitorINS1N_11Sm90ComputeINS_10multipliesES1M_fLNS_15FloatRoundStyleE2EvEEJNS1N_16Sm90ColBroadcastILi0ESH_ffNS5_IJSB_ST_ST_EEELi4ELb1EEENS1O_INS1P_IS1Q_ffLS1R_2EvEEJNS1N_16Sm90RowBroadcastILi0ESH_ffNS5_IJST_SB_ST_EEELi4ELb1EEENS1N_12Sm90AccFetchEEEEEEESZ_NS10_INS11_ILi2ELi4ELi3EEENS13_ILi16EEENSP_INS5_IJS15_SW_EEENS5_IJSW_SB_EEEEEEENS4_17SM75_U32x2_LDSM_NENS4_14SM90_TMA_STOREES28_NS4_17SM90_U32x2_STSM_NENS1A_IJS2B_NS_6half_tEEEEvEEEvvEEEEvNT_6ParamsE	dense_gemm	37.12	0.10	[1, 80, 1]
995	_gemma_qkv_rmsnorm_kernel	norm_rope_kv	1.70	0.10	[8, 20, 1]
996	void sglang::fused_rope_kernel<true, 512l, true, __nv_bfloat16, __nv_bfloat16, long, 64u>(sglang::FusedRopeParams)	norm_rope_kv	1.38	0.19	[72, 1, 1]
997	void at::native::elementwise_kernel<128, 4, at::native::gpu_kernel_impl_nocast<at::native::BUnaryFunctor<c10::BFloat16, c10::BFloat16, c10::BFloat16, at::native::binary_internal::MulFunctor<float> > >(at::TensorIteratorBase&, at::native::BUnaryFunctor<c10::BFloat16, c10::BFloat16, c10::BFloat16, at::native::binary_internal::MulFunctor<float> > const&)::{lambda(int)#1}>(int, at::native::gpu_kernel_impl_nocast<at::native::BUnaryFunctor<c10::BFloat16, c10::BFloat16, c10::BFloat16, at::native::binary_internal::MulFunctor<float> > >(at::TensorIteratorBase&, at::native::BUnaryFunctor<c10::BFloat16, c10::BFloat16, c10::BFloat16, at::native::binary_internal::MulFunctor<float> > const&)::{lambda(int)#1})	elementwise_copy	1.76	0.10	[16, 1, 1]
998	void at::native::elementwise_kernel<128, 4, at::native::gpu_kernel_impl_nocast<at::native::BUnaryFunctor<c10::BFloat16, c10::BFloat16, c10::BFloat16, at::native::binary_internal::MulFunctor<float> > >(at::TensorIteratorBase&, at::native::BUnaryFunctor<c10::BFloat16, c10::BFloat16, c10::BFloat16, at::native::binary_internal::MulFunctor<float> > const&)::{lambda(int)#1}>(int, at::native::gpu_kernel_impl_nocast<at::native::BUnaryFunctor<c10::BFloat16, c10::BFloat16, c10::BFloat16, at::native::binary_internal::MulFunctor<float> > >(at::TensorIteratorBase&, at::native::BUnaryFunctor<c10::BFloat16, c10::BFloat16, c10::BFloat16, at::native::binary_internal::MulFunctor<float> > const&)::{lambda(int)#1})	elementwise_copy	1.47	0.10	[16, 1, 1]
999	void at::native::elementwise_kernel<128, 4, at::native::gpu_kernel_impl_nocast<at::native::ConvertToFloat8E4M3fnOp<c10::BFloat16> >(at::TensorIteratorBase&, at::native::ConvertToFloat8E4M3fnOp<c10::BFloat16> const&)::{lambda(int)#1}>(int, at::native::gpu_kernel_impl_nocast<at::native::ConvertToFloat8E4M3fnOp<c10::BFloat16> >(at::TensorIteratorBase&, at::native::ConvertToFloat8E4M3fnOp<c10::BFloat16> const&)::{lambda(int)#1})	elementwise_copy	1.70	0.10	[16, 1, 1]
1000	void at::native::elementwise_kernel<128, 4, at::native::gpu_kernel_impl_nocast<at::native::ConvertToFloat8E4M3fnOp<c10::BFloat16> >(at::TensorIteratorBase&, at::native::ConvertToFloat8E4M3fnOp<c10::BFloat16> const&)::{lambda(int)#1}>(int, at::native::gpu_kernel_impl_nocast<at::native::ConvertToFloat8E4M3fnOp<c10::BFloat16> >(at::TensorIteratorBase&, at::native::ConvertToFloat8E4M3fnOp<c10::BFloat16> const&)::{lambda(int)#1})	elementwise_copy	1.60	0.10	[16, 1, 1]
1001	void sglang::store_kvcache_kernel<1024l, 1024l, 64u, true, long>(sglang::StoreKVCacheParams)	norm_rope_kv	1.06	0.22	[16, 1, 1]
1002	_fwd_grouped_kernel_stage1	attention	99.36	0.09	[8, 2, 8]
1003	_fwd_kernel_stage2	attention	2.37	0.22	[8, 16, 1]
1004	void sglang::per_token_quant_fp8_cta_kernel<__nv_bfloat16, 8>(__nv_bfloat16 const*, __nv_fp8_e4m3*, float*, unsigned int)	act_quant	1.89	0.10	[8, 1, 1]
1005	_ZN7cutlass13device_kernelINS_4gemm6kernel13GemmUniversalIN4cute5tupleIJiiiiEEENS1_10collective13CollectiveMmaINS1_31MainloopSm120TmaWarpSpecializedILi2ELi2ENS5_IJNS4_1CILi1EEESB_SB_EEENS1_40KernelTmaWarpSpecializedCooperativeSm120ILi2EEEEENS5_IJNSA_ILi128EEESG_SG_EEENS_12float_e4m3_tENS5_IJlSB_lEEESI_SJ_NS4_8TiledMMAINS4_8MMA_AtomIJNS4_16SM120_16x8x32_TNISI_SI_fEEEEENS4_6LayoutINS5_IJNSA_ILi4EEENSA_ILi2EEESB_EEENS5_IJSB_SQ_NSA_ILi0EEEEEEEENS5_IJSG_NSA_ILi32EEESW_EEEEENS4_13SM90_TMA_LOADENS4_14ComposedLayoutINS4_7SwizzleILi3ELi4ELi3EEENS4_18smem_ptr_flag_bitsILi8EEENSP_INS5_IJNSA_ILi8EEESG_EEENS5_IJSG_SB_EEEEEEENS4_9Copy_AtomIJNS4_17SM75_U32x4_LDSM_NEhEEENS4_8identityESZ_S19_S1C_S1D_EENS_8epilogue10collective18CollectiveEpilogueINS1F_22Sm90TmaWarpSpecializedILi2ELi2ELi4ELb0ELb1EEEJSH_NS5_IJNSA_ILi64EEESW_EEEvSJ_NS_10bfloat16_tESJ_NS1F_6fusion15Sm90TreeVisitorINS1N_11Sm90ComputeINS_10multipliesES1M_fLNS_15FloatRoundStyleE2EvEEJNS1N_16Sm90ColBroadcastILi0ESH_ffNS5_IJSB_ST_ST_EEELi4ELb1EEENS1O_INS1P_IS1Q_ffLS1R_2EvEEJNS1N_16Sm90RowBroadcastILi0ESH_ffNS5_IJST_SB_ST_EEELi4ELb1EEENS1N_12Sm90AccFetchEEEEEEESZ_NS10_INS11_ILi2ELi4ELi3EEENS13_ILi16EEENSP_INS5_IJS15_SW_EEENS5_IJSW_SB_EEEEEEENS4_17SM75_U32x2_LDSM_NENS4_14SM90_TMA_STOREES28_NS4_17SM90_U32x2_STSM_NENS1A_IJS2B_NS_6half_tEEEEvEEEvvEEEEvNT_6ParamsE	dense_gemm	96.10	0.10	[1, 22, 1]
1006	kernel_cutlass_kernel_flashinfernormkernelsrmsnormRMSNormKernel_object_at__tensorptrbf16gmemalign128oi64281628161_tensorptrbf16gmemalign16o28161_tensorptrbf16gmemalign128oi64281628161___T_0	norm_rope_kv	2.56	-0.19	[2, 1, 1]
1007	kernel_cutlass_kernel_flashinfernormkernelsfused_add_rmsnormFusedAddRMSNormKernel_object_at__tensorptrbf16gmemalign128oi64281628161_tensorptrbf16gmemalign128oi64281628161_tensorptrbf16gme_0	norm_rope_kv	2.50	0.10	[2, 1, 1]
1008	void sglang::per_token_quant_fp8_cta_kernel<__nv_bfloat16, 8>(__nv_bfloat16 const*, __nv_fp8_e4m3*, float*, unsigned int)	act_quant	1.54	0.10	[8, 1, 1]
1009	_ZN7cutlass13device_kernelINS_4gemm6kernel13GemmUniversalIN4cute5tupleIJiiiiEEENS1_10collective13CollectiveMmaINS1_31MainloopSm120TmaWarpSpecializedILi2ELi2ENS5_IJNS4_1CILi1EEESB_SB_EEENS1_40KernelTmaWarpSpecializedCooperativeSm120ILi2EEEEENS5_IJNSA_ILi128EEESG_SG_EEENS_12float_e4m3_tENS5_IJlSB_lEEESI_SJ_NS4_8TiledMMAINS4_8MMA_AtomIJNS4_16SM120_16x8x32_TNISI_SI_fEEEEENS4_6LayoutINS5_IJNSA_ILi4EEENSA_ILi2EEESB_EEENS5_IJSB_SQ_NSA_ILi0EEEEEEEENS5_IJSG_NSA_ILi32EEESW_EEEEENS4_13SM90_TMA_LOADENS4_14ComposedLayoutINS4_7SwizzleILi3ELi4ELi3EEENS4_18smem_ptr_flag_bitsILi8EEENSP_INS5_IJNSA_ILi8EEESG_EEENS5_IJSG_SB_EEEEEEENS4_9Copy_AtomIJNS4_17SM75_U32x4_LDSM_NEhEEENS4_8identityESZ_S19_S1C_S1D_EENS_8epilogue10collective18CollectiveEpilogueINS1F_22Sm90TmaWarpSpecializedILi2ELi2ELi4ELb0ELb1EEEJSH_NS5_IJNSA_ILi64EEESW_EEEvSJ_NS_10bfloat16_tESJ_NS1F_6fusion15Sm90TreeVisitorINS1N_11Sm90ComputeINS_10multipliesES1M_fLNS_15FloatRoundStyleE2EvEEJNS1N_16Sm90ColBroadcastILi0ESH_ffNS5_IJSB_ST_ST_EEELi4ELb1EEENS1O_INS1P_IS1Q_ffLS1R_2EvEEJNS1N_16Sm90RowBroadcastILi0ESH_ffNS5_IJST_SB_ST_EEELi4ELb1EEENS1N_12Sm90AccFetchEEEEEEESZ_NS10_INS11_ILi2ELi4ELi3EEENS13_ILi16EEENSP_INS5_IJS15_SW_EEENS5_IJSW_SB_EEEEEEENS4_17SM75_U32x2_LDSM_NENS4_14SM90_TMA_STOREES28_NS4_17SM90_U32x2_STSM_NENS1A_IJS2B_NS_6half_tEEEEvEEEvvEEEEvNT_6ParamsE	dense_gemm	35.42	0.10	[1, 33, 1]
1010	void sglang::act_and_mul_kernel<__nv_bfloat16, (sglang::ActivationKind)2, true, false, false, false>(sglang::ActivationParams)	elementwise_copy	1.44	0.22	[5, 1, 1]
1011	void sglang::per_token_quant_fp8_cta_kernel<__nv_bfloat16, 8>(__nv_bfloat16 const*, __nv_fp8_e4m3*, float*, unsigned int)	act_quant	1.50	0.10	[8, 1, 1]
1012	_ZN7cutlass13device_kernelINS_4gemm6kernel13GemmUniversalIN4cute5tupleIJiiiiEEENS1_10collective13CollectiveMmaINS1_31MainloopSm120TmaWarpSpecializedILi2ELi2ENS5_IJNS4_1CILi1EEESB_SB_EEENS1_40KernelTmaWarpSpecializedCooperativeSm120ILi2EEEEENS5_IJNSA_ILi128EEESG_SG_EEENS_12float_e4m3_tENS5_IJlSB_lEEESI_SJ_NS4_8TiledMMAINS4_8MMA_AtomIJNS4_16SM120_16x8x32_TNISI_SI_fEEEEENS4_6LayoutINS5_IJNSA_ILi4EEENSA_ILi2EEESB_EEENS5_IJSB_SQ_NSA_ILi0EEEEEEEENS5_IJSG_NSA_ILi32EEESW_EEEEENS4_13SM90_TMA_LOADENS4_14ComposedLayoutINS4_7SwizzleILi3ELi4ELi3EEENS4_18smem_ptr_flag_bitsILi8EEENSP_INS5_IJNSA_ILi8EEESG_EEENS5_IJSG_SB_EEEEEEENS4_9Copy_AtomIJNS4_17SM75_U32x4_LDSM_NEhEEENS4_8identityESZ_S19_S1C_S1D_EENS_8epilogue10collective18CollectiveEpilogueINS1F_22Sm90TmaWarpSpecializedILi2ELi2ELi4ELb0ELb1EEEJSH_NS5_IJNSA_ILi64EEESW_EEEvSJ_NS_10bfloat16_tESJ_NS1F_6fusion15Sm90TreeVisitorINS1N_11Sm90ComputeINS_10multipliesES1M_fLNS_15FloatRoundStyleE2EvEEJNS1N_16Sm90ColBroadcastILi0ESH_ffNS5_IJSB_ST_ST_EEELi4ELb1EEENS1O_INS1P_IS1Q_ffLS1R_2EvEEJNS1N_16Sm90RowBroadcastILi0ESH_ffNS5_IJST_SB_ST_EEELi4ELb1EEENS1N_12Sm90AccFetchEEEEEEESZ_NS10_INS11_ILi2ELi4ELi3EEENS13_ILi16EEENSP_INS5_IJS15_SW_EEENS5_IJSW_SB_EEEEEEENS4_17SM75_U32x2_LDSM_NENS4_14SM90_TMA_STOREES28_NS4_17SM90_U32x2_STSM_NENS1A_IJS2B_NS_6half_tEEEEvEEEvvEEEEvNT_6ParamsE	dense_gemm	28.35	0.10	[1, 22, 1]
1013	kernel_cutlass_kernel_flashinfernormkernelsrmsnormRMSNormKernel_object_at__tensorptrbf16gmemalign128oi64281628161_tensorptrbf16gmemalign16o28161_tensorptrbf16gmemalign128oi64281628161___T_0	norm_rope_kv	2.40	0.19	[2, 1, 1]
1014	void cutlass::Kernel2<cutlass_80_wmma_tensorop_bf16_s161616gemm_bf16_16x16_128x2_tn_align8>(cutlass_80_wmma_tensorop_bf16_s161616gemm_bf16_16x16_128x2_tn_align8::Params)	dense_gemm	3.33	0.09	[8, 1, 9]
1015	void cublasLt::splitKreduce_kernel<32, 16, int, __nv_bfloat16, __nv_bfloat16, float, __nv_bfloat16, false, __nv_bfloat16, __nv_bfloat16, __nv_bfloat16, true, false, false, false>(cublasLt::cublasSplitKParams<float>, __nv_bfloat16 const*, __nv_bfloat16 const*, __nv_bfloat16*, __nv_bfloat16*, float const*, float const*, __nv_bfloat16 const*, __nv_bfloat16 const*, __nv_bfloat16*, void*, long, float*, int*, float*, float*, float const*, float const*, float const*, float const*, float const*)	dense_gemm	1.28	0.10	[4, 1, 1]
1016	kernel_cutlass_kernel_flashinfernormkernelsrmsnormRMSNormKernel_object_at__tensorptrbf16gmemalign128oi64281628161_tensorptrbf16gmemalign16o28161_tensorptrbf16gmemalign128oi64281628161___T_0	norm_rope_kv	2.50	-0.32	[2, 1, 1]
1017	_gemma4_routing_kernel	moe_route	1.79	0.10	[8, 1, 1]
1018	_moe_align_small_numel_kernel	moe_route	3.39	0.22	[1, 1, 1]
1019	void sglang::per_token_quant_fp8_cta_kernel<__nv_bfloat16, 8>(__nv_bfloat16 const*, __nv_fp8_e4m3*, float*, unsigned int)	act_quant	1.66	0.06	[8, 1, 1]
1020	fused_moe_kernel	moe_gemm	97.22	-0.19	[704, 1, 1]
1021	void sglang::act_and_mul_kernel<__nv_bfloat16, (sglang::ActivationKind)1, true, false, false, false>(sglang::ActivationParams)	elementwise_copy	16.70	-15.20	[11, 1, 1]
1022	void sglang::per_token_quant_fp8_cta_kernel<__nv_bfloat16, 8>(__nv_bfloat16 const*, __nv_fp8_e4m3*, float*, unsigned int)	act_quant	1.41	0.10	[64, 1, 1]
1023	fused_moe_kernel	moe_gemm	50.82	-0.22	[1408, 1, 1]
1024	_moe_sum_reduce_kernel	moe_route	3.01	-1.89	[8, 2, 1]
1025	_gemma_dual_rmsnorm_residual_kernel	norm_rope_kv	2.40	0.10	[8, 1, 1]
1026	kernel_cutlass_kernel_flashinfernormkernelsrmsnormRMSNormKernel_object_at__tensorptrbf16gmemalign128oi64281628161_tensorptrbf16gmemalign16o28161_tensorptrbf16gmemalign128oi64281628161___T_0	norm_rope_kv	2.40	0.22	[2, 1, 1]
1027	_small_m_bf16_gemm_kernel	dense_gemm	445.28	0.06	[2048, 1, 1]
1028	memcpy128	other	3.17	-0.10	[1024, 1, 1]
1029	void at::native::unrolled_elementwise_kernel<at::native::direct_copy_kernel_cuda(at::TensorIteratorBase&)::{lambda()#3}::operator()() const::{lambda()#7}::operator()() const::{lambda(float)#1}, std::array<char*, 2ul>, 4, TrivialOffsetCalculator<1, unsigned int>, TrivialOffsetCalculator<1, unsigned int>, at::native::memory::LoadWithCast<1>, at::native::memory::StoreWithCast<1> >(int, at::native::direct_copy_kernel_cuda(at::TensorIteratorBase&)::{lambda()#3}::operator()() const::{lambda()#7}::operator()() const::{lambda(float)#1}, std::array<char*, 2ul>, TrivialOffsetCalculator<1, unsigned int>, TrivialOffsetCalculator<1, unsigned int>, at::native::memory::LoadWithCast<1>, at::native::memory::StoreWithCast<1>)	elementwise_copy	5.12	0.32	[4096, 1, 1]
1030	softcap_inplace_logits_kernel	sampling	3.81	0.06	[2048, 1, 1]
