i	name	class	dur_us	gap_before_us	grid
0	void at::native::vectorized_gather_kernel<16, long>(char*, char*, long*, int, long, long, long, long, bool)	elementwise_copy	1.38	0.00	[12, 1, 1]
1	void at::native::index_elementwise_kernel<128, 4, at::native::gpu_index_kernel<at::native::index_kernel_impl<at::native::OpaqueType<4> >(at::TensorIteratorBase&, c10::ArrayRef<long>, c10::ArrayRef<long>)::{lambda(char*, char const*, long)#1}>(at::TensorIteratorBase&, c10::ArrayRef<long>, c10::ArrayRef<long>, at::native::index_kernel_impl<at::native::OpaqueType<4> >(at::TensorIteratorBase&, c10::ArrayRef<long>, c10::ArrayRef<long>)::{lambda(char*, char const*, long)#1} const&, bool)::{lambda(int)#1}>(long, at::native::gpu_index_kernel<at::native::index_kernel_impl<at::native::OpaqueType<4> >(at::TensorIteratorBase&, c10::ArrayRef<long>, c10::ArrayRef<long>)::{lambda(char*, char const*, long)#1}>(at::TensorIteratorBase&, c10::ArrayRef<long>, c10::ArrayRef<long>, at::native::index_kernel_impl<at::native::OpaqueType<4> >(at::TensorIteratorBase&, c10::ArrayRef<long>, c10::ArrayRef<long>)::{lambda(char*, char const*, long)#1} const&, bool)::{lambda(int)#1})	elementwise_copy	2.46	0.10	[1, 1, 1]
2	void at::native::vectorized_elementwise_kernel<4, at::native::AUnaryFunctor<float, float, float, at::native::binary_internal::MulFunctor<float> >, std::array<char*, 2ul> >(int, at::native::AUnaryFunctor<float, float, float, at::native::binary_internal::MulFunctor<float> >, std::array<char*, 2ul>)	elementwise_copy	1.02	0.10	[1, 1, 1]
3	void at::native::unrolled_elementwise_kernel<at::native::direct_copy_kernel_cuda(at::TensorIteratorBase&)::{lambda()#3}::operator()() const::{lambda()#7}::operator()() const::{lambda(float)#1}, std::array<char*, 2ul>, 4, TrivialOffsetCalculator<1, unsigned int>, TrivialOffsetCalculator<1, unsigned int>, at::native::memory::LoadWithCast<1>, at::native::memory::StoreWithCast<1> >(int, at::native::direct_copy_kernel_cuda(at::TensorIteratorBase&)::{lambda()#3}::operator()() const::{lambda()#7}::operator()() const::{lambda(float)#1}, std::array<char*, 2ul>, TrivialOffsetCalculator<1, unsigned int>, TrivialOffsetCalculator<1, unsigned int>, at::native::memory::LoadWithCast<1>, at::native::memory::StoreWithCast<1>)	elementwise_copy	2.14	0.10	[66, 1, 1]
4	void at::native::elementwise_kernel<128, 2, at::native::gpu_kernel_impl_nocast<at::native::BinaryFunctor<float, float, float, at::native::binary_internal::MulFunctor<float> > >(at::TensorIteratorBase&, at::native::BinaryFunctor<float, float, float, at::native::binary_internal::MulFunctor<float> > const&)::{lambda(int)#1}>(int, at::native::gpu_kernel_impl_nocast<at::native::BinaryFunctor<float, float, float, at::native::binary_internal::MulFunctor<float> > >(at::TensorIteratorBase&, at::native::BinaryFunctor<float, float, float, at::native::binary_internal::MulFunctor<float> > const&)::{lambda(int)#1})	elementwise_copy	1.57	0.10	[132, 1, 1]
5	void at::native::vectorized_elementwise_kernel<4, at::native::bfloat16_copy_kernel_cuda(at::TensorIteratorBase&)::{lambda(float)#1}, std::array<char*, 2ul> >(int, at::native::bfloat16_copy_kernel_cuda(at::TensorIteratorBase&)::{lambda(float)#1}, std::array<char*, 2ul>)	elementwise_copy	1.02	0.10	[33, 1, 1]
6	kernel_cutlass_kernel_flashinfernormkernelsrmsnormRMSNormKernel_object_at__tensorptrbf16gmemalign128oi64281628161_tensorptrbf16gmemalign16o28161_tensorptrbf16gmemalign128oi64281628161___T_0	norm_rope_kv	2.66	0.32	[3, 1, 1]
7	void sglang::per_token_quant_fp8_cta_kernel<__nv_bfloat16, 8>(__nv_bfloat16 const*, __nv_fp8_e4m3*, float*, unsigned int)	act_quant	1.70	0.10	[12, 1, 1]
8	_ZN7cutlass13device_kernelINS_4gemm6kernel13GemmUniversalIN4cute5tupleIJiiiiEEENS1_10collective13CollectiveMmaINS1_31MainloopSm120TmaWarpSpecializedILi2ELi2ENS5_IJNS4_1CILi1EEESB_SB_EEENS1_40KernelTmaWarpSpecializedCooperativeSm120ILi2EEEEENS5_IJNSA_ILi128EEESG_SG_EEENS_12float_e4m3_tENS5_IJlSB_lEEESI_SJ_NS4_8TiledMMAINS4_8MMA_AtomIJNS4_16SM120_16x8x32_TNISI_SI_fEEEEENS4_6LayoutINS5_IJNSA_ILi4EEENSA_ILi2EEESB_EEENS5_IJSB_SQ_NSA_ILi0EEEEEEEENS5_IJSG_NSA_ILi32EEESW_EEEEENS4_13SM90_TMA_LOADENS4_14ComposedLayoutINS4_7SwizzleILi3ELi4ELi3EEENS4_18smem_ptr_flag_bitsILi8EEENSP_INS5_IJNSA_ILi8EEESG_EEENS5_IJSG_SB_EEEEEEENS4_9Copy_AtomIJNS4_17SM75_U32x4_LDSM_NEhEEENS4_8identityESZ_S19_S1C_S1D_EENS_8epilogue10collective18CollectiveEpilogueINS1F_22Sm90TmaWarpSpecializedILi2ELi2ELi4ELb0ELb1EEEJSH_NS5_IJNSA_ILi64EEESW_EEEvSJ_NS_10bfloat16_tESJ_NS1F_6fusion15Sm90TreeVisitorINS1N_11Sm90ComputeINS_10multipliesES1M_fLNS_15FloatRoundStyleE2EvEEJNS1N_16Sm90ColBroadcastILi0ESH_ffNS5_IJSB_ST_ST_EEELi4ELb1EEENS1O_INS1P_IS1Q_ffLS1R_2EvEEJNS1N_16Sm90RowBroadcastILi0ESH_ffNS5_IJST_SB_ST_EEELi4ELb1EEENS1N_12Sm90AccFetchEEEEEEESZ_NS10_INS11_ILi2ELi4ELi3EEENS13_ILi16EEENSP_INS5_IJS15_SW_EEENS5_IJSW_SB_EEEEEEENS4_17SM75_U32x2_LDSM_NENS4_14SM90_TMA_STOREES28_NS4_17SM90_U32x2_STSM_NENS1A_IJS2B_NS_6half_tEEEEvEEEvvEEEEvNT_6ParamsE	dense_gemm	36.06	0.13	[1, 64, 1]
9	_gemma_qkv_rmsnorm_kernel	norm_rope_kv	1.86	0.22	[12, 32, 1]
10	void sglang::fused_rope_kernel<true, 256l, true, __nv_bfloat16, __nv_bfloat16, long, 32u>(sglang::FusedRopeParams)	norm_rope_kv	1.31	0.19	[72, 1, 1]
11	void at::native::elementwise_kernel<128, 4, at::native::gpu_kernel_impl_nocast<at::native::BUnaryFunctor<c10::BFloat16, c10::BFloat16, c10::BFloat16, at::native::binary_internal::MulFunctor<float> > >(at::TensorIteratorBase&, at::native::BUnaryFunctor<c10::BFloat16, c10::BFloat16, c10::BFloat16, at::native::binary_internal::MulFunctor<float> > const&)::{lambda(int)#1}>(int, at::native::gpu_kernel_impl_nocast<at::native::BUnaryFunctor<c10::BFloat16, c10::BFloat16, c10::BFloat16, at::native::binary_internal::MulFunctor<float> > >(at::TensorIteratorBase&, at::native::BUnaryFunctor<c10::BFloat16, c10::BFloat16, c10::BFloat16, at::native::binary_internal::MulFunctor<float> > const&)::{lambda(int)#1})	elementwise_copy	1.92	0.10	[48, 1, 1]
12	void at::native::elementwise_kernel<128, 4, at::native::gpu_kernel_impl_nocast<at::native::BUnaryFunctor<c10::BFloat16, c10::BFloat16, c10::BFloat16, at::native::binary_internal::MulFunctor<float> > >(at::TensorIteratorBase&, at::native::BUnaryFunctor<c10::BFloat16, c10::BFloat16, c10::BFloat16, at::native::binary_internal::MulFunctor<float> > const&)::{lambda(int)#1}>(int, at::native::gpu_kernel_impl_nocast<at::native::BUnaryFunctor<c10::BFloat16, c10::BFloat16, c10::BFloat16, at::native::binary_internal::MulFunctor<float> > >(at::TensorIteratorBase&, at::native::BUnaryFunctor<c10::BFloat16, c10::BFloat16, c10::BFloat16, at::native::binary_internal::MulFunctor<float> > const&)::{lambda(int)#1})	elementwise_copy	1.73	0.10	[48, 1, 1]
13	void at::native::elementwise_kernel<128, 4, at::native::gpu_kernel_impl_nocast<at::native::ConvertToFloat8E4M3fnOp<c10::BFloat16> >(at::TensorIteratorBase&, at::native::ConvertToFloat8E4M3fnOp<c10::BFloat16> const&)::{lambda(int)#1}>(int, at::native::gpu_kernel_impl_nocast<at::native::ConvertToFloat8E4M3fnOp<c10::BFloat16> >(at::TensorIteratorBase&, at::native::ConvertToFloat8E4M3fnOp<c10::BFloat16> const&)::{lambda(int)#1})	elementwise_copy	1.86	0.10	[48, 1, 1]
14	void at::native::elementwise_kernel<128, 4, at::native::gpu_kernel_impl_nocast<at::native::ConvertToFloat8E4M3fnOp<c10::BFloat16> >(at::TensorIteratorBase&, at::native::ConvertToFloat8E4M3fnOp<c10::BFloat16> const&)::{lambda(int)#1}>(int, at::native::gpu_kernel_impl_nocast<at::native::ConvertToFloat8E4M3fnOp<c10::BFloat16> >(at::TensorIteratorBase&, at::native::ConvertToFloat8E4M3fnOp<c10::BFloat16> const&)::{lambda(int)#1})	elementwise_copy	1.82	0.10	[48, 1, 1]
15	void sglang::store_kvcache_kernel<2048l, 2048l, 128u, true, long>(sglang::StoreKVCacheParams)	norm_rope_kv	1.06	0.22	[48, 1, 1]
16	_fwd_grouped_kernel_stage1	attention	40.90	0.10	[12, 8, 8]
17	_fwd_kernel_stage2	attention	2.30	0.22	[12, 16, 1]
18	void sglang::per_token_quant_fp8_cta_kernel<__nv_bfloat16, 8>(__nv_bfloat16 const*, __nv_fp8_e4m3*, float*, unsigned int)	act_quant	1.98	0.19	[12, 1, 1]
19	_ZN7cutlass13device_kernelINS_4gemm6kernel13GemmUniversalIN4cute5tupleIJiiiiEEENS1_10collective13CollectiveMmaINS1_31MainloopSm120TmaWarpSpecializedILi2ELi2ENS5_IJNS4_1CILi1EEESB_SB_EEENS1_40KernelTmaWarpSpecializedCooperativeSm120ILi2EEEEENS5_IJNSA_ILi128EEESG_SG_EEENS_12float_e4m3_tENS5_IJlSB_lEEESI_SJ_NS4_8TiledMMAINS4_8MMA_AtomIJNS4_16SM120_16x8x32_TNISI_SI_fEEEEENS4_6LayoutINS5_IJNSA_ILi4EEENSA_ILi2EEESB_EEENS5_IJSB_SQ_NSA_ILi0EEEEEEEENS5_IJSG_NSA_ILi32EEESW_EEEEENS4_13SM90_TMA_LOADENS4_14ComposedLayoutINS4_7SwizzleILi3ELi4ELi3EEENS4_18smem_ptr_flag_bitsILi8EEENSP_INS5_IJNSA_ILi8EEESG_EEENS5_IJSG_SB_EEEEEEENS4_9Copy_AtomIJNS4_17SM75_U32x4_LDSM_NEhEEENS4_8identityESZ_S19_S1C_S1D_EENS_8epilogue10collective18CollectiveEpilogueINS1F_22Sm90TmaWarpSpecializedILi2ELi2ELi4ELb0ELb1EEEJSH_NS5_IJNSA_ILi64EEESW_EEEvSJ_NS_10bfloat16_tESJ_NS1F_6fusion15Sm90TreeVisitorINS1N_11Sm90ComputeINS_10multipliesES1M_fLNS_15FloatRoundStyleE2EvEEJNS1N_16Sm90ColBroadcastILi0ESH_ffNS5_IJSB_ST_ST_EEELi4ELb1EEENS1O_INS1P_IS1Q_ffLS1R_2EvEEJNS1N_16Sm90RowBroadcastILi0ESH_ffNS5_IJST_SB_ST_EEELi4ELb1EEENS1N_12Sm90AccFetchEEEEEEESZ_NS10_INS11_ILi2ELi4ELi3EEENS13_ILi16EEENSP_INS5_IJS15_SW_EEENS5_IJSW_SB_EEEEEEENS4_17SM75_U32x2_LDSM_NENS4_14SM90_TMA_STOREES28_NS4_17SM90_U32x2_STSM_NENS1A_IJS2B_NS_6half_tEEEEvEEEvvEEEEvNT_6ParamsE	dense_gemm	49.98	0.10	[1, 22, 1]
20	kernel_cutlass_kernel_flashinfernormkernelsrmsnormRMSNormKernel_object_at__tensorptrbf16gmemalign128oi64281628161_tensorptrbf16gmemalign16o28161_tensorptrbf16gmemalign128oi64281628161___T_0	norm_rope_kv	2.78	-0.13	[3, 1, 1]
21	kernel_cutlass_kernel_flashinfernormkernelsfused_add_rmsnormFusedAddRMSNormKernel_object_at__tensorptrbf16gmemalign128oi64281628161_tensorptrbf16gmemalign128oi64281628161_tensorptrbf16gme_0	norm_rope_kv	2.46	-0.22	[3, 1, 1]
22	void sglang::per_token_quant_fp8_cta_kernel<__nv_bfloat16, 8>(__nv_bfloat16 const*, __nv_fp8_e4m3*, float*, unsigned int)	act_quant	1.50	0.10	[12, 1, 1]
23	_ZN7cutlass13device_kernelINS_4gemm6kernel13GemmUniversalIN4cute5tupleIJiiiiEEENS1_10collective13CollectiveMmaINS1_31MainloopSm120TmaWarpSpecializedILi2ELi2ENS5_IJNS4_1CILi1EEESB_SB_EEENS1_40KernelTmaWarpSpecializedCooperativeSm120ILi2EEEEENS5_IJNSA_ILi128EEESG_SG_EEENS_12float_e4m3_tENS5_IJlSB_lEEESI_SJ_NS4_8TiledMMAINS4_8MMA_AtomIJNS4_16SM120_16x8x32_TNISI_SI_fEEEEENS4_6LayoutINS5_IJNSA_ILi4EEENSA_ILi2EEESB_EEENS5_IJSB_SQ_NSA_ILi0EEEEEEEENS5_IJSG_NSA_ILi32EEESW_EEEEENS4_13SM90_TMA_LOADENS4_14ComposedLayoutINS4_7SwizzleILi3ELi4ELi3EEENS4_18smem_ptr_flag_bitsILi8EEENSP_INS5_IJNSA_ILi8EEESG_EEENS5_IJSG_SB_EEEEEEENS4_9Copy_AtomIJNS4_17SM75_U32x4_LDSM_NEhEEENS4_8identityESZ_S19_S1C_S1D_EENS_8epilogue10collective18CollectiveEpilogueINS1F_22Sm90TmaWarpSpecializedILi2ELi2ELi4ELb0ELb1EEEJSH_NS5_IJNSA_ILi64EEESW_EEEvSJ_NS_10bfloat16_tESJ_NS1F_6fusion15Sm90TreeVisitorINS1N_11Sm90ComputeINS_10multipliesES1M_fLNS_15FloatRoundStyleE2EvEEJNS1N_16Sm90ColBroadcastILi0ESH_ffNS5_IJSB_ST_ST_EEELi4ELb1EEENS1O_INS1P_IS1Q_ffLS1R_2EvEEJNS1N_16Sm90RowBroadcastILi0ESH_ffNS5_IJST_SB_ST_EEELi4ELb1EEENS1N_12Sm90AccFetchEEEEEEESZ_NS10_INS11_ILi2ELi4ELi3EEENS13_ILi16EEENSP_INS5_IJS15_SW_EEENS5_IJSW_SB_EEEEEEENS4_17SM75_U32x2_LDSM_NENS4_14SM90_TMA_STOREES28_NS4_17SM90_U32x2_STSM_NENS1A_IJS2B_NS_6half_tEEEEvEEEvvEEEEvNT_6ParamsE	dense_gemm	35.68	0.10	[1, 33, 1]
24	void sglang::act_and_mul_kernel<__nv_bfloat16, (sglang::ActivationKind)2, true, false, false, false>(sglang::ActivationParams)	elementwise_copy	1.44	0.22	[7, 1, 1]
25	void sglang::per_token_quant_fp8_cta_kernel<__nv_bfloat16, 8>(__nv_bfloat16 const*, __nv_fp8_e4m3*, float*, unsigned int)	act_quant	1.50	0.10	[12, 1, 1]
26	_ZN7cutlass13device_kernelINS_4gemm6kernel13GemmUniversalIN4cute5tupleIJiiiiEEENS1_10collective13CollectiveMmaINS1_31MainloopSm120TmaWarpSpecializedILi2ELi2ENS5_IJNS4_1CILi1EEESB_SB_EEENS1_40KernelTmaWarpSpecializedCooperativeSm120ILi2EEEEENS5_IJNSA_ILi128EEESG_SG_EEENS_12float_e4m3_tENS5_IJlSB_lEEESI_SJ_NS4_8TiledMMAINS4_8MMA_AtomIJNS4_16SM120_16x8x32_TNISI_SI_fEEEEENS4_6LayoutINS5_IJNSA_ILi4EEENSA_ILi2EEESB_EEENS5_IJSB_SQ_NSA_ILi0EEEEEEEENS5_IJSG_NSA_ILi32EEESW_EEEEENS4_13SM90_TMA_LOADENS4_14ComposedLayoutINS4_7SwizzleILi3ELi4ELi3EEENS4_18smem_ptr_flag_bitsILi8EEENSP_INS5_IJNSA_ILi8EEESG_EEENS5_IJSG_SB_EEEEEEENS4_9Copy_AtomIJNS4_17SM75_U32x4_LDSM_NEhEEENS4_8identityESZ_S19_S1C_S1D_EENS_8epilogue10collective18CollectiveEpilogueINS1F_22Sm90TmaWarpSpecializedILi2ELi2ELi4ELb0ELb1EEEJSH_NS5_IJNSA_ILi64EEESW_EEEvSJ_NS_10bfloat16_tESJ_NS1F_6fusion15Sm90TreeVisitorINS1N_11Sm90ComputeINS_10multipliesES1M_fLNS_15FloatRoundStyleE2EvEEJNS1N_16Sm90ColBroadcastILi0ESH_ffNS5_IJSB_ST_ST_EEELi4ELb1EEENS1O_INS1P_IS1Q_ffLS1R_2EvEEJNS1N_16Sm90RowBroadcastILi0ESH_ffNS5_IJST_SB_ST_EEELi4ELb1EEENS1N_12Sm90AccFetchEEEEEEESZ_NS10_INS11_ILi2ELi4ELi3EEENS13_ILi16EEENSP_INS5_IJS15_SW_EEENS5_IJSW_SB_EEEEEEENS4_17SM75_U32x2_LDSM_NENS4_14SM90_TMA_STOREES28_NS4_17SM90_U32x2_STSM_NENS1A_IJS2B_NS_6half_tEEEEvEEEvvEEEEvNT_6ParamsE	dense_gemm	28.22	0.06	[1, 22, 1]
27	kernel_cutlass_kernel_flashinfernormkernelsrmsnormRMSNormKernel_object_at__tensorptrbf16gmemalign128oi64281628161_tensorptrbf16gmemalign16o28161_tensorptrbf16gmemalign128oi64281628161___T_0	norm_rope_kv	2.56	0.22	[3, 1, 1]
28	void cutlass::Kernel2<cutlass_80_wmma_tensorop_bf16_s161616gemm_bf16_16x16_128x2_tn_align8>(cutlass_80_wmma_tensorop_bf16_s161616gemm_bf16_16x16_128x2_tn_align8::Params)	dense_gemm	3.65	0.06	[8, 1, 9]
29	void cublasLt::splitKreduce_kernel<32, 16, int, __nv_bfloat16, __nv_bfloat16, float, __nv_bfloat16, false, __nv_bfloat16, __nv_bfloat16, __nv_bfloat16, true, false, false, false>(cublasLt::cublasSplitKParams<float>, __nv_bfloat16 const*, __nv_bfloat16 const*, __nv_bfloat16*, __nv_bfloat16*, float const*, float const*, __nv_bfloat16 const*, __nv_bfloat16 const*, __nv_bfloat16*, void*, long, float*, int*, float*, float*, float const*, float const*, float const*, float const*, float const*)	dense_gemm	1.31	0.10	[4, 1, 1]
30	kernel_cutlass_kernel_flashinfernormkernelsrmsnormRMSNormKernel_object_at__tensorptrbf16gmemalign128oi64281628161_tensorptrbf16gmemalign16o28161_tensorptrbf16gmemalign128oi64281628161___T_0	norm_rope_kv	2.53	-0.38	[3, 1, 1]
31	_gemma4_routing_kernel	moe_route	1.57	0.10	[12, 1, 1]
32	void moe_align_block_size_kernel<int>(int const*, int*, int*, int*, int, int, unsigned long, int*, bool, bool, int, int)	moe_route	2.08	0.10	[2, 1, 1]
33	void count_and_sort_expert_tokens_kernel<int>(int const*, int*, int*, unsigned long, bool)	moe_route	0.99	0.10	[1, 1, 1]
34	void sglang::per_token_quant_fp8_cta_kernel<__nv_bfloat16, 8>(__nv_bfloat16 const*, __nv_fp8_e4m3*, float*, unsigned int)	act_quant	1.63	0.13	[12, 1, 1]
35	fused_moe_kernel	moe_gemm	132.96	-0.16	[4224, 1, 1]
36	void sglang::act_and_mul_kernel<__nv_bfloat16, (sglang::ActivationKind)1, true, false, false, false>(sglang::ActivationParams)	elementwise_copy	44.96	-43.65	[17, 1, 1]
37	void sglang::per_token_quant_fp8_cta_kernel<__nv_bfloat16, 8>(__nv_bfloat16 const*, __nv_fp8_e4m3*, float*, unsigned int)	act_quant	1.34	0.10	[96, 1, 1]
38	fused_moe_kernel	moe_gemm	65.63	-0.13	[8448, 1, 1]
39	_moe_sum_reduce_kernel	moe_route	4.10	-3.01	[12, 2, 1]
40	_gemma_dual_rmsnorm_residual_kernel	norm_rope_kv	2.34	0.10	[12, 1, 1]
41	kernel_cutlass_kernel_flashinfernormkernelsrmsnormRMSNormKernel_object_at__tensorptrbf16gmemalign128oi64281628161_tensorptrbf16gmemalign16o28161_tensorptrbf16gmemalign128oi64281628161___T_0	norm_rope_kv	2.50	0.22	[3, 1, 1]
42	void sglang::per_token_quant_fp8_cta_kernel<__nv_bfloat16, 8>(__nv_bfloat16 const*, __nv_fp8_e4m3*, float*, unsigned int)	act_quant	1.50	0.06	[12, 1, 1]
43	_ZN7cutlass13device_kernelINS_4gemm6kernel13GemmUniversalIN4cute5tupleIJiiiiEEENS1_10collective13CollectiveMmaINS1_31MainloopSm120TmaWarpSpecializedILi2ELi2ENS5_IJNS4_1CILi1EEESB_SB_EEENS1_40KernelTmaWarpSpecializedCooperativeSm120ILi2EEEEENS5_IJNSA_ILi128EEESG_SG_EEENS_12float_e4m3_tENS5_IJlSB_lEEESI_SJ_NS4_8TiledMMAINS4_8MMA_AtomIJNS4_16SM120_16x8x32_TNISI_SI_fEEEEENS4_6LayoutINS5_IJNSA_ILi4EEENSA_ILi2EEESB_EEENS5_IJSB_SQ_NSA_ILi0EEEEEEEENS5_IJSG_NSA_ILi32EEESW_EEEEENS4_13SM90_TMA_LOADENS4_14ComposedLayoutINS4_7SwizzleILi3ELi4ELi3EEENS4_18smem_ptr_flag_bitsILi8EEENSP_INS5_IJNSA_ILi8EEESG_EEENS5_IJSG_SB_EEEEEEENS4_9Copy_AtomIJNS4_17SM75_U32x4_LDSM_NEhEEENS4_8identityESZ_S19_S1C_S1D_EENS_8epilogue10collective18CollectiveEpilogueINS1F_22Sm90TmaWarpSpecializedILi2ELi2ELi4ELb0ELb1EEEJSH_NS5_IJNSA_ILi64EEESW_EEEvSJ_NS_10bfloat16_tESJ_NS1F_6fusion15Sm90TreeVisitorINS1N_11Sm90ComputeINS_10multipliesES1M_fLNS_15FloatRoundStyleE2EvEEJNS1N_16Sm90ColBroadcastILi0ESH_ffNS5_IJSB_ST_ST_EEELi4ELb1EEENS1O_INS1P_IS1Q_ffLS1R_2EvEEJNS1N_16Sm90RowBroadcastILi0ESH_ffNS5_IJST_SB_ST_EEELi4ELb1EEENS1N_12Sm90AccFetchEEEEEEESZ_NS10_INS11_ILi2ELi4ELi3EEENS13_ILi16EEENSP_INS5_IJS15_SW_EEENS5_IJSW_SB_EEEEEEENS4_17SM75_U32x2_LDSM_NENS4_14SM90_TMA_STOREES28_NS4_17SM90_U32x2_STSM_NENS1A_IJS2B_NS_6half_tEEEEvEEEvvEEEEvNT_6ParamsE	dense_gemm	36.06	0.10	[1, 64, 1]
44	_gemma_qkv_rmsnorm_kernel	norm_rope_kv	1.73	0.06	[12, 32, 1]
45	void sglang::fused_rope_kernel<true, 256l, true, __nv_bfloat16, __nv_bfloat16, long, 32u>(sglang::FusedRopeParams)	norm_rope_kv	1.57	0.19	[72, 1, 1]
46	void at::native::elementwise_kernel<128, 4, at::native::gpu_kernel_impl_nocast<at::native::BUnaryFunctor<c10::BFloat16, c10::BFloat16, c10::BFloat16, at::native::binary_internal::MulFunctor<float> > >(at::TensorIteratorBase&, at::native::BUnaryFunctor<c10::BFloat16, c10::BFloat16, c10::BFloat16, at::native::binary_internal::MulFunctor<float> > const&)::{lambda(int)#1}>(int, at::native::gpu_kernel_impl_nocast<at::native::BUnaryFunctor<c10::BFloat16, c10::BFloat16, c10::BFloat16, at::native::binary_internal::MulFunctor<float> > >(at::TensorIteratorBase&, at::native::BUnaryFunctor<c10::BFloat16, c10::BFloat16, c10::BFloat16, at::native::binary_internal::MulFunctor<float> > const&)::{lambda(int)#1})	elementwise_copy	1.70	0.10	[48, 1, 1]
47	void at::native::elementwise_kernel<128, 4, at::native::gpu_kernel_impl_nocast<at::native::BUnaryFunctor<c10::BFloat16, c10::BFloat16, c10::BFloat16, at::native::binary_internal::MulFunctor<float> > >(at::TensorIteratorBase&, at::native::BUnaryFunctor<c10::BFloat16, c10::BFloat16, c10::BFloat16, at::native::binary_internal::MulFunctor<float> > const&)::{lambda(int)#1}>(int, at::native::gpu_kernel_impl_nocast<at::native::BUnaryFunctor<c10::BFloat16, c10::BFloat16, c10::BFloat16, at::native::binary_internal::MulFunctor<float> > >(at::TensorIteratorBase&, at::native::BUnaryFunctor<c10::BFloat16, c10::BFloat16, c10::BFloat16, at::native::binary_internal::MulFunctor<float> > const&)::{lambda(int)#1})	elementwise_copy	1.47	0.10	[48, 1, 1]
48	void at::native::elementwise_kernel<128, 4, at::native::gpu_kernel_impl_nocast<at::native::ConvertToFloat8E4M3fnOp<c10::BFloat16> >(at::TensorIteratorBase&, at::native::ConvertToFloat8E4M3fnOp<c10::BFloat16> const&)::{lambda(int)#1}>(int, at::native::gpu_kernel_impl_nocast<at::native::ConvertToFloat8E4M3fnOp<c10::BFloat16> >(at::TensorIteratorBase&, at::native::ConvertToFloat8E4M3fnOp<c10::BFloat16> const&)::{lambda(int)#1})	elementwise_copy	1.70	0.10	[48, 1, 1]
49	void at::native::elementwise_kernel<128, 4, at::native::gpu_kernel_impl_nocast<at::native::ConvertToFloat8E4M3fnOp<c10::BFloat16> >(at::TensorIteratorBase&, at::native::ConvertToFloat8E4M3fnOp<c10::BFloat16> const&)::{lambda(int)#1}>(int, at::native::gpu_kernel_impl_nocast<at::native::ConvertToFloat8E4M3fnOp<c10::BFloat16> >(at::TensorIteratorBase&, at::native::ConvertToFloat8E4M3fnOp<c10::BFloat16> const&)::{lambda(int)#1})	elementwise_copy	1.60	0.06	[48, 1, 1]
50	void sglang::store_kvcache_kernel<2048l, 2048l, 128u, true, long>(sglang::StoreKVCacheParams)	norm_rope_kv	1.02	0.22	[48, 1, 1]
51	_fwd_grouped_kernel_stage1	attention	38.46	0.10	[12, 8, 8]
52	_fwd_kernel_stage2	attention	2.21	0.22	[12, 16, 1]
53	void sglang::per_token_quant_fp8_cta_kernel<__nv_bfloat16, 8>(__nv_bfloat16 const*, __nv_fp8_e4m3*, float*, unsigned int)	act_quant	1.57	0.10	[12, 1, 1]
54	_ZN7cutlass13device_kernelINS_4gemm6kernel13GemmUniversalIN4cute5tupleIJiiiiEEENS1_10collective13CollectiveMmaINS1_31MainloopSm120TmaWarpSpecializedILi2ELi2ENS5_IJNS4_1CILi1EEESB_SB_EEENS1_40KernelTmaWarpSpecializedCooperativeSm120ILi2EEEEENS5_IJNSA_ILi128EEESG_SG_EEENS_12float_e4m3_tENS5_IJlSB_lEEESI_SJ_NS4_8TiledMMAINS4_8MMA_AtomIJNS4_16SM120_16x8x32_TNISI_SI_fEEEEENS4_6LayoutINS5_IJNSA_ILi4EEENSA_ILi2EEESB_EEENS5_IJSB_SQ_NSA_ILi0EEEEEEEENS5_IJSG_NSA_ILi32EEESW_EEEEENS4_13SM90_TMA_LOADENS4_14ComposedLayoutINS4_7SwizzleILi3ELi4ELi3EEENS4_18smem_ptr_flag_bitsILi8EEENSP_INS5_IJNSA_ILi8EEESG_EEENS5_IJSG_SB_EEEEEEENS4_9Copy_AtomIJNS4_17SM75_U32x4_LDSM_NEhEEENS4_8identityESZ_S19_S1C_S1D_EENS_8epilogue10collective18CollectiveEpilogueINS1F_22Sm90TmaWarpSpecializedILi2ELi2ELi4ELb0ELb1EEEJSH_NS5_IJNSA_ILi64EEESW_EEEvSJ_NS_10bfloat16_tESJ_NS1F_6fusion15Sm90TreeVisitorINS1N_11Sm90ComputeINS_10multipliesES1M_fLNS_15FloatRoundStyleE2EvEEJNS1N_16Sm90ColBroadcastILi0ESH_ffNS5_IJSB_ST_ST_EEELi4ELb1EEENS1O_INS1P_IS1Q_ffLS1R_2EvEEJNS1N_16Sm90RowBroadcastILi0ESH_ffNS5_IJST_SB_ST_EEELi4ELb1EEENS1N_12Sm90AccFetchEEEEEEESZ_NS10_INS11_ILi2ELi4ELi3EEENS13_ILi16EEENSP_INS5_IJS15_SW_EEENS5_IJSW_SB_EEEEEEENS4_17SM75_U32x2_LDSM_NENS4_14SM90_TMA_STOREES28_NS4_17SM90_U32x2_STSM_NENS1A_IJS2B_NS_6half_tEEEEvEEEvvEEEEvNT_6ParamsE	dense_gemm	49.60	0.10	[1, 22, 1]
55	kernel_cutlass_kernel_flashinfernormkernelsrmsnormRMSNormKernel_object_at__tensorptrbf16gmemalign128oi64281628161_tensorptrbf16gmemalign16o28161_tensorptrbf16gmemalign128oi64281628161___T_0	norm_rope_kv	2.56	-0.16	[3, 1, 1]
56	kernel_cutlass_kernel_flashinfernormkernelsfused_add_rmsnormFusedAddRMSNormKernel_object_at__tensorptrbf16gmemalign128oi64281628161_tensorptrbf16gmemalign128oi64281628161_tensorptrbf16gme_0	norm_rope_kv	2.46	-0.16	[3, 1, 1]
57	void sglang::per_token_quant_fp8_cta_kernel<__nv_bfloat16, 8>(__nv_bfloat16 const*, __nv_fp8_e4m3*, float*, unsigned int)	act_quant	1.54	0.10	[12, 1, 1]
58	_ZN7cutlass13device_kernelINS_4gemm6kernel13GemmUniversalIN4cute5tupleIJiiiiEEENS1_10collective13CollectiveMmaINS1_31MainloopSm120TmaWarpSpecializedILi2ELi2ENS5_IJNS4_1CILi1EEESB_SB_EEENS1_40KernelTmaWarpSpecializedCooperativeSm120ILi2EEEEENS5_IJNSA_ILi128EEESG_SG_EEENS_12float_e4m3_tENS5_IJlSB_lEEESI_SJ_NS4_8TiledMMAINS4_8MMA_AtomIJNS4_16SM120_16x8x32_TNISI_SI_fEEEEENS4_6LayoutINS5_IJNSA_ILi4EEENSA_ILi2EEESB_EEENS5_IJSB_SQ_NSA_ILi0EEEEEEEENS5_IJSG_NSA_ILi32EEESW_EEEEENS4_13SM90_TMA_LOADENS4_14ComposedLayoutINS4_7SwizzleILi3ELi4ELi3EEENS4_18smem_ptr_flag_bitsILi8EEENSP_INS5_IJNSA_ILi8EEESG_EEENS5_IJSG_SB_EEEEEEENS4_9Copy_AtomIJNS4_17SM75_U32x4_LDSM_NEhEEENS4_8identityESZ_S19_S1C_S1D_EENS_8epilogue10collective18CollectiveEpilogueINS1F_22Sm90TmaWarpSpecializedILi2ELi2ELi4ELb0ELb1EEEJSH_NS5_IJNSA_ILi64EEESW_EEEvSJ_NS_10bfloat16_tESJ_NS1F_6fusion15Sm90TreeVisitorINS1N_11Sm90ComputeINS_10multipliesES1M_fLNS_15FloatRoundStyleE2EvEEJNS1N_16Sm90ColBroadcastILi0ESH_ffNS5_IJSB_ST_ST_EEELi4ELb1EEENS1O_INS1P_IS1Q_ffLS1R_2EvEEJNS1N_16Sm90RowBroadcastILi0ESH_ffNS5_IJST_SB_ST_EEELi4ELb1EEENS1N_12Sm90AccFetchEEEEEEESZ_NS10_INS11_ILi2ELi4ELi3EEENS13_ILi16EEENSP_INS5_IJS15_SW_EEENS5_IJSW_SB_EEEEEEENS4_17SM75_U32x2_LDSM_NENS4_14SM90_TMA_STOREES28_NS4_17SM90_U32x2_STSM_NENS1A_IJS2B_NS_6half_tEEEEvEEEvvEEEEvNT_6ParamsE	dense_gemm	35.46	0.10	[1, 33, 1]
59	void sglang::act_and_mul_kernel<__nv_bfloat16, (sglang::ActivationKind)2, true, false, false, false>(sglang::ActivationParams)	elementwise_copy	1.47	0.22	[7, 1, 1]
60	void sglang::per_token_quant_fp8_cta_kernel<__nv_bfloat16, 8>(__nv_bfloat16 const*, __nv_fp8_e4m3*, float*, unsigned int)	act_quant	1.50	0.10	[12, 1, 1]
61	_ZN7cutlass13device_kernelINS_4gemm6kernel13GemmUniversalIN4cute5tupleIJiiiiEEENS1_10collective13CollectiveMmaINS1_31MainloopSm120TmaWarpSpecializedILi2ELi2ENS5_IJNS4_1CILi1EEESB_SB_EEENS1_40KernelTmaWarpSpecializedCooperativeSm120ILi2EEEEENS5_IJNSA_ILi128EEESG_SG_EEENS_12float_e4m3_tENS5_IJlSB_lEEESI_SJ_NS4_8TiledMMAINS4_8MMA_AtomIJNS4_16SM120_16x8x32_TNISI_SI_fEEEEENS4_6LayoutINS5_IJNSA_ILi4EEENSA_ILi2EEESB_EEENS5_IJSB_SQ_NSA_ILi0EEEEEEEENS5_IJSG_NSA_ILi32EEESW_EEEEENS4_13SM90_TMA_LOADENS4_14ComposedLayoutINS4_7SwizzleILi3ELi4ELi3EEENS4_18smem_ptr_flag_bitsILi8EEENSP_INS5_IJNSA_ILi8EEESG_EEENS5_IJSG_SB_EEEEEEENS4_9Copy_AtomIJNS4_17SM75_U32x4_LDSM_NEhEEENS4_8identityESZ_S19_S1C_S1D_EENS_8epilogue10collective18CollectiveEpilogueINS1F_22Sm90TmaWarpSpecializedILi2ELi2ELi4ELb0ELb1EEEJSH_NS5_IJNSA_ILi64EEESW_EEEvSJ_NS_10bfloat16_tESJ_NS1F_6fusion15Sm90TreeVisitorINS1N_11Sm90ComputeINS_10multipliesES1M_fLNS_15FloatRoundStyleE2EvEEJNS1N_16Sm90ColBroadcastILi0ESH_ffNS5_IJSB_ST_ST_EEELi4ELb1EEENS1O_INS1P_IS1Q_ffLS1R_2EvEEJNS1N_16Sm90RowBroadcastILi0ESH_ffNS5_IJST_SB_ST_EEELi4ELb1EEENS1N_12Sm90AccFetchEEEEEEESZ_NS10_INS11_ILi2ELi4ELi3EEENS13_ILi16EEENSP_INS5_IJS15_SW_EEENS5_IJSW_SB_EEEEEEENS4_17SM75_U32x2_LDSM_NENS4_14SM90_TMA_STOREES28_NS4_17SM90_U32x2_STSM_NENS1A_IJS2B_NS_6half_tEEEEvEEEvvEEEEvNT_6ParamsE	dense_gemm	28.29	0.06	[1, 22, 1]
62	kernel_cutlass_kernel_flashinfernormkernelsrmsnormRMSNormKernel_object_at__tensorptrbf16gmemalign128oi64281628161_tensorptrbf16gmemalign16o28161_tensorptrbf16gmemalign128oi64281628161___T_0	norm_rope_kv	2.37	0.19	[3, 1, 1]
63	void cutlass::Kernel2<cutlass_80_wmma_tensorop_bf16_s161616gemm_bf16_16x16_128x2_tn_align8>(cutlass_80_wmma_tensorop_bf16_s161616gemm_bf16_16x16_128x2_tn_align8::Params)	dense_gemm	3.23	0.10	[8, 1, 9]
64	void cublasLt::splitKreduce_kernel<32, 16, int, __nv_bfloat16, __nv_bfloat16, float, __nv_bfloat16, false, __nv_bfloat16, __nv_bfloat16, __nv_bfloat16, true, false, false, false>(cublasLt::cublasSplitKParams<float>, __nv_bfloat16 const*, __nv_bfloat16 const*, __nv_bfloat16*, __nv_bfloat16*, float const*, float const*, __nv_bfloat16 const*, __nv_bfloat16 const*, __nv_bfloat16*, void*, long, float*, int*, float*, float*, float const*, float const*, float const*, float const*, float const*)	dense_gemm	1.25	0.13	[4, 1, 1]
65	kernel_cutlass_kernel_flashinfernormkernelsrmsnormRMSNormKernel_object_at__tensorptrbf16gmemalign128oi64281628161_tensorptrbf16gmemalign16o28161_tensorptrbf16gmemalign128oi64281628161___T_0	norm_rope_kv	2.56	-0.29	[3, 1, 1]
66	_gemma4_routing_kernel	moe_route	1.60	0.10	[12, 1, 1]
67	void moe_align_block_size_kernel<int>(int const*, int*, int*, int*, int, int, unsigned long, int*, bool, bool, int, int)	moe_route	2.05	0.10	[2, 1, 1]
68	void count_and_sort_expert_tokens_kernel<int>(int const*, int*, int*, unsigned long, bool)	moe_route	0.99	0.13	[1, 1, 1]
69	void sglang::per_token_quant_fp8_cta_kernel<__nv_bfloat16, 8>(__nv_bfloat16 const*, __nv_fp8_e4m3*, float*, unsigned int)	act_quant	1.70	0.10	[12, 1, 1]
70	fused_moe_kernel	moe_gemm	150.72	-0.22	[4224, 1, 1]
71	void sglang::act_and_mul_kernel<__nv_bfloat16, (sglang::ActivationKind)1, true, false, false, false>(sglang::ActivationParams)	elementwise_copy	20.00	-18.43	[17, 1, 1]
72	void sglang::per_token_quant_fp8_cta_kernel<__nv_bfloat16, 8>(__nv_bfloat16 const*, __nv_fp8_e4m3*, float*, unsigned int)	act_quant	1.41	0.19	[96, 1, 1]
73	fused_moe_kernel	moe_gemm	76.13	-0.19	[8448, 1, 1]
74	_moe_sum_reduce_kernel	moe_route	3.58	-2.43	[12, 2, 1]
75	_gemma_dual_rmsnorm_residual_kernel	norm_rope_kv	2.40	0.06	[12, 1, 1]
76	kernel_cutlass_kernel_flashinfernormkernelsrmsnormRMSNormKernel_object_at__tensorptrbf16gmemalign128oi64281628161_tensorptrbf16gmemalign16o28161_tensorptrbf16gmemalign128oi64281628161___T_0	norm_rope_kv	2.30	0.22	[3, 1, 1]
77	void sglang::per_token_quant_fp8_cta_kernel<__nv_bfloat16, 8>(__nv_bfloat16 const*, __nv_fp8_e4m3*, float*, unsigned int)	act_quant	1.50	0.10	[12, 1, 1]
78	_ZN7cutlass13device_kernelINS_4gemm6kernel13GemmUniversalIN4cute5tupleIJiiiiEEENS1_10collective13CollectiveMmaINS1_31MainloopSm120TmaWarpSpecializedILi2ELi2ENS5_IJNS4_1CILi1EEESB_SB_EEENS1_40KernelTmaWarpSpecializedCooperativeSm120ILi2EEEEENS5_IJNSA_ILi128EEESG_SG_EEENS_12float_e4m3_tENS5_IJlSB_lEEESI_SJ_NS4_8TiledMMAINS4_8MMA_AtomIJNS4_16SM120_16x8x32_TNISI_SI_fEEEEENS4_6LayoutINS5_IJNSA_ILi4EEENSA_ILi2EEESB_EEENS5_IJSB_SQ_NSA_ILi0EEEEEEEENS5_IJSG_NSA_ILi32EEESW_EEEEENS4_13SM90_TMA_LOADENS4_14ComposedLayoutINS4_7SwizzleILi3ELi4ELi3EEENS4_18smem_ptr_flag_bitsILi8EEENSP_INS5_IJNSA_ILi8EEESG_EEENS5_IJSG_SB_EEEEEEENS4_9Copy_AtomIJNS4_17SM75_U32x4_LDSM_NEhEEENS4_8identityESZ_S19_S1C_S1D_EENS_8epilogue10collective18CollectiveEpilogueINS1F_22Sm90TmaWarpSpecializedILi2ELi2ELi4ELb0ELb1EEEJSH_NS5_IJNSA_ILi64EEESW_EEEvSJ_NS_10bfloat16_tESJ_NS1F_6fusion15Sm90TreeVisitorINS1N_11Sm90ComputeINS_10multipliesES1M_fLNS_15FloatRoundStyleE2EvEEJNS1N_16Sm90ColBroadcastILi0ESH_ffNS5_IJSB_ST_ST_EEELi4ELb1EEENS1O_INS1P_IS1Q_ffLS1R_2EvEEJNS1N_16Sm90RowBroadcastILi0ESH_ffNS5_IJST_SB_ST_EEELi4ELb1EEENS1N_12Sm90AccFetchEEEEEEESZ_NS10_INS11_ILi2ELi4ELi3EEENS13_ILi16EEENSP_INS5_IJS15_SW_EEENS5_IJSW_SB_EEEEEEENS4_17SM75_U32x2_LDSM_NENS4_14SM90_TMA_STOREES28_NS4_17SM90_U32x2_STSM_NENS1A_IJS2B_NS_6half_tEEEEvEEEvvEEEEvNT_6ParamsE	dense_gemm	35.97	0.10	[1, 64, 1]
79	_gemma_qkv_rmsnorm_kernel	norm_rope_kv	1.73	0.10	[12, 32, 1]
80	void sglang::fused_rope_kernel<true, 256l, true, __nv_bfloat16, __nv_bfloat16, long, 32u>(sglang::FusedRopeParams)	norm_rope_kv	1.41	0.22	[72, 1, 1]
81	void at::native::elementwise_kernel<128, 4, at::native::gpu_kernel_impl_nocast<at::native::BUnaryFunctor<c10::BFloat16, c10::BFloat16, c10::BFloat16, at::native::binary_internal::MulFunctor<float> > >(at::TensorIteratorBase&, at::native::BUnaryFunctor<c10::BFloat16, c10::BFloat16, c10::BFloat16, at::native::binary_internal::MulFunctor<float> > const&)::{lambda(int)#1}>(int, at::native::gpu_kernel_impl_nocast<at::native::BUnaryFunctor<c10::BFloat16, c10::BFloat16, c10::BFloat16, at::native::binary_internal::MulFunctor<float> > >(at::TensorIteratorBase&, at::native::BUnaryFunctor<c10::BFloat16, c10::BFloat16, c10::BFloat16, at::native::binary_internal::MulFunctor<float> > const&)::{lambda(int)#1})	elementwise_copy	1.86	0.10	[48, 1, 1]
82	void at::native::elementwise_kernel<128, 4, at::native::gpu_kernel_impl_nocast<at::native::BUnaryFunctor<c10::BFloat16, c10::BFloat16, c10::BFloat16, at::native::binary_internal::MulFunctor<float> > >(at::TensorIteratorBase&, at::native::BUnaryFunctor<c10::BFloat16, c10::BFloat16, c10::BFloat16, at::native::binary_internal::MulFunctor<float> > const&)::{lambda(int)#1}>(int, at::native::gpu_kernel_impl_nocast<at::native::BUnaryFunctor<c10::BFloat16, c10::BFloat16, c10::BFloat16, at::native::binary_internal::MulFunctor<float> > >(at::TensorIteratorBase&, at::native::BUnaryFunctor<c10::BFloat16, c10::BFloat16, c10::BFloat16, at::native::binary_internal::MulFunctor<float> > const&)::{lambda(int)#1})	elementwise_copy	1.47	0.10	[48, 1, 1]
83	void at::native::elementwise_kernel<128, 4, at::native::gpu_kernel_impl_nocast<at::native::ConvertToFloat8E4M3fnOp<c10::BFloat16> >(at::TensorIteratorBase&, at::native::ConvertToFloat8E4M3fnOp<c10::BFloat16> const&)::{lambda(int)#1}>(int, at::native::gpu_kernel_impl_nocast<at::native::ConvertToFloat8E4M3fnOp<c10::BFloat16> >(at::TensorIteratorBase&, at::native::ConvertToFloat8E4M3fnOp<c10::BFloat16> const&)::{lambda(int)#1})	elementwise_copy	1.82	0.10	[48, 1, 1]
84	void at::native::elementwise_kernel<128, 4, at::native::gpu_kernel_impl_nocast<at::native::ConvertToFloat8E4M3fnOp<c10::BFloat16> >(at::TensorIteratorBase&, at::native::ConvertToFloat8E4M3fnOp<c10::BFloat16> const&)::{lambda(int)#1}>(int, at::native::gpu_kernel_impl_nocast<at::native::ConvertToFloat8E4M3fnOp<c10::BFloat16> >(at::TensorIteratorBase&, at::native::ConvertToFloat8E4M3fnOp<c10::BFloat16> const&)::{lambda(int)#1})	elementwise_copy	1.60	0.10	[48, 1, 1]
85	void sglang::store_kvcache_kernel<2048l, 2048l, 128u, true, long>(sglang::StoreKVCacheParams)	norm_rope_kv	1.02	0.22	[48, 1, 1]
86	_fwd_grouped_kernel_stage1	attention	38.72	0.10	[12, 8, 8]
87	_fwd_kernel_stage2	attention	2.21	0.22	[12, 16, 1]
88	void sglang::per_token_quant_fp8_cta_kernel<__nv_bfloat16, 8>(__nv_bfloat16 const*, __nv_fp8_e4m3*, float*, unsigned int)	act_quant	1.57	0.10	[12, 1, 1]
89	_ZN7cutlass13device_kernelINS_4gemm6kernel13GemmUniversalIN4cute5tupleIJiiiiEEENS1_10collective13CollectiveMmaINS1_31MainloopSm120TmaWarpSpecializedILi2ELi2ENS5_IJNS4_1CILi1EEESB_SB_EEENS1_40KernelTmaWarpSpecializedCooperativeSm120ILi2EEEEENS5_IJNSA_ILi128EEESG_SG_EEENS_12float_e4m3_tENS5_IJlSB_lEEESI_SJ_NS4_8TiledMMAINS4_8MMA_AtomIJNS4_16SM120_16x8x32_TNISI_SI_fEEEEENS4_6LayoutINS5_IJNSA_ILi4EEENSA_ILi2EEESB_EEENS5_IJSB_SQ_NSA_ILi0EEEEEEEENS5_IJSG_NSA_ILi32EEESW_EEEEENS4_13SM90_TMA_LOADENS4_14ComposedLayoutINS4_7SwizzleILi3ELi4ELi3EEENS4_18smem_ptr_flag_bitsILi8EEENSP_INS5_IJNSA_ILi8EEESG_EEENS5_IJSG_SB_EEEEEEENS4_9Copy_AtomIJNS4_17SM75_U32x4_LDSM_NEhEEENS4_8identityESZ_S19_S1C_S1D_EENS_8epilogue10collective18CollectiveEpilogueINS1F_22Sm90TmaWarpSpecializedILi2ELi2ELi4ELb0ELb1EEEJSH_NS5_IJNSA_ILi64EEESW_EEEvSJ_NS_10bfloat16_tESJ_NS1F_6fusion15Sm90TreeVisitorINS1N_11Sm90ComputeINS_10multipliesES1M_fLNS_15FloatRoundStyleE2EvEEJNS1N_16Sm90ColBroadcastILi0ESH_ffNS5_IJSB_ST_ST_EEELi4ELb1EEENS1O_INS1P_IS1Q_ffLS1R_2EvEEJNS1N_16Sm90RowBroadcastILi0ESH_ffNS5_IJST_SB_ST_EEELi4ELb1EEENS1N_12Sm90AccFetchEEEEEEESZ_NS10_INS11_ILi2ELi4ELi3EEENS13_ILi16EEENSP_INS5_IJS15_SW_EEENS5_IJSW_SB_EEEEEEENS4_17SM75_U32x2_LDSM_NENS4_14SM90_TMA_STOREES28_NS4_17SM90_U32x2_STSM_NENS1A_IJS2B_NS_6half_tEEEEvEEEvvEEEEvNT_6ParamsE	dense_gemm	49.66	0.10	[1, 22, 1]
90	kernel_cutlass_kernel_flashinfernormkernelsrmsnormRMSNormKernel_object_at__tensorptrbf16gmemalign128oi64281628161_tensorptrbf16gmemalign16o28161_tensorptrbf16gmemalign128oi64281628161___T_0	norm_rope_kv	2.72	-0.19	[3, 1, 1]
91	kernel_cutlass_kernel_flashinfernormkernelsfused_add_rmsnormFusedAddRMSNormKernel_object_at__tensorptrbf16gmemalign128oi64281628161_tensorptrbf16gmemalign128oi64281628161_tensorptrbf16gme_0	norm_rope_kv	2.40	-0.19	[3, 1, 1]
92	void sglang::per_token_quant_fp8_cta_kernel<__nv_bfloat16, 8>(__nv_bfloat16 const*, __nv_fp8_e4m3*, float*, unsigned int)	act_quant	1.54	0.10	[12, 1, 1]
93	_ZN7cutlass13device_kernelINS_4gemm6kernel13GemmUniversalIN4cute5tupleIJiiiiEEENS1_10collective13CollectiveMmaINS1_31MainloopSm120TmaWarpSpecializedILi2ELi2ENS5_IJNS4_1CILi1EEESB_SB_EEENS1_40KernelTmaWarpSpecializedCooperativeSm120ILi2EEEEENS5_IJNSA_ILi128EEESG_SG_EEENS_12float_e4m3_tENS5_IJlSB_lEEESI_SJ_NS4_8TiledMMAINS4_8MMA_AtomIJNS4_16SM120_16x8x32_TNISI_SI_fEEEEENS4_6LayoutINS5_IJNSA_ILi4EEENSA_ILi2EEESB_EEENS5_IJSB_SQ_NSA_ILi0EEEEEEEENS5_IJSG_NSA_ILi32EEESW_EEEEENS4_13SM90_TMA_LOADENS4_14ComposedLayoutINS4_7SwizzleILi3ELi4ELi3EEENS4_18smem_ptr_flag_bitsILi8EEENSP_INS5_IJNSA_ILi8EEESG_EEENS5_IJSG_SB_EEEEEEENS4_9Copy_AtomIJNS4_17SM75_U32x4_LDSM_NEhEEENS4_8identityESZ_S19_S1C_S1D_EENS_8epilogue10collective18CollectiveEpilogueINS1F_22Sm90TmaWarpSpecializedILi2ELi2ELi4ELb0ELb1EEEJSH_NS5_IJNSA_ILi64EEESW_EEEvSJ_NS_10bfloat16_tESJ_NS1F_6fusion15Sm90TreeVisitorINS1N_11Sm90ComputeINS_10multipliesES1M_fLNS_15FloatRoundStyleE2EvEEJNS1N_16Sm90ColBroadcastILi0ESH_ffNS5_IJSB_ST_ST_EEELi4ELb1EEENS1O_INS1P_IS1Q_ffLS1R_2EvEEJNS1N_16Sm90RowBroadcastILi0ESH_ffNS5_IJST_SB_ST_EEELi4ELb1EEENS1N_12Sm90AccFetchEEEEEEESZ_NS10_INS11_ILi2ELi4ELi3EEENS13_ILi16EEENSP_INS5_IJS15_SW_EEENS5_IJSW_SB_EEEEEEENS4_17SM75_U32x2_LDSM_NENS4_14SM90_TMA_STOREES28_NS4_17SM90_U32x2_STSM_NENS1A_IJS2B_NS_6half_tEEEEvEEEvvEEEEvNT_6ParamsE	dense_gemm	35.52	0.06	[1, 33, 1]
94	void sglang::act_and_mul_kernel<__nv_bfloat16, (sglang::ActivationKind)2, true, false, false, false>(sglang::ActivationParams)	elementwise_copy	1.44	0.22	[7, 1, 1]
95	void sglang::per_token_quant_fp8_cta_kernel<__nv_bfloat16, 8>(__nv_bfloat16 const*, __nv_fp8_e4m3*, float*, unsigned int)	act_quant	1.50	0.10	[12, 1, 1]
96	_ZN7cutlass13device_kernelINS_4gemm6kernel13GemmUniversalIN4cute5tupleIJiiiiEEENS1_10collective13CollectiveMmaINS1_31MainloopSm120TmaWarpSpecializedILi2ELi2ENS5_IJNS4_1CILi1EEESB_SB_EEENS1_40KernelTmaWarpSpecializedCooperativeSm120ILi2EEEEENS5_IJNSA_ILi128EEESG_SG_EEENS_12float_e4m3_tENS5_IJlSB_lEEESI_SJ_NS4_8TiledMMAINS4_8MMA_AtomIJNS4_16SM120_16x8x32_TNISI_SI_fEEEEENS4_6LayoutINS5_IJNSA_ILi4EEENSA_ILi2EEESB_EEENS5_IJSB_SQ_NSA_ILi0EEEEEEEENS5_IJSG_NSA_ILi32EEESW_EEEEENS4_13SM90_TMA_LOADENS4_14ComposedLayoutINS4_7SwizzleILi3ELi4ELi3EEENS4_18smem_ptr_flag_bitsILi8EEENSP_INS5_IJNSA_ILi8EEESG_EEENS5_IJSG_SB_EEEEEEENS4_9Copy_AtomIJNS4_17SM75_U32x4_LDSM_NEhEEENS4_8identityESZ_S19_S1C_S1D_EENS_8epilogue10collective18CollectiveEpilogueINS1F_22Sm90TmaWarpSpecializedILi2ELi2ELi4ELb0ELb1EEEJSH_NS5_IJNSA_ILi64EEESW_EEEvSJ_NS_10bfloat16_tESJ_NS1F_6fusion15Sm90TreeVisitorINS1N_11Sm90ComputeINS_10multipliesES1M_fLNS_15FloatRoundStyleE2EvEEJNS1N_16Sm90ColBroadcastILi0ESH_ffNS5_IJSB_ST_ST_EEELi4ELb1EEENS1O_INS1P_IS1Q_ffLS1R_2EvEEJNS1N_16Sm90RowBroadcastILi0ESH_ffNS5_IJST_SB_ST_EEELi4ELb1EEENS1N_12Sm90AccFetchEEEEEEESZ_NS10_INS11_ILi2ELi4ELi3EEENS13_ILi16EEENSP_INS5_IJS15_SW_EEENS5_IJSW_SB_EEEEEEENS4_17SM75_U32x2_LDSM_NENS4_14SM90_TMA_STOREES28_NS4_17SM90_U32x2_STSM_NENS1A_IJS2B_NS_6half_tEEEEvEEEvvEEEEvNT_6ParamsE	dense_gemm	28.03	0.06	[1, 22, 1]
97	kernel_cutlass_kernel_flashinfernormkernelsrmsnormRMSNormKernel_object_at__tensorptrbf16gmemalign128oi64281628161_tensorptrbf16gmemalign16o28161_tensorptrbf16gmemalign128oi64281628161___T_0	norm_rope_kv	2.53	0.22	[3, 1, 1]
98	void cutlass::Kernel2<cutlass_80_wmma_tensorop_bf16_s161616gemm_bf16_16x16_128x2_tn_align8>(cutlass_80_wmma_tensorop_bf16_s161616gemm_bf16_16x16_128x2_tn_align8::Params)	dense_gemm	3.30	0.10	[8, 1, 9]
99	void cublasLt::splitKreduce_kernel<32, 16, int, __nv_bfloat16, __nv_bfloat16, float, __nv_bfloat16, false, __nv_bfloat16, __nv_bfloat16, __nv_bfloat16, true, false, false, false>(cublasLt::cublasSplitKParams<float>, __nv_bfloat16 const*, __nv_bfloat16 const*, __nv_bfloat16*, __nv_bfloat16*, float const*, float const*, __nv_bfloat16 const*, __nv_bfloat16 const*, __nv_bfloat16*, void*, long, float*, int*, float*, float*, float const*, float const*, float const*, float const*, float const*)	dense_gemm	1.31	0.10	[4, 1, 1]
100	kernel_cutlass_kernel_flashinfernormkernelsrmsnormRMSNormKernel_object_at__tensorptrbf16gmemalign128oi64281628161_tensorptrbf16gmemalign16o28161_tensorptrbf16gmemalign128oi64281628161___T_0	norm_rope_kv	2.56	-0.38	[3, 1, 1]
101	_gemma4_routing_kernel	moe_route	1.73	0.10	[12, 1, 1]
102	void moe_align_block_size_kernel<int>(int const*, int*, int*, int*, int, int, unsigned long, int*, bool, bool, int, int)	moe_route	2.08	0.10	[2, 1, 1]
103	void count_and_sort_expert_tokens_kernel<int>(int const*, int*, int*, unsigned long, bool)	moe_route	1.06	0.06	[1, 1, 1]
104	void sglang::per_token_quant_fp8_cta_kernel<__nv_bfloat16, 8>(__nv_bfloat16 const*, __nv_fp8_e4m3*, float*, unsigned int)	act_quant	1.63	0.10	[12, 1, 1]
105	fused_moe_kernel	moe_gemm	149.50	-0.16	[4224, 1, 1]
106	void sglang::act_and_mul_kernel<__nv_bfloat16, (sglang::ActivationKind)1, true, false, false, false>(sglang::ActivationParams)	elementwise_copy	19.36	-18.11	[17, 1, 1]
107	void sglang::per_token_quant_fp8_cta_kernel<__nv_bfloat16, 8>(__nv_bfloat16 const*, __nv_fp8_e4m3*, float*, unsigned int)	act_quant	1.34	0.13	[96, 1, 1]
108	fused_moe_kernel	moe_gemm	75.04	-0.16	[8448, 1, 1]
109	_moe_sum_reduce_kernel	moe_route	3.78	-2.85	[12, 2, 1]
110	_gemma_dual_rmsnorm_residual_kernel	norm_rope_kv	2.40	0.10	[12, 1, 1]
111	kernel_cutlass_kernel_flashinfernormkernelsrmsnormRMSNormKernel_object_at__tensorptrbf16gmemalign128oi64281628161_tensorptrbf16gmemalign16o28161_tensorptrbf16gmemalign128oi64281628161___T_0	norm_rope_kv	2.37	0.22	[3, 1, 1]
112	void sglang::per_token_quant_fp8_cta_kernel<__nv_bfloat16, 8>(__nv_bfloat16 const*, __nv_fp8_e4m3*, float*, unsigned int)	act_quant	1.50	0.10	[12, 1, 1]
113	_ZN7cutlass13device_kernelINS_4gemm6kernel13GemmUniversalIN4cute5tupleIJiiiiEEENS1_10collective13CollectiveMmaINS1_31MainloopSm120TmaWarpSpecializedILi2ELi2ENS5_IJNS4_1CILi1EEESB_SB_EEENS1_40KernelTmaWarpSpecializedCooperativeSm120ILi2EEEEENS5_IJNSA_ILi128EEESG_SG_EEENS_12float_e4m3_tENS5_IJlSB_lEEESI_SJ_NS4_8TiledMMAINS4_8MMA_AtomIJNS4_16SM120_16x8x32_TNISI_SI_fEEEEENS4_6LayoutINS5_IJNSA_ILi4EEENSA_ILi2EEESB_EEENS5_IJSB_SQ_NSA_ILi0EEEEEEEENS5_IJSG_NSA_ILi32EEESW_EEEEENS4_13SM90_TMA_LOADENS4_14ComposedLayoutINS4_7SwizzleILi3ELi4ELi3EEENS4_18smem_ptr_flag_bitsILi8EEENSP_INS5_IJNSA_ILi8EEESG_EEENS5_IJSG_SB_EEEEEEENS4_9Copy_AtomIJNS4_17SM75_U32x4_LDSM_NEhEEENS4_8identityESZ_S19_S1C_S1D_EENS_8epilogue10collective18CollectiveEpilogueINS1F_22Sm90TmaWarpSpecializedILi2ELi2ELi4ELb0ELb1EEEJSH_NS5_IJNSA_ILi64EEESW_EEEvSJ_NS_10bfloat16_tESJ_NS1F_6fusion15Sm90TreeVisitorINS1N_11Sm90ComputeINS_10multipliesES1M_fLNS_15FloatRoundStyleE2EvEEJNS1N_16Sm90ColBroadcastILi0ESH_ffNS5_IJSB_ST_ST_EEELi4ELb1EEENS1O_INS1P_IS1Q_ffLS1R_2EvEEJNS1N_16Sm90RowBroadcastILi0ESH_ffNS5_IJST_SB_ST_EEELi4ELb1EEENS1N_12Sm90AccFetchEEEEEEESZ_NS10_INS11_ILi2ELi4ELi3EEENS13_ILi16EEENSP_INS5_IJS15_SW_EEENS5_IJSW_SB_EEEEEEENS4_17SM75_U32x2_LDSM_NENS4_14SM90_TMA_STOREES28_NS4_17SM90_U32x2_STSM_NENS1A_IJS2B_NS_6half_tEEEEvEEEvvEEEEvNT_6ParamsE	dense_gemm	36.03	0.06	[1, 64, 1]
114	_gemma_qkv_rmsnorm_kernel	norm_rope_kv	1.73	0.10	[12, 32, 1]
115	void sglang::fused_rope_kernel<true, 256l, true, __nv_bfloat16, __nv_bfloat16, long, 32u>(sglang::FusedRopeParams)	norm_rope_kv	1.44	0.19	[72, 1, 1]
116	void at::native::elementwise_kernel<128, 4, at::native::gpu_kernel_impl_nocast<at::native::BUnaryFunctor<c10::BFloat16, c10::BFloat16, c10::BFloat16, at::native::binary_internal::MulFunctor<float> > >(at::TensorIteratorBase&, at::native::BUnaryFunctor<c10::BFloat16, c10::BFloat16, c10::BFloat16, at::native::binary_internal::MulFunctor<float> > const&)::{lambda(int)#1}>(int, at::native::gpu_kernel_impl_nocast<at::native::BUnaryFunctor<c10::BFloat16, c10::BFloat16, c10::BFloat16, at::native::binary_internal::MulFunctor<float> > >(at::TensorIteratorBase&, at::native::BUnaryFunctor<c10::BFloat16, c10::BFloat16, c10::BFloat16, at::native::binary_internal::MulFunctor<float> > const&)::{lambda(int)#1})	elementwise_copy	1.73	0.10	[48, 1, 1]
117	void at::native::elementwise_kernel<128, 4, at::native::gpu_kernel_impl_nocast<at::native::BUnaryFunctor<c10::BFloat16, c10::BFloat16, c10::BFloat16, at::native::binary_internal::MulFunctor<float> > >(at::TensorIteratorBase&, at::native::BUnaryFunctor<c10::BFloat16, c10::BFloat16, c10::BFloat16, at::native::binary_internal::MulFunctor<float> > const&)::{lambda(int)#1}>(int, at::native::gpu_kernel_impl_nocast<at::native::BUnaryFunctor<c10::BFloat16, c10::BFloat16, c10::BFloat16, at::native::binary_internal::MulFunctor<float> > >(at::TensorIteratorBase&, at::native::BUnaryFunctor<c10::BFloat16, c10::BFloat16, c10::BFloat16, at::native::binary_internal::MulFunctor<float> > const&)::{lambda(int)#1})	elementwise_copy	1.47	0.10	[48, 1, 1]
118	void at::native::elementwise_kernel<128, 4, at::native::gpu_kernel_impl_nocast<at::native::ConvertToFloat8E4M3fnOp<c10::BFloat16> >(at::TensorIteratorBase&, at::native::ConvertToFloat8E4M3fnOp<c10::BFloat16> const&)::{lambda(int)#1}>(int, at::native::gpu_kernel_impl_nocast<at::native::ConvertToFloat8E4M3fnOp<c10::BFloat16> >(at::TensorIteratorBase&, at::native::ConvertToFloat8E4M3fnOp<c10::BFloat16> const&)::{lambda(int)#1})	elementwise_copy	1.70	0.10	[48, 1, 1]
119	void at::native::elementwise_kernel<128, 4, at::native::gpu_kernel_impl_nocast<at::native::ConvertToFloat8E4M3fnOp<c10::BFloat16> >(at::TensorIteratorBase&, at::native::ConvertToFloat8E4M3fnOp<c10::BFloat16> const&)::{lambda(int)#1}>(int, at::native::gpu_kernel_impl_nocast<at::native::ConvertToFloat8E4M3fnOp<c10::BFloat16> >(at::TensorIteratorBase&, at::native::ConvertToFloat8E4M3fnOp<c10::BFloat16> const&)::{lambda(int)#1})	elementwise_copy	1.63	0.06	[48, 1, 1]
120	void sglang::store_kvcache_kernel<2048l, 2048l, 128u, true, long>(sglang::StoreKVCacheParams)	norm_rope_kv	1.02	0.22	[48, 1, 1]
121	_fwd_grouped_kernel_stage1	attention	39.74	0.10	[12, 8, 8]
122	_fwd_kernel_stage2	attention	2.21	0.22	[12, 16, 1]
123	void sglang::per_token_quant_fp8_cta_kernel<__nv_bfloat16, 8>(__nv_bfloat16 const*, __nv_fp8_e4m3*, float*, unsigned int)	act_quant	1.57	0.13	[12, 1, 1]
124	_ZN7cutlass13device_kernelINS_4gemm6kernel13GemmUniversalIN4cute5tupleIJiiiiEEENS1_10collective13CollectiveMmaINS1_31MainloopSm120TmaWarpSpecializedILi2ELi2ENS5_IJNS4_1CILi1EEESB_SB_EEENS1_40KernelTmaWarpSpecializedCooperativeSm120ILi2EEEEENS5_IJNSA_ILi128EEESG_SG_EEENS_12float_e4m3_tENS5_IJlSB_lEEESI_SJ_NS4_8TiledMMAINS4_8MMA_AtomIJNS4_16SM120_16x8x32_TNISI_SI_fEEEEENS4_6LayoutINS5_IJNSA_ILi4EEENSA_ILi2EEESB_EEENS5_IJSB_SQ_NSA_ILi0EEEEEEEENS5_IJSG_NSA_ILi32EEESW_EEEEENS4_13SM90_TMA_LOADENS4_14ComposedLayoutINS4_7SwizzleILi3ELi4ELi3EEENS4_18smem_ptr_flag_bitsILi8EEENSP_INS5_IJNSA_ILi8EEESG_EEENS5_IJSG_SB_EEEEEEENS4_9Copy_AtomIJNS4_17SM75_U32x4_LDSM_NEhEEENS4_8identityESZ_S19_S1C_S1D_EENS_8epilogue10collective18CollectiveEpilogueINS1F_22Sm90TmaWarpSpecializedILi2ELi2ELi4ELb0ELb1EEEJSH_NS5_IJNSA_ILi64EEESW_EEEvSJ_NS_10bfloat16_tESJ_NS1F_6fusion15Sm90TreeVisitorINS1N_11Sm90ComputeINS_10multipliesES1M_fLNS_15FloatRoundStyleE2EvEEJNS1N_16Sm90ColBroadcastILi0ESH_ffNS5_IJSB_ST_ST_EEELi4ELb1EEENS1O_INS1P_IS1Q_ffLS1R_2EvEEJNS1N_16Sm90RowBroadcastILi0ESH_ffNS5_IJST_SB_ST_EEELi4ELb1EEENS1N_12Sm90AccFetchEEEEEEESZ_NS10_INS11_ILi2ELi4ELi3EEENS13_ILi16EEENSP_INS5_IJS15_SW_EEENS5_IJSW_SB_EEEEEEENS4_17SM75_U32x2_LDSM_NENS4_14SM90_TMA_STOREES28_NS4_17SM90_U32x2_STSM_NENS1A_IJS2B_NS_6half_tEEEEvEEEvvEEEEvNT_6ParamsE	dense_gemm	49.83	0.10	[1, 22, 1]
125	kernel_cutlass_kernel_flashinfernormkernelsrmsnormRMSNormKernel_object_at__tensorptrbf16gmemalign128oi64281628161_tensorptrbf16gmemalign16o28161_tensorptrbf16gmemalign128oi64281628161___T_0	norm_rope_kv	2.81	-0.35	[3, 1, 1]
126	kernel_cutlass_kernel_flashinfernormkernelsfused_add_rmsnormFusedAddRMSNormKernel_object_at__tensorptrbf16gmemalign128oi64281628161_tensorptrbf16gmemalign128oi64281628161_tensorptrbf16gme_0	norm_rope_kv	2.46	-0.22	[3, 1, 1]
127	void sglang::per_token_quant_fp8_cta_kernel<__nv_bfloat16, 8>(__nv_bfloat16 const*, __nv_fp8_e4m3*, float*, unsigned int)	act_quant	1.50	0.10	[12, 1, 1]
128	_ZN7cutlass13device_kernelINS_4gemm6kernel13GemmUniversalIN4cute5tupleIJiiiiEEENS1_10collective13CollectiveMmaINS1_31MainloopSm120TmaWarpSpecializedILi2ELi2ENS5_IJNS4_1CILi1EEESB_SB_EEENS1_40KernelTmaWarpSpecializedCooperativeSm120ILi2EEEEENS5_IJNSA_ILi128EEESG_SG_EEENS_12float_e4m3_tENS5_IJlSB_lEEESI_SJ_NS4_8TiledMMAINS4_8MMA_AtomIJNS4_16SM120_16x8x32_TNISI_SI_fEEEEENS4_6LayoutINS5_IJNSA_ILi4EEENSA_ILi2EEESB_EEENS5_IJSB_SQ_NSA_ILi0EEEEEEEENS5_IJSG_NSA_ILi32EEESW_EEEEENS4_13SM90_TMA_LOADENS4_14ComposedLayoutINS4_7SwizzleILi3ELi4ELi3EEENS4_18smem_ptr_flag_bitsILi8EEENSP_INS5_IJNSA_ILi8EEESG_EEENS5_IJSG_SB_EEEEEEENS4_9Copy_AtomIJNS4_17SM75_U32x4_LDSM_NEhEEENS4_8identityESZ_S19_S1C_S1D_EENS_8epilogue10collective18CollectiveEpilogueINS1F_22Sm90TmaWarpSpecializedILi2ELi2ELi4ELb0ELb1EEEJSH_NS5_IJNSA_ILi64EEESW_EEEvSJ_NS_10bfloat16_tESJ_NS1F_6fusion15Sm90TreeVisitorINS1N_11Sm90ComputeINS_10multipliesES1M_fLNS_15FloatRoundStyleE2EvEEJNS1N_16Sm90ColBroadcastILi0ESH_ffNS5_IJSB_ST_ST_EEELi4ELb1EEENS1O_INS1P_IS1Q_ffLS1R_2EvEEJNS1N_16Sm90RowBroadcastILi0ESH_ffNS5_IJST_SB_ST_EEELi4ELb1EEENS1N_12Sm90AccFetchEEEEEEESZ_NS10_INS11_ILi2ELi4ELi3EEENS13_ILi16EEENSP_INS5_IJS15_SW_EEENS5_IJSW_SB_EEEEEEENS4_17SM75_U32x2_LDSM_NENS4_14SM90_TMA_STOREES28_NS4_17SM90_U32x2_STSM_NENS1A_IJS2B_NS_6half_tEEEEvEEEvvEEEEvNT_6ParamsE	dense_gemm	35.46	0.10	[1, 33, 1]
129	void sglang::act_and_mul_kernel<__nv_bfloat16, (sglang::ActivationKind)2, true, false, false, false>(sglang::ActivationParams)	elementwise_copy	1.47	0.22	[7, 1, 1]
130	void sglang::per_token_quant_fp8_cta_kernel<__nv_bfloat16, 8>(__nv_bfloat16 const*, __nv_fp8_e4m3*, float*, unsigned int)	act_quant	1.47	0.10	[12, 1, 1]
131	_ZN7cutlass13device_kernelINS_4gemm6kernel13GemmUniversalIN4cute5tupleIJiiiiEEENS1_10collective13CollectiveMmaINS1_31MainloopSm120TmaWarpSpecializedILi2ELi2ENS5_IJNS4_1CILi1EEESB_SB_EEENS1_40KernelTmaWarpSpecializedCooperativeSm120ILi2EEEEENS5_IJNSA_ILi128EEESG_SG_EEENS_12float_e4m3_tENS5_IJlSB_lEEESI_SJ_NS4_8TiledMMAINS4_8MMA_AtomIJNS4_16SM120_16x8x32_TNISI_SI_fEEEEENS4_6LayoutINS5_IJNSA_ILi4EEENSA_ILi2EEESB_EEENS5_IJSB_SQ_NSA_ILi0EEEEEEEENS5_IJSG_NSA_ILi32EEESW_EEEEENS4_13SM90_TMA_LOADENS4_14ComposedLayoutINS4_7SwizzleILi3ELi4ELi3EEENS4_18smem_ptr_flag_bitsILi8EEENSP_INS5_IJNSA_ILi8EEESG_EEENS5_IJSG_SB_EEEEEEENS4_9Copy_AtomIJNS4_17SM75_U32x4_LDSM_NEhEEENS4_8identityESZ_S19_S1C_S1D_EENS_8epilogue10collective18CollectiveEpilogueINS1F_22Sm90TmaWarpSpecializedILi2ELi2ELi4ELb0ELb1EEEJSH_NS5_IJNSA_ILi64EEESW_EEEvSJ_NS_10bfloat16_tESJ_NS1F_6fusion15Sm90TreeVisitorINS1N_11Sm90ComputeINS_10multipliesES1M_fLNS_15FloatRoundStyleE2EvEEJNS1N_16Sm90ColBroadcastILi0ESH_ffNS5_IJSB_ST_ST_EEELi4ELb1EEENS1O_INS1P_IS1Q_ffLS1R_2EvEEJNS1N_16Sm90RowBroadcastILi0ESH_ffNS5_IJST_SB_ST_EEELi4ELb1EEENS1N_12Sm90AccFetchEEEEEEESZ_NS10_INS11_ILi2ELi4ELi3EEENS13_ILi16EEENSP_INS5_IJS15_SW_EEENS5_IJSW_SB_EEEEEEENS4_17SM75_U32x2_LDSM_NENS4_14SM90_TMA_STOREES28_NS4_17SM90_U32x2_STSM_NENS1A_IJS2B_NS_6half_tEEEEvEEEvvEEEEvNT_6ParamsE	dense_gemm	28.16	0.10	[1, 22, 1]
132	kernel_cutlass_kernel_flashinfernormkernelsrmsnormRMSNormKernel_object_at__tensorptrbf16gmemalign128oi64281628161_tensorptrbf16gmemalign16o28161_tensorptrbf16gmemalign128oi64281628161___T_0	norm_rope_kv	2.34	0.22	[3, 1, 1]
133	void cutlass::Kernel2<cutlass_80_wmma_tensorop_bf16_s161616gemm_bf16_16x16_128x2_tn_align8>(cutlass_80_wmma_tensorop_bf16_s161616gemm_bf16_16x16_128x2_tn_align8::Params)	dense_gemm	3.33	0.10	[8, 1, 9]
134	void cublasLt::splitKreduce_kernel<32, 16, int, __nv_bfloat16, __nv_bfloat16, float, __nv_bfloat16, false, __nv_bfloat16, __nv_bfloat16, __nv_bfloat16, true, false, false, false>(cublasLt::cublasSplitKParams<float>, __nv_bfloat16 const*, __nv_bfloat16 const*, __nv_bfloat16*, __nv_bfloat16*, float const*, float const*, __nv_bfloat16 const*, __nv_bfloat16 const*, __nv_bfloat16*, void*, long, float*, int*, float*, float*, float const*, float const*, float const*, float const*, float const*)	dense_gemm	1.31	0.13	[4, 1, 1]
135	kernel_cutlass_kernel_flashinfernormkernelsrmsnormRMSNormKernel_object_at__tensorptrbf16gmemalign128oi64281628161_tensorptrbf16gmemalign16o28161_tensorptrbf16gmemalign128oi64281628161___T_0	norm_rope_kv	2.50	-0.38	[3, 1, 1]
136	_gemma4_routing_kernel	moe_route	1.60	0.10	[12, 1, 1]
137	void moe_align_block_size_kernel<int>(int const*, int*, int*, int*, int, int, unsigned long, int*, bool, bool, int, int)	moe_route	2.14	0.10	[2, 1, 1]
138	void count_and_sort_expert_tokens_kernel<int>(int const*, int*, int*, unsigned long, bool)	moe_route	1.02	0.06	[1, 1, 1]
139	void sglang::per_token_quant_fp8_cta_kernel<__nv_bfloat16, 8>(__nv_bfloat16 const*, __nv_fp8_e4m3*, float*, unsigned int)	act_quant	1.66	0.10	[12, 1, 1]
140	fused_moe_kernel	moe_gemm	122.59	-0.19	[4224, 1, 1]
141	void sglang::act_and_mul_kernel<__nv_bfloat16, (sglang::ActivationKind)1, true, false, false, false>(sglang::ActivationParams)	elementwise_copy	47.17	-45.70	[17, 1, 1]
142	void sglang::per_token_quant_fp8_cta_kernel<__nv_bfloat16, 8>(__nv_bfloat16 const*, __nv_fp8_e4m3*, float*, unsigned int)	act_quant	1.38	0.10	[96, 1, 1]
143	fused_moe_kernel	moe_gemm	61.86	-0.19	[8448, 1, 1]
144	_moe_sum_reduce_kernel	moe_route	4.90	-3.78	[12, 2, 1]
145	_gemma_dual_rmsnorm_residual_kernel	norm_rope_kv	2.40	0.06	[12, 1, 1]
146	kernel_cutlass_kernel_flashinfernormkernelsrmsnormRMSNormKernel_object_at__tensorptrbf16gmemalign128oi64281628161_tensorptrbf16gmemalign16o28161_tensorptrbf16gmemalign128oi64281628161___T_0	norm_rope_kv	2.37	0.22	[3, 1, 1]
147	void sglang::per_token_quant_fp8_cta_kernel<__nv_bfloat16, 8>(__nv_bfloat16 const*, __nv_fp8_e4m3*, float*, unsigned int)	act_quant	1.50	0.10	[12, 1, 1]
148	_ZN7cutlass13device_kernelINS_4gemm6kernel13GemmUniversalIN4cute5tupleIJiiiiEEENS1_10collective13CollectiveMmaINS1_31MainloopSm120TmaWarpSpecializedILi2ELi2ENS5_IJNS4_1CILi1EEESB_SB_EEENS1_40KernelTmaWarpSpecializedCooperativeSm120ILi2EEEEENS5_IJNSA_ILi128EEESG_SG_EEENS_12float_e4m3_tENS5_IJlSB_lEEESI_SJ_NS4_8TiledMMAINS4_8MMA_AtomIJNS4_16SM120_16x8x32_TNISI_SI_fEEEEENS4_6LayoutINS5_IJNSA_ILi4EEENSA_ILi2EEESB_EEENS5_IJSB_SQ_NSA_ILi0EEEEEEEENS5_IJSG_NSA_ILi32EEESW_EEEEENS4_13SM90_TMA_LOADENS4_14ComposedLayoutINS4_7SwizzleILi3ELi4ELi3EEENS4_18smem_ptr_flag_bitsILi8EEENSP_INS5_IJNSA_ILi8EEESG_EEENS5_IJSG_SB_EEEEEEENS4_9Copy_AtomIJNS4_17SM75_U32x4_LDSM_NEhEEENS4_8identityESZ_S19_S1C_S1D_EENS_8epilogue10collective18CollectiveEpilogueINS1F_22Sm90TmaWarpSpecializedILi2ELi2ELi4ELb0ELb1EEEJSH_NS5_IJNSA_ILi64EEESW_EEEvSJ_NS_10bfloat16_tESJ_NS1F_6fusion15Sm90TreeVisitorINS1N_11Sm90ComputeINS_10multipliesES1M_fLNS_15FloatRoundStyleE2EvEEJNS1N_16Sm90ColBroadcastILi0ESH_ffNS5_IJSB_ST_ST_EEELi4ELb1EEENS1O_INS1P_IS1Q_ffLS1R_2EvEEJNS1N_16Sm90RowBroadcastILi0ESH_ffNS5_IJST_SB_ST_EEELi4ELb1EEENS1N_12Sm90AccFetchEEEEEEESZ_NS10_INS11_ILi2ELi4ELi3EEENS13_ILi16EEENSP_INS5_IJS15_SW_EEENS5_IJSW_SB_EEEEEEENS4_17SM75_U32x2_LDSM_NENS4_14SM90_TMA_STOREES28_NS4_17SM90_U32x2_STSM_NENS1A_IJS2B_NS_6half_tEEEEvEEEvvEEEEvNT_6ParamsE	dense_gemm	36.13	0.06	[1, 64, 1]
149	_gemma_qkv_rmsnorm_kernel	norm_rope_kv	1.76	0.10	[12, 32, 1]
150	void sglang::fused_rope_kernel<true, 256l, true, __nv_bfloat16, __nv_bfloat16, long, 32u>(sglang::FusedRopeParams)	norm_rope_kv	1.41	0.22	[72, 1, 1]
151	void at::native::elementwise_kernel<128, 4, at::native::gpu_kernel_impl_nocast<at::native::BUnaryFunctor<c10::BFloat16, c10::BFloat16, c10::BFloat16, at::native::binary_internal::MulFunctor<float> > >(at::TensorIteratorBase&, at::native::BUnaryFunctor<c10::BFloat16, c10::BFloat16, c10::BFloat16, at::native::binary_internal::MulFunctor<float> > const&)::{lambda(int)#1}>(int, at::native::gpu_kernel_impl_nocast<at::native::BUnaryFunctor<c10::BFloat16, c10::BFloat16, c10::BFloat16, at::native::binary_internal::MulFunctor<float> > >(at::TensorIteratorBase&, at::native::BUnaryFunctor<c10::BFloat16, c10::BFloat16, c10::BFloat16, at::native::binary_internal::MulFunctor<float> > const&)::{lambda(int)#1})	elementwise_copy	1.70	0.10	[48, 1, 1]
152	void at::native::elementwise_kernel<128, 4, at::native::gpu_kernel_impl_nocast<at::native::BUnaryFunctor<c10::BFloat16, c10::BFloat16, c10::BFloat16, at::native::binary_internal::MulFunctor<float> > >(at::TensorIteratorBase&, at::native::BUnaryFunctor<c10::BFloat16, c10::BFloat16, c10::BFloat16, at::native::binary_internal::MulFunctor<float> > const&)::{lambda(int)#1}>(int, at::native::gpu_kernel_impl_nocast<at::native::BUnaryFunctor<c10::BFloat16, c10::BFloat16, c10::BFloat16, at::native::binary_internal::MulFunctor<float> > >(at::TensorIteratorBase&, at::native::BUnaryFunctor<c10::BFloat16, c10::BFloat16, c10::BFloat16, at::native::binary_internal::MulFunctor<float> > const&)::{lambda(int)#1})	elementwise_copy	1.47	0.10	[48, 1, 1]
153	void at::native::elementwise_kernel<128, 4, at::native::gpu_kernel_impl_nocast<at::native::ConvertToFloat8E4M3fnOp<c10::BFloat16> >(at::TensorIteratorBase&, at::native::ConvertToFloat8E4M3fnOp<c10::BFloat16> const&)::{lambda(int)#1}>(int, at::native::gpu_kernel_impl_nocast<at::native::ConvertToFloat8E4M3fnOp<c10::BFloat16> >(at::TensorIteratorBase&, at::native::ConvertToFloat8E4M3fnOp<c10::BFloat16> const&)::{lambda(int)#1})	elementwise_copy	1.67	0.09	[48, 1, 1]
154	void at::native::elementwise_kernel<128, 4, at::native::gpu_kernel_impl_nocast<at::native::ConvertToFloat8E4M3fnOp<c10::BFloat16> >(at::TensorIteratorBase&, at::native::ConvertToFloat8E4M3fnOp<c10::BFloat16> const&)::{lambda(int)#1}>(int, at::native::gpu_kernel_impl_nocast<at::native::ConvertToFloat8E4M3fnOp<c10::BFloat16> >(at::TensorIteratorBase&, at::native::ConvertToFloat8E4M3fnOp<c10::BFloat16> const&)::{lambda(int)#1})	elementwise_copy	1.60	0.10	[48, 1, 1]
155	void sglang::store_kvcache_kernel<2048l, 2048l, 128u, true, long>(sglang::StoreKVCacheParams)	norm_rope_kv	1.02	0.19	[48, 1, 1]
156	_fwd_grouped_kernel_stage1	attention	39.52	0.13	[12, 8, 8]
157	_fwd_kernel_stage2	attention	2.24	0.19	[12, 16, 1]
158	void sglang::per_token_quant_fp8_cta_kernel<__nv_bfloat16, 8>(__nv_bfloat16 const*, __nv_fp8_e4m3*, float*, unsigned int)	act_quant	1.57	0.10	[12, 1, 1]
159	_ZN7cutlass13device_kernelINS_4gemm6kernel13GemmUniversalIN4cute5tupleIJiiiiEEENS1_10collective13CollectiveMmaINS1_31MainloopSm120TmaWarpSpecializedILi2ELi2ENS5_IJNS4_1CILi1EEESB_SB_EEENS1_40KernelTmaWarpSpecializedCooperativeSm120ILi2EEEEENS5_IJNSA_ILi128EEESG_SG_EEENS_12float_e4m3_tENS5_IJlSB_lEEESI_SJ_NS4_8TiledMMAINS4_8MMA_AtomIJNS4_16SM120_16x8x32_TNISI_SI_fEEEEENS4_6LayoutINS5_IJNSA_ILi4EEENSA_ILi2EEESB_EEENS5_IJSB_SQ_NSA_ILi0EEEEEEEENS5_IJSG_NSA_ILi32EEESW_EEEEENS4_13SM90_TMA_LOADENS4_14ComposedLayoutINS4_7SwizzleILi3ELi4ELi3EEENS4_18smem_ptr_flag_bitsILi8EEENSP_INS5_IJNSA_ILi8EEESG_EEENS5_IJSG_SB_EEEEEEENS4_9Copy_AtomIJNS4_17SM75_U32x4_LDSM_NEhEEENS4_8identityESZ_S19_S1C_S1D_EENS_8epilogue10collective18CollectiveEpilogueINS1F_22Sm90TmaWarpSpecializedILi2ELi2ELi4ELb0ELb1EEEJSH_NS5_IJNSA_ILi64EEESW_EEEvSJ_NS_10bfloat16_tESJ_NS1F_6fusion15Sm90TreeVisitorINS1N_11Sm90ComputeINS_10multipliesES1M_fLNS_15FloatRoundStyleE2EvEEJNS1N_16Sm90ColBroadcastILi0ESH_ffNS5_IJSB_ST_ST_EEELi4ELb1EEENS1O_INS1P_IS1Q_ffLS1R_2EvEEJNS1N_16Sm90RowBroadcastILi0ESH_ffNS5_IJST_SB_ST_EEELi4ELb1EEENS1N_12Sm90AccFetchEEEEEEESZ_NS10_INS11_ILi2ELi4ELi3EEENS13_ILi16EEENSP_INS5_IJS15_SW_EEENS5_IJSW_SB_EEEEEEENS4_17SM75_U32x2_LDSM_NENS4_14SM90_TMA_STOREES28_NS4_17SM90_U32x2_STSM_NENS1A_IJS2B_NS_6half_tEEEEvEEEvvEEEEvNT_6ParamsE	dense_gemm	49.76	0.10	[1, 22, 1]
160	kernel_cutlass_kernel_flashinfernormkernelsrmsnormRMSNormKernel_object_at__tensorptrbf16gmemalign128oi64281628161_tensorptrbf16gmemalign16o28161_tensorptrbf16gmemalign128oi64281628161___T_0	norm_rope_kv	2.66	-0.19	[3, 1, 1]
161	kernel_cutlass_kernel_flashinfernormkernelsfused_add_rmsnormFusedAddRMSNormKernel_object_at__tensorptrbf16gmemalign128oi64281628161_tensorptrbf16gmemalign128oi64281628161_tensorptrbf16gme_0	norm_rope_kv	2.46	-0.19	[3, 1, 1]
162	void sglang::per_token_quant_fp8_cta_kernel<__nv_bfloat16, 8>(__nv_bfloat16 const*, __nv_fp8_e4m3*, float*, unsigned int)	act_quant	1.50	0.10	[12, 1, 1]
163	_ZN7cutlass13device_kernelINS_4gemm6kernel13GemmUniversalIN4cute5tupleIJiiiiEEENS1_10collective13CollectiveMmaINS1_31MainloopSm120TmaWarpSpecializedILi2ELi2ENS5_IJNS4_1CILi1EEESB_SB_EEENS1_40KernelTmaWarpSpecializedCooperativeSm120ILi2EEEEENS5_IJNSA_ILi128EEESG_SG_EEENS_12float_e4m3_tENS5_IJlSB_lEEESI_SJ_NS4_8TiledMMAINS4_8MMA_AtomIJNS4_16SM120_16x8x32_TNISI_SI_fEEEEENS4_6LayoutINS5_IJNSA_ILi4EEENSA_ILi2EEESB_EEENS5_IJSB_SQ_NSA_ILi0EEEEEEEENS5_IJSG_NSA_ILi32EEESW_EEEEENS4_13SM90_TMA_LOADENS4_14ComposedLayoutINS4_7SwizzleILi3ELi4ELi3EEENS4_18smem_ptr_flag_bitsILi8EEENSP_INS5_IJNSA_ILi8EEESG_EEENS5_IJSG_SB_EEEEEEENS4_9Copy_AtomIJNS4_17SM75_U32x4_LDSM_NEhEEENS4_8identityESZ_S19_S1C_S1D_EENS_8epilogue10collective18CollectiveEpilogueINS1F_22Sm90TmaWarpSpecializedILi2ELi2ELi4ELb0ELb1EEEJSH_NS5_IJNSA_ILi64EEESW_EEEvSJ_NS_10bfloat16_tESJ_NS1F_6fusion15Sm90TreeVisitorINS1N_11Sm90ComputeINS_10multipliesES1M_fLNS_15FloatRoundStyleE2EvEEJNS1N_16Sm90ColBroadcastILi0ESH_ffNS5_IJSB_ST_ST_EEELi4ELb1EEENS1O_INS1P_IS1Q_ffLS1R_2EvEEJNS1N_16Sm90RowBroadcastILi0ESH_ffNS5_IJST_SB_ST_EEELi4ELb1EEENS1N_12Sm90AccFetchEEEEEEESZ_NS10_INS11_ILi2ELi4ELi3EEENS13_ILi16EEENSP_INS5_IJS15_SW_EEENS5_IJSW_SB_EEEEEEENS4_17SM75_U32x2_LDSM_NENS4_14SM90_TMA_STOREES28_NS4_17SM90_U32x2_STSM_NENS1A_IJS2B_NS_6half_tEEEEvEEEvvEEEEvNT_6ParamsE	dense_gemm	35.62	0.10	[1, 33, 1]
164	void sglang::act_and_mul_kernel<__nv_bfloat16, (sglang::ActivationKind)2, true, false, false, false>(sglang::ActivationParams)	elementwise_copy	1.47	0.19	[7, 1, 1]
165	void sglang::per_token_quant_fp8_cta_kernel<__nv_bfloat16, 8>(__nv_bfloat16 const*, __nv_fp8_e4m3*, float*, unsigned int)	act_quant	1.47	0.10	[12, 1, 1]
166	_ZN7cutlass13device_kernelINS_4gemm6kernel13GemmUniversalIN4cute5tupleIJiiiiEEENS1_10collective13CollectiveMmaINS1_31MainloopSm120TmaWarpSpecializedILi2ELi2ENS5_IJNS4_1CILi1EEESB_SB_EEENS1_40KernelTmaWarpSpecializedCooperativeSm120ILi2EEEEENS5_IJNSA_ILi128EEESG_SG_EEENS_12float_e4m3_tENS5_IJlSB_lEEESI_SJ_NS4_8TiledMMAINS4_8MMA_AtomIJNS4_16SM120_16x8x32_TNISI_SI_fEEEEENS4_6LayoutINS5_IJNSA_ILi4EEENSA_ILi2EEESB_EEENS5_IJSB_SQ_NSA_ILi0EEEEEEEENS5_IJSG_NSA_ILi32EEESW_EEEEENS4_13SM90_TMA_LOADENS4_14ComposedLayoutINS4_7SwizzleILi3ELi4ELi3EEENS4_18smem_ptr_flag_bitsILi8EEENSP_INS5_IJNSA_ILi8EEESG_EEENS5_IJSG_SB_EEEEEEENS4_9Copy_AtomIJNS4_17SM75_U32x4_LDSM_NEhEEENS4_8identityESZ_S19_S1C_S1D_EENS_8epilogue10collective18CollectiveEpilogueINS1F_22Sm90TmaWarpSpecializedILi2ELi2ELi4ELb0ELb1EEEJSH_NS5_IJNSA_ILi64EEESW_EEEvSJ_NS_10bfloat16_tESJ_NS1F_6fusion15Sm90TreeVisitorINS1N_11Sm90ComputeINS_10multipliesES1M_fLNS_15FloatRoundStyleE2EvEEJNS1N_16Sm90ColBroadcastILi0ESH_ffNS5_IJSB_ST_ST_EEELi4ELb1EEENS1O_INS1P_IS1Q_ffLS1R_2EvEEJNS1N_16Sm90RowBroadcastILi0ESH_ffNS5_IJST_SB_ST_EEELi4ELb1EEENS1N_12Sm90AccFetchEEEEEEESZ_NS10_INS11_ILi2ELi4ELi3EEENS13_ILi16EEENSP_INS5_IJS15_SW_EEENS5_IJSW_SB_EEEEEEENS4_17SM75_U32x2_LDSM_NENS4_14SM90_TMA_STOREES28_NS4_17SM90_U32x2_STSM_NENS1A_IJS2B_NS_6half_tEEEEvEEEvvEEEEvNT_6ParamsE	dense_gemm	28.06	0.10	[1, 22, 1]
167	kernel_cutlass_kernel_flashinfernormkernelsrmsnormRMSNormKernel_object_at__tensorptrbf16gmemalign128oi64281628161_tensorptrbf16gmemalign16o28161_tensorptrbf16gmemalign128oi64281628161___T_0	norm_rope_kv	2.34	0.22	[3, 1, 1]
168	void cutlass::Kernel2<cutlass_80_wmma_tensorop_bf16_s161616gemm_bf16_16x16_128x2_tn_align8>(cutlass_80_wmma_tensorop_bf16_s161616gemm_bf16_16x16_128x2_tn_align8::Params)	dense_gemm	3.39	0.10	[8, 1, 9]
169	void cublasLt::splitKreduce_kernel<32, 16, int, __nv_bfloat16, __nv_bfloat16, float, __nv_bfloat16, false, __nv_bfloat16, __nv_bfloat16, __nv_bfloat16, true, false, false, false>(cublasLt::cublasSplitKParams<float>, __nv_bfloat16 const*, __nv_bfloat16 const*, __nv_bfloat16*, __nv_bfloat16*, float const*, float const*, __nv_bfloat16 const*, __nv_bfloat16 const*, __nv_bfloat16*, void*, long, float*, int*, float*, float*, float const*, float const*, float const*, float const*, float const*)	dense_gemm	1.31	0.10	[4, 1, 1]
170	kernel_cutlass_kernel_flashinfernormkernelsrmsnormRMSNormKernel_object_at__tensorptrbf16gmemalign128oi64281628161_tensorptrbf16gmemalign16o28161_tensorptrbf16gmemalign128oi64281628161___T_0	norm_rope_kv	2.43	-0.32	[3, 1, 1]
171	_gemma4_routing_kernel	moe_route	1.60	0.10	[12, 1, 1]
172	void moe_align_block_size_kernel<int>(int const*, int*, int*, int*, int, int, unsigned long, int*, bool, bool, int, int)	moe_route	2.05	0.10	[2, 1, 1]
173	void count_and_sort_expert_tokens_kernel<int>(int const*, int*, int*, unsigned long, bool)	moe_route	0.99	0.10	[1, 1, 1]
174	void sglang::per_token_quant_fp8_cta_kernel<__nv_bfloat16, 8>(__nv_bfloat16 const*, __nv_fp8_e4m3*, float*, unsigned int)	act_quant	1.76	0.10	[12, 1, 1]
175	fused_moe_kernel	moe_gemm	110.82	-0.29	[4224, 1, 1]
176	void sglang::act_and_mul_kernel<__nv_bfloat16, (sglang::ActivationKind)1, true, false, false, false>(sglang::ActivationParams)	elementwise_copy	38.24	-37.15	[17, 1, 1]
177	void sglang::per_token_quant_fp8_cta_kernel<__nv_bfloat16, 8>(__nv_bfloat16 const*, __nv_fp8_e4m3*, float*, unsigned int)	act_quant	1.38	0.10	[96, 1, 1]
178	fused_moe_kernel	moe_gemm	56.00	-0.19	[8448, 1, 1]
179	_moe_sum_reduce_kernel	moe_route	3.20	-2.34	[12, 2, 1]
180	_gemma_dual_rmsnorm_residual_kernel	norm_rope_kv	2.40	0.10	[12, 1, 1]
181	kernel_cutlass_kernel_flashinfernormkernelsrmsnormRMSNormKernel_object_at__tensorptrbf16gmemalign128oi64281628161_tensorptrbf16gmemalign16o28161_tensorptrbf16gmemalign128oi64281628161___T_0	norm_rope_kv	2.37	0.19	[3, 1, 1]
182	void sglang::per_token_quant_fp8_cta_kernel<__nv_bfloat16, 8>(__nv_bfloat16 const*, __nv_fp8_e4m3*, float*, unsigned int)	act_quant	1.50	0.10	[12, 1, 1]
183	_ZN7cutlass13device_kernelINS_4gemm6kernel13GemmUniversalIN4cute5tupleIJiiiiEEENS1_10collective13CollectiveMmaINS1_31MainloopSm120TmaWarpSpecializedILi2ELi2ENS5_IJNS4_1CILi1EEESB_SB_EEENS1_40KernelTmaWarpSpecializedCooperativeSm120ILi2EEEEENS5_IJNSA_ILi128EEESG_SG_EEENS_12float_e4m3_tENS5_IJlSB_lEEESI_SJ_NS4_8TiledMMAINS4_8MMA_AtomIJNS4_16SM120_16x8x32_TNISI_SI_fEEEEENS4_6LayoutINS5_IJNSA_ILi4EEENSA_ILi2EEESB_EEENS5_IJSB_SQ_NSA_ILi0EEEEEEEENS5_IJSG_NSA_ILi32EEESW_EEEEENS4_13SM90_TMA_LOADENS4_14ComposedLayoutINS4_7SwizzleILi3ELi4ELi3EEENS4_18smem_ptr_flag_bitsILi8EEENSP_INS5_IJNSA_ILi8EEESG_EEENS5_IJSG_SB_EEEEEEENS4_9Copy_AtomIJNS4_17SM75_U32x4_LDSM_NEhEEENS4_8identityESZ_S19_S1C_S1D_EENS_8epilogue10collective18CollectiveEpilogueINS1F_22Sm90TmaWarpSpecializedILi2ELi2ELi4ELb0ELb1EEEJSH_NS5_IJNSA_ILi64EEESW_EEEvSJ_NS_10bfloat16_tESJ_NS1F_6fusion15Sm90TreeVisitorINS1N_11Sm90ComputeINS_10multipliesES1M_fLNS_15FloatRoundStyleE2EvEEJNS1N_16Sm90ColBroadcastILi0ESH_ffNS5_IJSB_ST_ST_EEELi4ELb1EEENS1O_INS1P_IS1Q_ffLS1R_2EvEEJNS1N_16Sm90RowBroadcastILi0ESH_ffNS5_IJST_SB_ST_EEELi4ELb1EEENS1N_12Sm90AccFetchEEEEEEESZ_NS10_INS11_ILi2ELi4ELi3EEENS13_ILi16EEENSP_INS5_IJS15_SW_EEENS5_IJSW_SB_EEEEEEENS4_17SM75_U32x2_LDSM_NENS4_14SM90_TMA_STOREES28_NS4_17SM90_U32x2_STSM_NENS1A_IJS2B_NS_6half_tEEEEvEEEvvEEEEvNT_6ParamsE	dense_gemm	36.61	0.10	[1, 80, 1]
184	_gemma_qkv_rmsnorm_kernel	norm_rope_kv	1.82	0.10	[12, 20, 1]
185	void sglang::fused_rope_kernel<true, 512l, true, __nv_bfloat16, __nv_bfloat16, long, 64u>(sglang::FusedRopeParams)	norm_rope_kv	1.41	0.23	[108, 1, 1]
186	void at::native::elementwise_kernel<128, 4, at::native::gpu_kernel_impl_nocast<at::native::BUnaryFunctor<c10::BFloat16, c10::BFloat16, c10::BFloat16, at::native::binary_internal::MulFunctor<float> > >(at::TensorIteratorBase&, at::native::BUnaryFunctor<c10::BFloat16, c10::BFloat16, c10::BFloat16, at::native::binary_internal::MulFunctor<float> > const&)::{lambda(int)#1}>(int, at::native::gpu_kernel_impl_nocast<at::native::BUnaryFunctor<c10::BFloat16, c10::BFloat16, c10::BFloat16, at::native::binary_internal::MulFunctor<float> > >(at::TensorIteratorBase&, at::native::BUnaryFunctor<c10::BFloat16, c10::BFloat16, c10::BFloat16, at::native::binary_internal::MulFunctor<float> > const&)::{lambda(int)#1})	elementwise_copy	1.73	0.06	[24, 1, 1]
187	void at::native::elementwise_kernel<128, 4, at::native::gpu_kernel_impl_nocast<at::native::BUnaryFunctor<c10::BFloat16, c10::BFloat16, c10::BFloat16, at::native::binary_internal::MulFunctor<float> > >(at::TensorIteratorBase&, at::native::BUnaryFunctor<c10::BFloat16, c10::BFloat16, c10::BFloat16, at::native::binary_internal::MulFunctor<float> > const&)::{lambda(int)#1}>(int, at::native::gpu_kernel_impl_nocast<at::native::BUnaryFunctor<c10::BFloat16, c10::BFloat16, c10::BFloat16, at::native::binary_internal::MulFunctor<float> > >(at::TensorIteratorBase&, at::native::BUnaryFunctor<c10::BFloat16, c10::BFloat16, c10::BFloat16, at::native::binary_internal::MulFunctor<float> > const&)::{lambda(int)#1})	elementwise_copy	1.44	0.10	[24, 1, 1]
188	void at::native::elementwise_kernel<128, 4, at::native::gpu_kernel_impl_nocast<at::native::ConvertToFloat8E4M3fnOp<c10::BFloat16> >(at::TensorIteratorBase&, at::native::ConvertToFloat8E4M3fnOp<c10::BFloat16> const&)::{lambda(int)#1}>(int, at::native::gpu_kernel_impl_nocast<at::native::ConvertToFloat8E4M3fnOp<c10::BFloat16> >(at::TensorIteratorBase&, at::native::ConvertToFloat8E4M3fnOp<c10::BFloat16> const&)::{lambda(int)#1})	elementwise_copy	1.66	0.10	[24, 1, 1]
189	void at::native::elementwise_kernel<128, 4, at::native::gpu_kernel_impl_nocast<at::native::ConvertToFloat8E4M3fnOp<c10::BFloat16> >(at::TensorIteratorBase&, at::native::ConvertToFloat8E4M3fnOp<c10::BFloat16> const&)::{lambda(int)#1}>(int, at::native::gpu_kernel_impl_nocast<at::native::ConvertToFloat8E4M3fnOp<c10::BFloat16> >(at::TensorIteratorBase&, at::native::ConvertToFloat8E4M3fnOp<c10::BFloat16> const&)::{lambda(int)#1})	elementwise_copy	1.57	0.13	[24, 1, 1]
190	void sglang::store_kvcache_kernel<1024l, 1024l, 64u, true, long>(sglang::StoreKVCacheParams)	norm_rope_kv	1.19	0.22	[24, 1, 1]
191	_fwd_grouped_kernel_stage1	attention	122.40	0.06	[12, 2, 8]
192	_fwd_kernel_stage2	attention	2.62	0.10	[12, 16, 1]
193	void sglang::per_token_quant_fp8_cta_kernel<__nv_bfloat16, 8>(__nv_bfloat16 const*, __nv_fp8_e4m3*, float*, unsigned int)	act_quant	1.86	0.10	[12, 1, 1]
194	_ZN7cutlass13device_kernelINS_4gemm6kernel13GemmUniversalIN4cute5tupleIJiiiiEEENS1_10collective13CollectiveMmaINS1_31MainloopSm120TmaWarpSpecializedILi2ELi2ENS5_IJNS4_1CILi1EEESB_SB_EEENS1_40KernelTmaWarpSpecializedCooperativeSm120ILi2EEEEENS5_IJNSA_ILi128EEESG_SG_EEENS_12float_e4m3_tENS5_IJlSB_lEEESI_SJ_NS4_8TiledMMAINS4_8MMA_AtomIJNS4_16SM120_16x8x32_TNISI_SI_fEEEEENS4_6LayoutINS5_IJNSA_ILi4EEENSA_ILi2EEESB_EEENS5_IJSB_SQ_NSA_ILi0EEEEEEEENS5_IJSG_NSA_ILi32EEESW_EEEEENS4_13SM90_TMA_LOADENS4_14ComposedLayoutINS4_7SwizzleILi3ELi4ELi3EEENS4_18smem_ptr_flag_bitsILi8EEENSP_INS5_IJNSA_ILi8EEESG_EEENS5_IJSG_SB_EEEEEEENS4_9Copy_AtomIJNS4_17SM75_U32x4_LDSM_NEhEEENS4_8identityESZ_S19_S1C_S1D_EENS_8epilogue10collective18CollectiveEpilogueINS1F_22Sm90TmaWarpSpecializedILi2ELi2ELi4ELb0ELb1EEEJSH_NS5_IJNSA_ILi64EEESW_EEEvSJ_NS_10bfloat16_tESJ_NS1F_6fusion15Sm90TreeVisitorINS1N_11Sm90ComputeINS_10multipliesES1M_fLNS_15FloatRoundStyleE2EvEEJNS1N_16Sm90ColBroadcastILi0ESH_ffNS5_IJSB_ST_ST_EEELi4ELb1EEENS1O_INS1P_IS1Q_ffLS1R_2EvEEJNS1N_16Sm90RowBroadcastILi0ESH_ffNS5_IJST_SB_ST_EEELi4ELb1EEENS1N_12Sm90AccFetchEEEEEEESZ_NS10_INS11_ILi2ELi4ELi3EEENS13_ILi16EEENSP_INS5_IJS15_SW_EEENS5_IJSW_SB_EEEEEEENS4_17SM75_U32x2_LDSM_NENS4_14SM90_TMA_STOREES28_NS4_17SM90_U32x2_STSM_NENS1A_IJS2B_NS_6half_tEEEEvEEEvvEEEEvNT_6ParamsE	dense_gemm	95.87	0.10	[1, 22, 1]
195	kernel_cutlass_kernel_flashinfernormkernelsrmsnormRMSNormKernel_object_at__tensorptrbf16gmemalign128oi64281628161_tensorptrbf16gmemalign16o28161_tensorptrbf16gmemalign128oi64281628161___T_0	norm_rope_kv	2.69	-0.19	[3, 1, 1]
196	kernel_cutlass_kernel_flashinfernormkernelsfused_add_rmsnormFusedAddRMSNormKernel_object_at__tensorptrbf16gmemalign128oi64281628161_tensorptrbf16gmemalign128oi64281628161_tensorptrbf16gme_0	norm_rope_kv	2.56	-0.19	[3, 1, 1]
197	void sglang::per_token_quant_fp8_cta_kernel<__nv_bfloat16, 8>(__nv_bfloat16 const*, __nv_fp8_e4m3*, float*, unsigned int)	act_quant	1.60	0.10	[12, 1, 1]
198	_ZN7cutlass13device_kernelINS_4gemm6kernel13GemmUniversalIN4cute5tupleIJiiiiEEENS1_10collective13CollectiveMmaINS1_31MainloopSm120TmaWarpSpecializedILi2ELi2ENS5_IJNS4_1CILi1EEESB_SB_EEENS1_40KernelTmaWarpSpecializedCooperativeSm120ILi2EEEEENS5_IJNSA_ILi128EEESG_SG_EEENS_12float_e4m3_tENS5_IJlSB_lEEESI_SJ_NS4_8TiledMMAINS4_8MMA_AtomIJNS4_16SM120_16x8x32_TNISI_SI_fEEEEENS4_6LayoutINS5_IJNSA_ILi4EEENSA_ILi2EEESB_EEENS5_IJSB_SQ_NSA_ILi0EEEEEEEENS5_IJSG_NSA_ILi32EEESW_EEEEENS4_13SM90_TMA_LOADENS4_14ComposedLayoutINS4_7SwizzleILi3ELi4ELi3EEENS4_18smem_ptr_flag_bitsILi8EEENSP_INS5_IJNSA_ILi8EEESG_EEENS5_IJSG_SB_EEEEEEENS4_9Copy_AtomIJNS4_17SM75_U32x4_LDSM_NEhEEENS4_8identityESZ_S19_S1C_S1D_EENS_8epilogue10collective18CollectiveEpilogueINS1F_22Sm90TmaWarpSpecializedILi2ELi2ELi4ELb0ELb1EEEJSH_NS5_IJNSA_ILi64EEESW_EEEvSJ_NS_10bfloat16_tESJ_NS1F_6fusion15Sm90TreeVisitorINS1N_11Sm90ComputeINS_10multipliesES1M_fLNS_15FloatRoundStyleE2EvEEJNS1N_16Sm90ColBroadcastILi0ESH_ffNS5_IJSB_ST_ST_EEELi4ELb1EEENS1O_INS1P_IS1Q_ffLS1R_2EvEEJNS1N_16Sm90RowBroadcastILi0ESH_ffNS5_IJST_SB_ST_EEELi4ELb1EEENS1N_12Sm90AccFetchEEEEEEESZ_NS10_INS11_ILi2ELi4ELi3EEENS13_ILi16EEENSP_INS5_IJS15_SW_EEENS5_IJSW_SB_EEEEEEENS4_17SM75_U32x2_LDSM_NENS4_14SM90_TMA_STOREES28_NS4_17SM90_U32x2_STSM_NENS1A_IJS2B_NS_6half_tEEEEvEEEvvEEEEvNT_6ParamsE	dense_gemm	35.33	0.10	[1, 33, 1]
199	void sglang::act_and_mul_kernel<__nv_bfloat16, (sglang::ActivationKind)2, true, false, false, false>(sglang::ActivationParams)	elementwise_copy	1.47	0.22	[7, 1, 1]
200	void sglang::per_token_quant_fp8_cta_kernel<__nv_bfloat16, 8>(__nv_bfloat16 const*, __nv_fp8_e4m3*, float*, unsigned int)	act_quant	1.50	0.10	[12, 1, 1]
201	_ZN7cutlass13device_kernelINS_4gemm6kernel13GemmUniversalIN4cute5tupleIJiiiiEEENS1_10collective13CollectiveMmaINS1_31MainloopSm120TmaWarpSpecializedILi2ELi2ENS5_IJNS4_1CILi1EEESB_SB_EEENS1_40KernelTmaWarpSpecializedCooperativeSm120ILi2EEEEENS5_IJNSA_ILi128EEESG_SG_EEENS_12float_e4m3_tENS5_IJlSB_lEEESI_SJ_NS4_8TiledMMAINS4_8MMA_AtomIJNS4_16SM120_16x8x32_TNISI_SI_fEEEEENS4_6LayoutINS5_IJNSA_ILi4EEENSA_ILi2EEESB_EEENS5_IJSB_SQ_NSA_ILi0EEEEEEEENS5_IJSG_NSA_ILi32EEESW_EEEEENS4_13SM90_TMA_LOADENS4_14ComposedLayoutINS4_7SwizzleILi3ELi4ELi3EEENS4_18smem_ptr_flag_bitsILi8EEENSP_INS5_IJNSA_ILi8EEESG_EEENS5_IJSG_SB_EEEEEEENS4_9Copy_AtomIJNS4_17SM75_U32x4_LDSM_NEhEEENS4_8identityESZ_S19_S1C_S1D_EENS_8epilogue10collective18CollectiveEpilogueINS1F_22Sm90TmaWarpSpecializedILi2ELi2ELi4ELb0ELb1EEEJSH_NS5_IJNSA_ILi64EEESW_EEEvSJ_NS_10bfloat16_tESJ_NS1F_6fusion15Sm90TreeVisitorINS1N_11Sm90ComputeINS_10multipliesES1M_fLNS_15FloatRoundStyleE2EvEEJNS1N_16Sm90ColBroadcastILi0ESH_ffNS5_IJSB_ST_ST_EEELi4ELb1EEENS1O_INS1P_IS1Q_ffLS1R_2EvEEJNS1N_16Sm90RowBroadcastILi0ESH_ffNS5_IJST_SB_ST_EEELi4ELb1EEENS1N_12Sm90AccFetchEEEEEEESZ_NS10_INS11_ILi2ELi4ELi3EEENS13_ILi16EEENSP_INS5_IJS15_SW_EEENS5_IJSW_SB_EEEEEEENS4_17SM75_U32x2_LDSM_NENS4_14SM90_TMA_STOREES28_NS4_17SM90_U32x2_STSM_NENS1A_IJS2B_NS_6half_tEEEEvEEEvvEEEEvNT_6ParamsE	dense_gemm	28.10	0.06	[1, 22, 1]
202	kernel_cutlass_kernel_flashinfernormkernelsrmsnormRMSNormKernel_object_at__tensorptrbf16gmemalign128oi64281628161_tensorptrbf16gmemalign16o28161_tensorptrbf16gmemalign128oi64281628161___T_0	norm_rope_kv	2.37	0.22	[3, 1, 1]
203	void cutlass::Kernel2<cutlass_80_wmma_tensorop_bf16_s161616gemm_bf16_16x16_128x2_tn_align8>(cutlass_80_wmma_tensorop_bf16_s161616gemm_bf16_16x16_128x2_tn_align8::Params)	dense_gemm	3.36	0.06	[8, 1, 9]
204	void cublasLt::splitKreduce_kernel<32, 16, int, __nv_bfloat16, __nv_bfloat16, float, __nv_bfloat16, false, __nv_bfloat16, __nv_bfloat16, __nv_bfloat16, true, false, false, false>(cublasLt::cublasSplitKParams<float>, __nv_bfloat16 const*, __nv_bfloat16 const*, __nv_bfloat16*, __nv_bfloat16*, float const*, float const*, __nv_bfloat16 const*, __nv_bfloat16 const*, __nv_bfloat16*, void*, long, float*, int*, float*, float*, float const*, float const*, float const*, float const*, float const*)	dense_gemm	1.31	0.10	[4, 1, 1]
205	kernel_cutlass_kernel_flashinfernormkernelsrmsnormRMSNormKernel_object_at__tensorptrbf16gmemalign128oi64281628161_tensorptrbf16gmemalign16o28161_tensorptrbf16gmemalign128oi64281628161___T_0	norm_rope_kv	2.50	-0.38	[3, 1, 1]
206	_gemma4_routing_kernel	moe_route	1.66	0.13	[12, 1, 1]
207	void moe_align_block_size_kernel<int>(int const*, int*, int*, int*, int, int, unsigned long, int*, bool, bool, int, int)	moe_route	2.05	0.10	[2, 1, 1]
208	void count_and_sort_expert_tokens_kernel<int>(int const*, int*, int*, unsigned long, bool)	moe_route	0.99	0.10	[1, 1, 1]
209	void sglang::per_token_quant_fp8_cta_kernel<__nv_bfloat16, 8>(__nv_bfloat16 const*, __nv_fp8_e4m3*, float*, unsigned int)	act_quant	1.66	0.10	[12, 1, 1]
210	fused_moe_kernel	moe_gemm	132.35	-0.19	[4224, 1, 1]
211	void sglang::act_and_mul_kernel<__nv_bfloat16, (sglang::ActivationKind)1, true, false, false, false>(sglang::ActivationParams)	elementwise_copy	12.93	-11.55	[17, 1, 1]
212	void sglang::per_token_quant_fp8_cta_kernel<__nv_bfloat16, 8>(__nv_bfloat16 const*, __nv_fp8_e4m3*, float*, unsigned int)	act_quant	1.38	0.10	[96, 1, 1]
213	fused_moe_kernel	moe_gemm	66.78	-0.19	[8448, 1, 1]
214	_moe_sum_reduce_kernel	moe_route	4.03	-3.07	[12, 2, 1]
215	_gemma_dual_rmsnorm_residual_kernel	norm_rope_kv	2.50	0.10	[12, 1, 1]
216	kernel_cutlass_kernel_flashinfernormkernelsrmsnormRMSNormKernel_object_at__tensorptrbf16gmemalign128oi64281628161_tensorptrbf16gmemalign16o28161_tensorptrbf16gmemalign128oi64281628161___T_0	norm_rope_kv	2.40	0.19	[3, 1, 1]
217	void sglang::per_token_quant_fp8_cta_kernel<__nv_bfloat16, 8>(__nv_bfloat16 const*, __nv_fp8_e4m3*, float*, unsigned int)	act_quant	1.50	0.10	[12, 1, 1]
218	_ZN7cutlass13device_kernelINS_4gemm6kernel13GemmUniversalIN4cute5tupleIJiiiiEEENS1_10collective13CollectiveMmaINS1_31MainloopSm120TmaWarpSpecializedILi2ELi2ENS5_IJNS4_1CILi1EEESB_SB_EEENS1_40KernelTmaWarpSpecializedCooperativeSm120ILi2EEEEENS5_IJNSA_ILi128EEESG_SG_EEENS_12float_e4m3_tENS5_IJlSB_lEEESI_SJ_NS4_8TiledMMAINS4_8MMA_AtomIJNS4_16SM120_16x8x32_TNISI_SI_fEEEEENS4_6LayoutINS5_IJNSA_ILi4EEENSA_ILi2EEESB_EEENS5_IJSB_SQ_NSA_ILi0EEEEEEEENS5_IJSG_NSA_ILi32EEESW_EEEEENS4_13SM90_TMA_LOADENS4_14ComposedLayoutINS4_7SwizzleILi3ELi4ELi3EEENS4_18smem_ptr_flag_bitsILi8EEENSP_INS5_IJNSA_ILi8EEESG_EEENS5_IJSG_SB_EEEEEEENS4_9Copy_AtomIJNS4_17SM75_U32x4_LDSM_NEhEEENS4_8identityESZ_S19_S1C_S1D_EENS_8epilogue10collective18CollectiveEpilogueINS1F_22Sm90TmaWarpSpecializedILi2ELi2ELi4ELb0ELb1EEEJSH_NS5_IJNSA_ILi64EEESW_EEEvSJ_NS_10bfloat16_tESJ_NS1F_6fusion15Sm90TreeVisitorINS1N_11Sm90ComputeINS_10multipliesES1M_fLNS_15FloatRoundStyleE2EvEEJNS1N_16Sm90ColBroadcastILi0ESH_ffNS5_IJSB_ST_ST_EEELi4ELb1EEENS1O_INS1P_IS1Q_ffLS1R_2EvEEJNS1N_16Sm90RowBroadcastILi0ESH_ffNS5_IJST_SB_ST_EEELi4ELb1EEENS1N_12Sm90AccFetchEEEEEEESZ_NS10_INS11_ILi2ELi4ELi3EEENS13_ILi16EEENSP_INS5_IJS15_SW_EEENS5_IJSW_SB_EEEEEEENS4_17SM75_U32x2_LDSM_NENS4_14SM90_TMA_STOREES28_NS4_17SM90_U32x2_STSM_NENS1A_IJS2B_NS_6half_tEEEEvEEEvvEEEEvNT_6ParamsE	dense_gemm	35.97	0.10	[1, 64, 1]
219	_gemma_qkv_rmsnorm_kernel	norm_rope_kv	1.54	0.10	[12, 32, 1]
220	void sglang::fused_rope_kernel<true, 256l, true, __nv_bfloat16, __nv_bfloat16, long, 32u>(sglang::FusedRopeParams)	norm_rope_kv	1.54	0.22	[72, 1, 1]
221	void at::native::elementwise_kernel<128, 4, at::native::gpu_kernel_impl_nocast<at::native::BUnaryFunctor<c10::BFloat16, c10::BFloat16, c10::BFloat16, at::native::binary_internal::MulFunctor<float> > >(at::TensorIteratorBase&, at::native::BUnaryFunctor<c10::BFloat16, c10::BFloat16, c10::BFloat16, at::native::binary_internal::MulFunctor<float> > const&)::{lambda(int)#1}>(int, at::native::gpu_kernel_impl_nocast<at::native::BUnaryFunctor<c10::BFloat16, c10::BFloat16, c10::BFloat16, at::native::binary_internal::MulFunctor<float> > >(at::TensorIteratorBase&, at::native::BUnaryFunctor<c10::BFloat16, c10::BFloat16, c10::BFloat16, at::native::binary_internal::MulFunctor<float> > const&)::{lambda(int)#1})	elementwise_copy	1.70	0.10	[48, 1, 1]
222	void at::native::elementwise_kernel<128, 4, at::native::gpu_kernel_impl_nocast<at::native::BUnaryFunctor<c10::BFloat16, c10::BFloat16, c10::BFloat16, at::native::binary_internal::MulFunctor<float> > >(at::TensorIteratorBase&, at::native::BUnaryFunctor<c10::BFloat16, c10::BFloat16, c10::BFloat16, at::native::binary_internal::MulFunctor<float> > const&)::{lambda(int)#1}>(int, at::native::gpu_kernel_impl_nocast<at::native::BUnaryFunctor<c10::BFloat16, c10::BFloat16, c10::BFloat16, at::native::binary_internal::MulFunctor<float> > >(at::TensorIteratorBase&, at::native::BUnaryFunctor<c10::BFloat16, c10::BFloat16, c10::BFloat16, at::native::binary_internal::MulFunctor<float> > const&)::{lambda(int)#1})	elementwise_copy	1.47	0.10	[48, 1, 1]
223	void at::native::elementwise_kernel<128, 4, at::native::gpu_kernel_impl_nocast<at::native::ConvertToFloat8E4M3fnOp<c10::BFloat16> >(at::TensorIteratorBase&, at::native::ConvertToFloat8E4M3fnOp<c10::BFloat16> const&)::{lambda(int)#1}>(int, at::native::gpu_kernel_impl_nocast<at::native::ConvertToFloat8E4M3fnOp<c10::BFloat16> >(at::TensorIteratorBase&, at::native::ConvertToFloat8E4M3fnOp<c10::BFloat16> const&)::{lambda(int)#1})	elementwise_copy	1.66	0.10	[48, 1, 1]
224	void at::native::elementwise_kernel<128, 4, at::native::gpu_kernel_impl_nocast<at::native::ConvertToFloat8E4M3fnOp<c10::BFloat16> >(at::TensorIteratorBase&, at::native::ConvertToFloat8E4M3fnOp<c10::BFloat16> const&)::{lambda(int)#1}>(int, at::native::gpu_kernel_impl_nocast<at::native::ConvertToFloat8E4M3fnOp<c10::BFloat16> >(at::TensorIteratorBase&, at::native::ConvertToFloat8E4M3fnOp<c10::BFloat16> const&)::{lambda(int)#1})	elementwise_copy	1.60	0.10	[48, 1, 1]
225	void sglang::store_kvcache_kernel<2048l, 2048l, 128u, true, long>(sglang::StoreKVCacheParams)	norm_rope_kv	1.02	0.22	[48, 1, 1]
226	_fwd_grouped_kernel_stage1	attention	40.19	0.10	[12, 8, 8]
227	_fwd_kernel_stage2	attention	2.24	0.22	[12, 16, 1]
228	void sglang::per_token_quant_fp8_cta_kernel<__nv_bfloat16, 8>(__nv_bfloat16 const*, __nv_fp8_e4m3*, float*, unsigned int)	act_quant	1.57	0.10	[12, 1, 1]
229	_ZN7cutlass13device_kernelINS_4gemm6kernel13GemmUniversalIN4cute5tupleIJiiiiEEENS1_10collective13CollectiveMmaINS1_31MainloopSm120TmaWarpSpecializedILi2ELi2ENS5_IJNS4_1CILi1EEESB_SB_EEENS1_40KernelTmaWarpSpecializedCooperativeSm120ILi2EEEEENS5_IJNSA_ILi128EEESG_SG_EEENS_12float_e4m3_tENS5_IJlSB_lEEESI_SJ_NS4_8TiledMMAINS4_8MMA_AtomIJNS4_16SM120_16x8x32_TNISI_SI_fEEEEENS4_6LayoutINS5_IJNSA_ILi4EEENSA_ILi2EEESB_EEENS5_IJSB_SQ_NSA_ILi0EEEEEEEENS5_IJSG_NSA_ILi32EEESW_EEEEENS4_13SM90_TMA_LOADENS4_14ComposedLayoutINS4_7SwizzleILi3ELi4ELi3EEENS4_18smem_ptr_flag_bitsILi8EEENSP_INS5_IJNSA_ILi8EEESG_EEENS5_IJSG_SB_EEEEEEENS4_9Copy_AtomIJNS4_17SM75_U32x4_LDSM_NEhEEENS4_8identityESZ_S19_S1C_S1D_EENS_8epilogue10collective18CollectiveEpilogueINS1F_22Sm90TmaWarpSpecializedILi2ELi2ELi4ELb0ELb1EEEJSH_NS5_IJNSA_ILi64EEESW_EEEvSJ_NS_10bfloat16_tESJ_NS1F_6fusion15Sm90TreeVisitorINS1N_11Sm90ComputeINS_10multipliesES1M_fLNS_15FloatRoundStyleE2EvEEJNS1N_16Sm90ColBroadcastILi0ESH_ffNS5_IJSB_ST_ST_EEELi4ELb1EEENS1O_INS1P_IS1Q_ffLS1R_2EvEEJNS1N_16Sm90RowBroadcastILi0ESH_ffNS5_IJST_SB_ST_EEELi4ELb1EEENS1N_12Sm90AccFetchEEEEEEESZ_NS10_INS11_ILi2ELi4ELi3EEENS13_ILi16EEENSP_INS5_IJS15_SW_EEENS5_IJSW_SB_EEEEEEENS4_17SM75_U32x2_LDSM_NENS4_14SM90_TMA_STOREES28_NS4_17SM90_U32x2_STSM_NENS1A_IJS2B_NS_6half_tEEEEvEEEvvEEEEvNT_6ParamsE	dense_gemm	49.79	0.10	[1, 22, 1]
230	kernel_cutlass_kernel_flashinfernormkernelsrmsnormRMSNormKernel_object_at__tensorptrbf16gmemalign128oi64281628161_tensorptrbf16gmemalign16o28161_tensorptrbf16gmemalign128oi64281628161___T_0	norm_rope_kv	2.59	-0.19	[3, 1, 1]
231	kernel_cutlass_kernel_flashinfernormkernelsfused_add_rmsnormFusedAddRMSNormKernel_object_at__tensorptrbf16gmemalign128oi64281628161_tensorptrbf16gmemalign128oi64281628161_tensorptrbf16gme_0	norm_rope_kv	2.46	-0.19	[3, 1, 1]
232	void sglang::per_token_quant_fp8_cta_kernel<__nv_bfloat16, 8>(__nv_bfloat16 const*, __nv_fp8_e4m3*, float*, unsigned int)	act_quant	1.50	0.10	[12, 1, 1]
233	_ZN7cutlass13device_kernelINS_4gemm6kernel13GemmUniversalIN4cute5tupleIJiiiiEEENS1_10collective13CollectiveMmaINS1_31MainloopSm120TmaWarpSpecializedILi2ELi2ENS5_IJNS4_1CILi1EEESB_SB_EEENS1_40KernelTmaWarpSpecializedCooperativeSm120ILi2EEEEENS5_IJNSA_ILi128EEESG_SG_EEENS_12float_e4m3_tENS5_IJlSB_lEEESI_SJ_NS4_8TiledMMAINS4_8MMA_AtomIJNS4_16SM120_16x8x32_TNISI_SI_fEEEEENS4_6LayoutINS5_IJNSA_ILi4EEENSA_ILi2EEESB_EEENS5_IJSB_SQ_NSA_ILi0EEEEEEEENS5_IJSG_NSA_ILi32EEESW_EEEEENS4_13SM90_TMA_LOADENS4_14ComposedLayoutINS4_7SwizzleILi3ELi4ELi3EEENS4_18smem_ptr_flag_bitsILi8EEENSP_INS5_IJNSA_ILi8EEESG_EEENS5_IJSG_SB_EEEEEEENS4_9Copy_AtomIJNS4_17SM75_U32x4_LDSM_NEhEEENS4_8identityESZ_S19_S1C_S1D_EENS_8epilogue10collective18CollectiveEpilogueINS1F_22Sm90TmaWarpSpecializedILi2ELi2ELi4ELb0ELb1EEEJSH_NS5_IJNSA_ILi64EEESW_EEEvSJ_NS_10bfloat16_tESJ_NS1F_6fusion15Sm90TreeVisitorINS1N_11Sm90ComputeINS_10multipliesES1M_fLNS_15FloatRoundStyleE2EvEEJNS1N_16Sm90ColBroadcastILi0ESH_ffNS5_IJSB_ST_ST_EEELi4ELb1EEENS1O_INS1P_IS1Q_ffLS1R_2EvEEJNS1N_16Sm90RowBroadcastILi0ESH_ffNS5_IJST_SB_ST_EEELi4ELb1EEENS1N_12Sm90AccFetchEEEEEEESZ_NS10_INS11_ILi2ELi4ELi3EEENS13_ILi16EEENSP_INS5_IJS15_SW_EEENS5_IJSW_SB_EEEEEEENS4_17SM75_U32x2_LDSM_NENS4_14SM90_TMA_STOREES28_NS4_17SM90_U32x2_STSM_NENS1A_IJS2B_NS_6half_tEEEEvEEEvvEEEEvNT_6ParamsE	dense_gemm	35.39	0.10	[1, 33, 1]
234	void sglang::act_and_mul_kernel<__nv_bfloat16, (sglang::ActivationKind)2, true, false, false, false>(sglang::ActivationParams)	elementwise_copy	1.44	0.22	[7, 1, 1]
235	void sglang::per_token_quant_fp8_cta_kernel<__nv_bfloat16, 8>(__nv_bfloat16 const*, __nv_fp8_e4m3*, float*, unsigned int)	act_quant	1.47	0.10	[12, 1, 1]
236	_ZN7cutlass13device_kernelINS_4gemm6kernel13GemmUniversalIN4cute5tupleIJiiiiEEENS1_10collective13CollectiveMmaINS1_31MainloopSm120TmaWarpSpecializedILi2ELi2ENS5_IJNS4_1CILi1EEESB_SB_EEENS1_40KernelTmaWarpSpecializedCooperativeSm120ILi2EEEEENS5_IJNSA_ILi128EEESG_SG_EEENS_12float_e4m3_tENS5_IJlSB_lEEESI_SJ_NS4_8TiledMMAINS4_8MMA_AtomIJNS4_16SM120_16x8x32_TNISI_SI_fEEEEENS4_6LayoutINS5_IJNSA_ILi4EEENSA_ILi2EEESB_EEENS5_IJSB_SQ_NSA_ILi0EEEEEEEENS5_IJSG_NSA_ILi32EEESW_EEEEENS4_13SM90_TMA_LOADENS4_14ComposedLayoutINS4_7SwizzleILi3ELi4ELi3EEENS4_18smem_ptr_flag_bitsILi8EEENSP_INS5_IJNSA_ILi8EEESG_EEENS5_IJSG_SB_EEEEEEENS4_9Copy_AtomIJNS4_17SM75_U32x4_LDSM_NEhEEENS4_8identityESZ_S19_S1C_S1D_EENS_8epilogue10collective18CollectiveEpilogueINS1F_22Sm90TmaWarpSpecializedILi2ELi2ELi4ELb0ELb1EEEJSH_NS5_IJNSA_ILi64EEESW_EEEvSJ_NS_10bfloat16_tESJ_NS1F_6fusion15Sm90TreeVisitorINS1N_11Sm90ComputeINS_10multipliesES1M_fLNS_15FloatRoundStyleE2EvEEJNS1N_16Sm90ColBroadcastILi0ESH_ffNS5_IJSB_ST_ST_EEELi4ELb1EEENS1O_INS1P_IS1Q_ffLS1R_2EvEEJNS1N_16Sm90RowBroadcastILi0ESH_ffNS5_IJST_SB_ST_EEELi4ELb1EEENS1N_12Sm90AccFetchEEEEEEESZ_NS10_INS11_ILi2ELi4ELi3EEENS13_ILi16EEENSP_INS5_IJS15_SW_EEENS5_IJSW_SB_EEEEEEENS4_17SM75_U32x2_LDSM_NENS4_14SM90_TMA_STOREES28_NS4_17SM90_U32x2_STSM_NENS1A_IJS2B_NS_6half_tEEEEvEEEvvEEEEvNT_6ParamsE	dense_gemm	28.03	0.10	[1, 22, 1]
237	kernel_cutlass_kernel_flashinfernormkernelsrmsnormRMSNormKernel_object_at__tensorptrbf16gmemalign128oi64281628161_tensorptrbf16gmemalign16o28161_tensorptrbf16gmemalign128oi64281628161___T_0	norm_rope_kv	2.43	0.22	[3, 1, 1]
238	void cutlass::Kernel2<cutlass_80_wmma_tensorop_bf16_s161616gemm_bf16_16x16_128x2_tn_align8>(cutlass_80_wmma_tensorop_bf16_s161616gemm_bf16_16x16_128x2_tn_align8::Params)	dense_gemm	3.26	0.10	[8, 1, 9]
239	void cublasLt::splitKreduce_kernel<32, 16, int, __nv_bfloat16, __nv_bfloat16, float, __nv_bfloat16, false, __nv_bfloat16, __nv_bfloat16, __nv_bfloat16, true, false, false, false>(cublasLt::cublasSplitKParams<float>, __nv_bfloat16 const*, __nv_bfloat16 const*, __nv_bfloat16*, __nv_bfloat16*, float const*, float const*, __nv_bfloat16 const*, __nv_bfloat16 const*, __nv_bfloat16*, void*, long, float*, int*, float*, float*, float const*, float const*, float const*, float const*, float const*)	dense_gemm	1.31	0.10	[4, 1, 1]
240	kernel_cutlass_kernel_flashinfernormkernelsrmsnormRMSNormKernel_object_at__tensorptrbf16gmemalign128oi64281628161_tensorptrbf16gmemalign16o28161_tensorptrbf16gmemalign128oi64281628161___T_0	norm_rope_kv	2.34	-0.22	[3, 1, 1]
241	_gemma4_routing_kernel	moe_route	1.57	0.10	[12, 1, 1]
242	void moe_align_block_size_kernel<int>(int const*, int*, int*, int*, int, int, unsigned long, int*, bool, bool, int, int)	moe_route	2.05	0.10	[2, 1, 1]
243	void count_and_sort_expert_tokens_kernel<int>(int const*, int*, int*, unsigned long, bool)	moe_route	0.99	0.10	[1, 1, 1]
244	void sglang::per_token_quant_fp8_cta_kernel<__nv_bfloat16, 8>(__nv_bfloat16 const*, __nv_fp8_e4m3*, float*, unsigned int)	act_quant	1.70	0.10	[12, 1, 1]
245	fused_moe_kernel	moe_gemm	136.32	-0.19	[4224, 1, 1]
246	void sglang::act_and_mul_kernel<__nv_bfloat16, (sglang::ActivationKind)1, true, false, false, false>(sglang::ActivationParams)	elementwise_copy	13.73	-12.06	[17, 1, 1]
247	void sglang::per_token_quant_fp8_cta_kernel<__nv_bfloat16, 8>(__nv_bfloat16 const*, __nv_fp8_e4m3*, float*, unsigned int)	act_quant	1.41	0.10	[96, 1, 1]
248	fused_moe_kernel	moe_gemm	67.84	-0.22	[8448, 1, 1]
249	_moe_sum_reduce_kernel	moe_route	3.74	-2.78	[12, 2, 1]
250	_gemma_dual_rmsnorm_residual_kernel	norm_rope_kv	2.34	0.10	[12, 1, 1]
251	kernel_cutlass_kernel_flashinfernormkernelsrmsnormRMSNormKernel_object_at__tensorptrbf16gmemalign128oi64281628161_tensorptrbf16gmemalign16o28161_tensorptrbf16gmemalign128oi64281628161___T_0	norm_rope_kv	2.34	0.22	[3, 1, 1]
252	void sglang::per_token_quant_fp8_cta_kernel<__nv_bfloat16, 8>(__nv_bfloat16 const*, __nv_fp8_e4m3*, float*, unsigned int)	act_quant	1.47	0.13	[12, 1, 1]
253	_ZN7cutlass13device_kernelINS_4gemm6kernel13GemmUniversalIN4cute5tupleIJiiiiEEENS1_10collective13CollectiveMmaINS1_31MainloopSm120TmaWarpSpecializedILi2ELi2ENS5_IJNS4_1CILi1EEESB_SB_EEENS1_40KernelTmaWarpSpecializedCooperativeSm120ILi2EEEEENS5_IJNSA_ILi128EEESG_SG_EEENS_12float_e4m3_tENS5_IJlSB_lEEESI_SJ_NS4_8TiledMMAINS4_8MMA_AtomIJNS4_16SM120_16x8x32_TNISI_SI_fEEEEENS4_6LayoutINS5_IJNSA_ILi4EEENSA_ILi2EEESB_EEENS5_IJSB_SQ_NSA_ILi0EEEEEEEENS5_IJSG_NSA_ILi32EEESW_EEEEENS4_13SM90_TMA_LOADENS4_14ComposedLayoutINS4_7SwizzleILi3ELi4ELi3EEENS4_18smem_ptr_flag_bitsILi8EEENSP_INS5_IJNSA_ILi8EEESG_EEENS5_IJSG_SB_EEEEEEENS4_9Copy_AtomIJNS4_17SM75_U32x4_LDSM_NEhEEENS4_8identityESZ_S19_S1C_S1D_EENS_8epilogue10collective18CollectiveEpilogueINS1F_22Sm90TmaWarpSpecializedILi2ELi2ELi4ELb0ELb1EEEJSH_NS5_IJNSA_ILi64EEESW_EEEvSJ_NS_10bfloat16_tESJ_NS1F_6fusion15Sm90TreeVisitorINS1N_11Sm90ComputeINS_10multipliesES1M_fLNS_15FloatRoundStyleE2EvEEJNS1N_16Sm90ColBroadcastILi0ESH_ffNS5_IJSB_ST_ST_EEELi4ELb1EEENS1O_INS1P_IS1Q_ffLS1R_2EvEEJNS1N_16Sm90RowBroadcastILi0ESH_ffNS5_IJST_SB_ST_EEELi4ELb1EEENS1N_12Sm90AccFetchEEEEEEESZ_NS10_INS11_ILi2ELi4ELi3EEENS13_ILi16EEENSP_INS5_IJS15_SW_EEENS5_IJSW_SB_EEEEEEENS4_17SM75_U32x2_LDSM_NENS4_14SM90_TMA_STOREES28_NS4_17SM90_U32x2_STSM_NENS1A_IJS2B_NS_6half_tEEEEvEEEvvEEEEvNT_6ParamsE	dense_gemm	36.03	0.10	[1, 64, 1]
254	_gemma_qkv_rmsnorm_kernel	norm_rope_kv	1.54	0.10	[12, 32, 1]
255	void sglang::fused_rope_kernel<true, 256l, true, __nv_bfloat16, __nv_bfloat16, long, 32u>(sglang::FusedRopeParams)	norm_rope_kv	1.41	0.22	[72, 1, 1]
256	void at::native::elementwise_kernel<128, 4, at::native::gpu_kernel_impl_nocast<at::native::BUnaryFunctor<c10::BFloat16, c10::BFloat16, c10::BFloat16, at::native::binary_internal::MulFunctor<float> > >(at::TensorIteratorBase&, at::native::BUnaryFunctor<c10::BFloat16, c10::BFloat16, c10::BFloat16, at::native::binary_internal::MulFunctor<float> > const&)::{lambda(int)#1}>(int, at::native::gpu_kernel_impl_nocast<at::native::BUnaryFunctor<c10::BFloat16, c10::BFloat16, c10::BFloat16, at::native::binary_internal::MulFunctor<float> > >(at::TensorIteratorBase&, at::native::BUnaryFunctor<c10::BFloat16, c10::BFloat16, c10::BFloat16, at::native::binary_internal::MulFunctor<float> > const&)::{lambda(int)#1})	elementwise_copy	1.73	0.10	[48, 1, 1]
257	void at::native::elementwise_kernel<128, 4, at::native::gpu_kernel_impl_nocast<at::native::BUnaryFunctor<c10::BFloat16, c10::BFloat16, c10::BFloat16, at::native::binary_internal::MulFunctor<float> > >(at::TensorIteratorBase&, at::native::BUnaryFunctor<c10::BFloat16, c10::BFloat16, c10::BFloat16, at::native::binary_internal::MulFunctor<float> > const&)::{lambda(int)#1}>(int, at::native::gpu_kernel_impl_nocast<at::native::BUnaryFunctor<c10::BFloat16, c10::BFloat16, c10::BFloat16, at::native::binary_internal::MulFunctor<float> > >(at::TensorIteratorBase&, at::native::BUnaryFunctor<c10::BFloat16, c10::BFloat16, c10::BFloat16, at::native::binary_internal::MulFunctor<float> > const&)::{lambda(int)#1})	elementwise_copy	1.47	0.06	[48, 1, 1]
258	void at::native::elementwise_kernel<128, 4, at::native::gpu_kernel_impl_nocast<at::native::ConvertToFloat8E4M3fnOp<c10::BFloat16> >(at::TensorIteratorBase&, at::native::ConvertToFloat8E4M3fnOp<c10::BFloat16> const&)::{lambda(int)#1}>(int, at::native::gpu_kernel_impl_nocast<at::native::ConvertToFloat8E4M3fnOp<c10::BFloat16> >(at::TensorIteratorBase&, at::native::ConvertToFloat8E4M3fnOp<c10::BFloat16> const&)::{lambda(int)#1})	elementwise_copy	1.70	0.10	[48, 1, 1]
259	void at::native::elementwise_kernel<128, 4, at::native::gpu_kernel_impl_nocast<at::native::ConvertToFloat8E4M3fnOp<c10::BFloat16> >(at::TensorIteratorBase&, at::native::ConvertToFloat8E4M3fnOp<c10::BFloat16> const&)::{lambda(int)#1}>(int, at::native::gpu_kernel_impl_nocast<at::native::ConvertToFloat8E4M3fnOp<c10::BFloat16> >(at::TensorIteratorBase&, at::native::ConvertToFloat8E4M3fnOp<c10::BFloat16> const&)::{lambda(int)#1})	elementwise_copy	1.60	0.10	[48, 1, 1]
260	void sglang::store_kvcache_kernel<2048l, 2048l, 128u, true, long>(sglang::StoreKVCacheParams)	norm_rope_kv	1.02	0.22	[48, 1, 1]
261	_fwd_grouped_kernel_stage1	attention	39.42	0.10	[12, 8, 8]
262	_fwd_kernel_stage2	attention	2.21	0.19	[12, 16, 1]
263	void sglang::per_token_quant_fp8_cta_kernel<__nv_bfloat16, 8>(__nv_bfloat16 const*, __nv_fp8_e4m3*, float*, unsigned int)	act_quant	1.57	0.13	[12, 1, 1]
264	_ZN7cutlass13device_kernelINS_4gemm6kernel13GemmUniversalIN4cute5tupleIJiiiiEEENS1_10collective13CollectiveMmaINS1_31MainloopSm120TmaWarpSpecializedILi2ELi2ENS5_IJNS4_1CILi1EEESB_SB_EEENS1_40KernelTmaWarpSpecializedCooperativeSm120ILi2EEEEENS5_IJNSA_ILi128EEESG_SG_EEENS_12float_e4m3_tENS5_IJlSB_lEEESI_SJ_NS4_8TiledMMAINS4_8MMA_AtomIJNS4_16SM120_16x8x32_TNISI_SI_fEEEEENS4_6LayoutINS5_IJNSA_ILi4EEENSA_ILi2EEESB_EEENS5_IJSB_SQ_NSA_ILi0EEEEEEEENS5_IJSG_NSA_ILi32EEESW_EEEEENS4_13SM90_TMA_LOADENS4_14ComposedLayoutINS4_7SwizzleILi3ELi4ELi3EEENS4_18smem_ptr_flag_bitsILi8EEENSP_INS5_IJNSA_ILi8EEESG_EEENS5_IJSG_SB_EEEEEEENS4_9Copy_AtomIJNS4_17SM75_U32x4_LDSM_NEhEEENS4_8identityESZ_S19_S1C_S1D_EENS_8epilogue10collective18CollectiveEpilogueINS1F_22Sm90TmaWarpSpecializedILi2ELi2ELi4ELb0ELb1EEEJSH_NS5_IJNSA_ILi64EEESW_EEEvSJ_NS_10bfloat16_tESJ_NS1F_6fusion15Sm90TreeVisitorINS1N_11Sm90ComputeINS_10multipliesES1M_fLNS_15FloatRoundStyleE2EvEEJNS1N_16Sm90ColBroadcastILi0ESH_ffNS5_IJSB_ST_ST_EEELi4ELb1EEENS1O_INS1P_IS1Q_ffLS1R_2EvEEJNS1N_16Sm90RowBroadcastILi0ESH_ffNS5_IJST_SB_ST_EEELi4ELb1EEENS1N_12Sm90AccFetchEEEEEEESZ_NS10_INS11_ILi2ELi4ELi3EEENS13_ILi16EEENSP_INS5_IJS15_SW_EEENS5_IJSW_SB_EEEEEEENS4_17SM75_U32x2_LDSM_NENS4_14SM90_TMA_STOREES28_NS4_17SM90_U32x2_STSM_NENS1A_IJS2B_NS_6half_tEEEEvEEEvvEEEEvNT_6ParamsE	dense_gemm	49.70	0.10	[1, 22, 1]
265	kernel_cutlass_kernel_flashinfernormkernelsrmsnormRMSNormKernel_object_at__tensorptrbf16gmemalign128oi64281628161_tensorptrbf16gmemalign16o28161_tensorptrbf16gmemalign128oi64281628161___T_0	norm_rope_kv	2.69	-0.26	[3, 1, 1]
266	kernel_cutlass_kernel_flashinfernormkernelsfused_add_rmsnormFusedAddRMSNormKernel_object_at__tensorptrbf16gmemalign128oi64281628161_tensorptrbf16gmemalign128oi64281628161_tensorptrbf16gme_0	norm_rope_kv	2.43	-0.16	[3, 1, 1]
267	void sglang::per_token_quant_fp8_cta_kernel<__nv_bfloat16, 8>(__nv_bfloat16 const*, __nv_fp8_e4m3*, float*, unsigned int)	act_quant	1.50	0.10	[12, 1, 1]
268	_ZN7cutlass13device_kernelINS_4gemm6kernel13GemmUniversalIN4cute5tupleIJiiiiEEENS1_10collective13CollectiveMmaINS1_31MainloopSm120TmaWarpSpecializedILi2ELi2ENS5_IJNS4_1CILi1EEESB_SB_EEENS1_40KernelTmaWarpSpecializedCooperativeSm120ILi2EEEEENS5_IJNSA_ILi128EEESG_SG_EEENS_12float_e4m3_tENS5_IJlSB_lEEESI_SJ_NS4_8TiledMMAINS4_8MMA_AtomIJNS4_16SM120_16x8x32_TNISI_SI_fEEEEENS4_6LayoutINS5_IJNSA_ILi4EEENSA_ILi2EEESB_EEENS5_IJSB_SQ_NSA_ILi0EEEEEEEENS5_IJSG_NSA_ILi32EEESW_EEEEENS4_13SM90_TMA_LOADENS4_14ComposedLayoutINS4_7SwizzleILi3ELi4ELi3EEENS4_18smem_ptr_flag_bitsILi8EEENSP_INS5_IJNSA_ILi8EEESG_EEENS5_IJSG_SB_EEEEEEENS4_9Copy_AtomIJNS4_17SM75_U32x4_LDSM_NEhEEENS4_8identityESZ_S19_S1C_S1D_EENS_8epilogue10collective18CollectiveEpilogueINS1F_22Sm90TmaWarpSpecializedILi2ELi2ELi4ELb0ELb1EEEJSH_NS5_IJNSA_ILi64EEESW_EEEvSJ_NS_10bfloat16_tESJ_NS1F_6fusion15Sm90TreeVisitorINS1N_11Sm90ComputeINS_10multipliesES1M_fLNS_15FloatRoundStyleE2EvEEJNS1N_16Sm90ColBroadcastILi0ESH_ffNS5_IJSB_ST_ST_EEELi4ELb1EEENS1O_INS1P_IS1Q_ffLS1R_2EvEEJNS1N_16Sm90RowBroadcastILi0ESH_ffNS5_IJST_SB_ST_EEELi4ELb1EEENS1N_12Sm90AccFetchEEEEEEESZ_NS10_INS11_ILi2ELi4ELi3EEENS13_ILi16EEENSP_INS5_IJS15_SW_EEENS5_IJSW_SB_EEEEEEENS4_17SM75_U32x2_LDSM_NENS4_14SM90_TMA_STOREES28_NS4_17SM90_U32x2_STSM_NENS1A_IJS2B_NS_6half_tEEEEvEEEvvEEEEvNT_6ParamsE	dense_gemm	35.39	0.10	[1, 33, 1]
269	void sglang::act_and_mul_kernel<__nv_bfloat16, (sglang::ActivationKind)2, true, false, false, false>(sglang::ActivationParams)	elementwise_copy	1.47	0.22	[7, 1, 1]
270	void sglang::per_token_quant_fp8_cta_kernel<__nv_bfloat16, 8>(__nv_bfloat16 const*, __nv_fp8_e4m3*, float*, unsigned int)	act_quant	1.47	0.10	[12, 1, 1]
271	_ZN7cutlass13device_kernelINS_4gemm6kernel13GemmUniversalIN4cute5tupleIJiiiiEEENS1_10collective13CollectiveMmaINS1_31MainloopSm120TmaWarpSpecializedILi2ELi2ENS5_IJNS4_1CILi1EEESB_SB_EEENS1_40KernelTmaWarpSpecializedCooperativeSm120ILi2EEEEENS5_IJNSA_ILi128EEESG_SG_EEENS_12float_e4m3_tENS5_IJlSB_lEEESI_SJ_NS4_8TiledMMAINS4_8MMA_AtomIJNS4_16SM120_16x8x32_TNISI_SI_fEEEEENS4_6LayoutINS5_IJNSA_ILi4EEENSA_ILi2EEESB_EEENS5_IJSB_SQ_NSA_ILi0EEEEEEEENS5_IJSG_NSA_ILi32EEESW_EEEEENS4_13SM90_TMA_LOADENS4_14ComposedLayoutINS4_7SwizzleILi3ELi4ELi3EEENS4_18smem_ptr_flag_bitsILi8EEENSP_INS5_IJNSA_ILi8EEESG_EEENS5_IJSG_SB_EEEEEEENS4_9Copy_AtomIJNS4_17SM75_U32x4_LDSM_NEhEEENS4_8identityESZ_S19_S1C_S1D_EENS_8epilogue10collective18CollectiveEpilogueINS1F_22Sm90TmaWarpSpecializedILi2ELi2ELi4ELb0ELb1EEEJSH_NS5_IJNSA_ILi64EEESW_EEEvSJ_NS_10bfloat16_tESJ_NS1F_6fusion15Sm90TreeVisitorINS1N_11Sm90ComputeINS_10multipliesES1M_fLNS_15FloatRoundStyleE2EvEEJNS1N_16Sm90ColBroadcastILi0ESH_ffNS5_IJSB_ST_ST_EEELi4ELb1EEENS1O_INS1P_IS1Q_ffLS1R_2EvEEJNS1N_16Sm90RowBroadcastILi0ESH_ffNS5_IJST_SB_ST_EEELi4ELb1EEENS1N_12Sm90AccFetchEEEEEEESZ_NS10_INS11_ILi2ELi4ELi3EEENS13_ILi16EEENSP_INS5_IJS15_SW_EEENS5_IJSW_SB_EEEEEEENS4_17SM75_U32x2_LDSM_NENS4_14SM90_TMA_STOREES28_NS4_17SM90_U32x2_STSM_NENS1A_IJS2B_NS_6half_tEEEEvEEEvvEEEEvNT_6ParamsE	dense_gemm	28.39	0.10	[1, 22, 1]
272	kernel_cutlass_kernel_flashinfernormkernelsrmsnormRMSNormKernel_object_at__tensorptrbf16gmemalign128oi64281628161_tensorptrbf16gmemalign16o28161_tensorptrbf16gmemalign128oi64281628161___T_0	norm_rope_kv	2.37	0.19	[3, 1, 1]
273	void cutlass::Kernel2<cutlass_80_wmma_tensorop_bf16_s161616gemm_bf16_16x16_128x2_tn_align8>(cutlass_80_wmma_tensorop_bf16_s161616gemm_bf16_16x16_128x2_tn_align8::Params)	dense_gemm	3.33	0.06	[8, 1, 9]
274	void cublasLt::splitKreduce_kernel<32, 16, int, __nv_bfloat16, __nv_bfloat16, float, __nv_bfloat16, false, __nv_bfloat16, __nv_bfloat16, __nv_bfloat16, true, false, false, false>(cublasLt::cublasSplitKParams<float>, __nv_bfloat16 const*, __nv_bfloat16 const*, __nv_bfloat16*, __nv_bfloat16*, float const*, float const*, __nv_bfloat16 const*, __nv_bfloat16 const*, __nv_bfloat16*, void*, long, float*, int*, float*, float*, float const*, float const*, float const*, float const*, float const*)	dense_gemm	1.31	0.07	[4, 1, 1]
275	kernel_cutlass_kernel_flashinfernormkernelsrmsnormRMSNormKernel_object_at__tensorptrbf16gmemalign128oi64281628161_tensorptrbf16gmemalign16o28161_tensorptrbf16gmemalign128oi64281628161___T_0	norm_rope_kv	2.50	-0.35	[3, 1, 1]
276	_gemma4_routing_kernel	moe_route	1.60	0.13	[12, 1, 1]
277	void moe_align_block_size_kernel<int>(int const*, int*, int*, int*, int, int, unsigned long, int*, bool, bool, int, int)	moe_route	2.05	0.10	[2, 1, 1]
278	void count_and_sort_expert_tokens_kernel<int>(int const*, int*, int*, unsigned long, bool)	moe_route	0.99	0.06	[1, 1, 1]
279	void sglang::per_token_quant_fp8_cta_kernel<__nv_bfloat16, 8>(__nv_bfloat16 const*, __nv_fp8_e4m3*, float*, unsigned int)	act_quant	1.66	0.10	[12, 1, 1]
280	fused_moe_kernel	moe_gemm	137.63	-0.19	[4224, 1, 1]
281	void sglang::act_and_mul_kernel<__nv_bfloat16, (sglang::ActivationKind)1, true, false, false, false>(sglang::ActivationParams)	elementwise_copy	14.37	-12.93	[17, 1, 1]
282	void sglang::per_token_quant_fp8_cta_kernel<__nv_bfloat16, 8>(__nv_bfloat16 const*, __nv_fp8_e4m3*, float*, unsigned int)	act_quant	1.38	0.10	[96, 1, 1]
283	fused_moe_kernel	moe_gemm	68.83	-0.19	[8448, 1, 1]
284	_moe_sum_reduce_kernel	moe_route	3.42	-2.27	[12, 2, 1]
285	_gemma_dual_rmsnorm_residual_kernel	norm_rope_kv	2.30	0.10	[12, 1, 1]
286	kernel_cutlass_kernel_flashinfernormkernelsrmsnormRMSNormKernel_object_at__tensorptrbf16gmemalign128oi64281628161_tensorptrbf16gmemalign16o28161_tensorptrbf16gmemalign128oi64281628161___T_0	norm_rope_kv	2.30	0.22	[3, 1, 1]
287	void sglang::per_token_quant_fp8_cta_kernel<__nv_bfloat16, 8>(__nv_bfloat16 const*, __nv_fp8_e4m3*, float*, unsigned int)	act_quant	1.50	0.10	[12, 1, 1]
288	_ZN7cutlass13device_kernelINS_4gemm6kernel13GemmUniversalIN4cute5tupleIJiiiiEEENS1_10collective13CollectiveMmaINS1_31MainloopSm120TmaWarpSpecializedILi2ELi2ENS5_IJNS4_1CILi1EEESB_SB_EEENS1_40KernelTmaWarpSpecializedCooperativeSm120ILi2EEEEENS5_IJNSA_ILi128EEESG_SG_EEENS_12float_e4m3_tENS5_IJlSB_lEEESI_SJ_NS4_8TiledMMAINS4_8MMA_AtomIJNS4_16SM120_16x8x32_TNISI_SI_fEEEEENS4_6LayoutINS5_IJNSA_ILi4EEENSA_ILi2EEESB_EEENS5_IJSB_SQ_NSA_ILi0EEEEEEEENS5_IJSG_NSA_ILi32EEESW_EEEEENS4_13SM90_TMA_LOADENS4_14ComposedLayoutINS4_7SwizzleILi3ELi4ELi3EEENS4_18smem_ptr_flag_bitsILi8EEENSP_INS5_IJNSA_ILi8EEESG_EEENS5_IJSG_SB_EEEEEEENS4_9Copy_AtomIJNS4_17SM75_U32x4_LDSM_NEhEEENS4_8identityESZ_S19_S1C_S1D_EENS_8epilogue10collective18CollectiveEpilogueINS1F_22Sm90TmaWarpSpecializedILi2ELi2ELi4ELb0ELb1EEEJSH_NS5_IJNSA_ILi64EEESW_EEEvSJ_NS_10bfloat16_tESJ_NS1F_6fusion15Sm90TreeVisitorINS1N_11Sm90ComputeINS_10multipliesES1M_fLNS_15FloatRoundStyleE2EvEEJNS1N_16Sm90ColBroadcastILi0ESH_ffNS5_IJSB_ST_ST_EEELi4ELb1EEENS1O_INS1P_IS1Q_ffLS1R_2EvEEJNS1N_16Sm90RowBroadcastILi0ESH_ffNS5_IJST_SB_ST_EEELi4ELb1EEENS1N_12Sm90AccFetchEEEEEEESZ_NS10_INS11_ILi2ELi4ELi3EEENS13_ILi16EEENSP_INS5_IJS15_SW_EEENS5_IJSW_SB_EEEEEEENS4_17SM75_U32x2_LDSM_NENS4_14SM90_TMA_STOREES28_NS4_17SM90_U32x2_STSM_NENS1A_IJS2B_NS_6half_tEEEEvEEEvvEEEEvNT_6ParamsE	dense_gemm	36.13	0.10	[1, 64, 1]
289	_gemma_qkv_rmsnorm_kernel	norm_rope_kv	1.50	0.10	[12, 32, 1]
290	void sglang::fused_rope_kernel<true, 256l, true, __nv_bfloat16, __nv_bfloat16, long, 32u>(sglang::FusedRopeParams)	norm_rope_kv	1.41	0.22	[72, 1, 1]
291	void at::native::elementwise_kernel<128, 4, at::native::gpu_kernel_impl_nocast<at::native::BUnaryFunctor<c10::BFloat16, c10::BFloat16, c10::BFloat16, at::native::binary_internal::MulFunctor<float> > >(at::TensorIteratorBase&, at::native::BUnaryFunctor<c10::BFloat16, c10::BFloat16, c10::BFloat16, at::native::binary_internal::MulFunctor<float> > const&)::{lambda(int)#1}>(int, at::native::gpu_kernel_impl_nocast<at::native::BUnaryFunctor<c10::BFloat16, c10::BFloat16, c10::BFloat16, at::native::binary_internal::MulFunctor<float> > >(at::TensorIteratorBase&, at::native::BUnaryFunctor<c10::BFloat16, c10::BFloat16, c10::BFloat16, at::native::binary_internal::MulFunctor<float> > const&)::{lambda(int)#1})	elementwise_copy	1.73	0.10	[48, 1, 1]
292	void at::native::elementwise_kernel<128, 4, at::native::gpu_kernel_impl_nocast<at::native::BUnaryFunctor<c10::BFloat16, c10::BFloat16, c10::BFloat16, at::native::binary_internal::MulFunctor<float> > >(at::TensorIteratorBase&, at::native::BUnaryFunctor<c10::BFloat16, c10::BFloat16, c10::BFloat16, at::native::binary_internal::MulFunctor<float> > const&)::{lambda(int)#1}>(int, at::native::gpu_kernel_impl_nocast<at::native::BUnaryFunctor<c10::BFloat16, c10::BFloat16, c10::BFloat16, at::native::binary_internal::MulFunctor<float> > >(at::TensorIteratorBase&, at::native::BUnaryFunctor<c10::BFloat16, c10::BFloat16, c10::BFloat16, at::native::binary_internal::MulFunctor<float> > const&)::{lambda(int)#1})	elementwise_copy	1.47	0.06	[48, 1, 1]
293	void at::native::elementwise_kernel<128, 4, at::native::gpu_kernel_impl_nocast<at::native::ConvertToFloat8E4M3fnOp<c10::BFloat16> >(at::TensorIteratorBase&, at::native::ConvertToFloat8E4M3fnOp<c10::BFloat16> const&)::{lambda(int)#1}>(int, at::native::gpu_kernel_impl_nocast<at::native::ConvertToFloat8E4M3fnOp<c10::BFloat16> >(at::TensorIteratorBase&, at::native::ConvertToFloat8E4M3fnOp<c10::BFloat16> const&)::{lambda(int)#1})	elementwise_copy	1.66	0.10	[48, 1, 1]
294	void at::native::elementwise_kernel<128, 4, at::native::gpu_kernel_impl_nocast<at::native::ConvertToFloat8E4M3fnOp<c10::BFloat16> >(at::TensorIteratorBase&, at::native::ConvertToFloat8E4M3fnOp<c10::BFloat16> const&)::{lambda(int)#1}>(int, at::native::gpu_kernel_impl_nocast<at::native::ConvertToFloat8E4M3fnOp<c10::BFloat16> >(at::TensorIteratorBase&, at::native::ConvertToFloat8E4M3fnOp<c10::BFloat16> const&)::{lambda(int)#1})	elementwise_copy	1.63	0.10	[48, 1, 1]
295	void sglang::store_kvcache_kernel<2048l, 2048l, 128u, true, long>(sglang::StoreKVCacheParams)	norm_rope_kv	1.02	0.22	[48, 1, 1]
296	_fwd_grouped_kernel_stage1	attention	38.34	0.10	[12, 8, 8]
297	_fwd_kernel_stage2	attention	2.21	0.22	[12, 16, 1]
298	void sglang::per_token_quant_fp8_cta_kernel<__nv_bfloat16, 8>(__nv_bfloat16 const*, __nv_fp8_e4m3*, float*, unsigned int)	act_quant	1.57	0.10	[12, 1, 1]
299	_ZN7cutlass13device_kernelINS_4gemm6kernel13GemmUniversalIN4cute5tupleIJiiiiEEENS1_10collective13CollectiveMmaINS1_31MainloopSm120TmaWarpSpecializedILi2ELi2ENS5_IJNS4_1CILi1EEESB_SB_EEENS1_40KernelTmaWarpSpecializedCooperativeSm120ILi2EEEEENS5_IJNSA_ILi128EEESG_SG_EEENS_12float_e4m3_tENS5_IJlSB_lEEESI_SJ_NS4_8TiledMMAINS4_8MMA_AtomIJNS4_16SM120_16x8x32_TNISI_SI_fEEEEENS4_6LayoutINS5_IJNSA_ILi4EEENSA_ILi2EEESB_EEENS5_IJSB_SQ_NSA_ILi0EEEEEEEENS5_IJSG_NSA_ILi32EEESW_EEEEENS4_13SM90_TMA_LOADENS4_14ComposedLayoutINS4_7SwizzleILi3ELi4ELi3EEENS4_18smem_ptr_flag_bitsILi8EEENSP_INS5_IJNSA_ILi8EEESG_EEENS5_IJSG_SB_EEEEEEENS4_9Copy_AtomIJNS4_17SM75_U32x4_LDSM_NEhEEENS4_8identityESZ_S19_S1C_S1D_EENS_8epilogue10collective18CollectiveEpilogueINS1F_22Sm90TmaWarpSpecializedILi2ELi2ELi4ELb0ELb1EEEJSH_NS5_IJNSA_ILi64EEESW_EEEvSJ_NS_10bfloat16_tESJ_NS1F_6fusion15Sm90TreeVisitorINS1N_11Sm90ComputeINS_10multipliesES1M_fLNS_15FloatRoundStyleE2EvEEJNS1N_16Sm90ColBroadcastILi0ESH_ffNS5_IJSB_ST_ST_EEELi4ELb1EEENS1O_INS1P_IS1Q_ffLS1R_2EvEEJNS1N_16Sm90RowBroadcastILi0ESH_ffNS5_IJST_SB_ST_EEELi4ELb1EEENS1N_12Sm90AccFetchEEEEEEESZ_NS10_INS11_ILi2ELi4ELi3EEENS13_ILi16EEENSP_INS5_IJS15_SW_EEENS5_IJSW_SB_EEEEEEENS4_17SM75_U32x2_LDSM_NENS4_14SM90_TMA_STOREES28_NS4_17SM90_U32x2_STSM_NENS1A_IJS2B_NS_6half_tEEEEvEEEvvEEEEvNT_6ParamsE	dense_gemm	49.63	0.10	[1, 22, 1]
300	kernel_cutlass_kernel_flashinfernormkernelsrmsnormRMSNormKernel_object_at__tensorptrbf16gmemalign128oi64281628161_tensorptrbf16gmemalign16o28161_tensorptrbf16gmemalign128oi64281628161___T_0	norm_rope_kv	2.82	-0.19	[3, 1, 1]
301	kernel_cutlass_kernel_flashinfernormkernelsfused_add_rmsnormFusedAddRMSNormKernel_object_at__tensorptrbf16gmemalign128oi64281628161_tensorptrbf16gmemalign128oi64281628161_tensorptrbf16gme_0	norm_rope_kv	2.50	-0.22	[3, 1, 1]
302	void sglang::per_token_quant_fp8_cta_kernel<__nv_bfloat16, 8>(__nv_bfloat16 const*, __nv_fp8_e4m3*, float*, unsigned int)	act_quant	1.50	0.10	[12, 1, 1]
303	_ZN7cutlass13device_kernelINS_4gemm6kernel13GemmUniversalIN4cute5tupleIJiiiiEEENS1_10collective13CollectiveMmaINS1_31MainloopSm120TmaWarpSpecializedILi2ELi2ENS5_IJNS4_1CILi1EEESB_SB_EEENS1_40KernelTmaWarpSpecializedCooperativeSm120ILi2EEEEENS5_IJNSA_ILi128EEESG_SG_EEENS_12float_e4m3_tENS5_IJlSB_lEEESI_SJ_NS4_8TiledMMAINS4_8MMA_AtomIJNS4_16SM120_16x8x32_TNISI_SI_fEEEEENS4_6LayoutINS5_IJNSA_ILi4EEENSA_ILi2EEESB_EEENS5_IJSB_SQ_NSA_ILi0EEEEEEEENS5_IJSG_NSA_ILi32EEESW_EEEEENS4_13SM90_TMA_LOADENS4_14ComposedLayoutINS4_7SwizzleILi3ELi4ELi3EEENS4_18smem_ptr_flag_bitsILi8EEENSP_INS5_IJNSA_ILi8EEESG_EEENS5_IJSG_SB_EEEEEEENS4_9Copy_AtomIJNS4_17SM75_U32x4_LDSM_NEhEEENS4_8identityESZ_S19_S1C_S1D_EENS_8epilogue10collective18CollectiveEpilogueINS1F_22Sm90TmaWarpSpecializedILi2ELi2ELi4ELb0ELb1EEEJSH_NS5_IJNSA_ILi64EEESW_EEEvSJ_NS_10bfloat16_tESJ_NS1F_6fusion15Sm90TreeVisitorINS1N_11Sm90ComputeINS_10multipliesES1M_fLNS_15FloatRoundStyleE2EvEEJNS1N_16Sm90ColBroadcastILi0ESH_ffNS5_IJSB_ST_ST_EEELi4ELb1EEENS1O_INS1P_IS1Q_ffLS1R_2EvEEJNS1N_16Sm90RowBroadcastILi0ESH_ffNS5_IJST_SB_ST_EEELi4ELb1EEENS1N_12Sm90AccFetchEEEEEEESZ_NS10_INS11_ILi2ELi4ELi3EEENS13_ILi16EEENSP_INS5_IJS15_SW_EEENS5_IJSW_SB_EEEEEEENS4_17SM75_U32x2_LDSM_NENS4_14SM90_TMA_STOREES28_NS4_17SM90_U32x2_STSM_NENS1A_IJS2B_NS_6half_tEEEEvEEEvvEEEEvNT_6ParamsE	dense_gemm	35.62	0.10	[1, 33, 1]
304	void sglang::act_and_mul_kernel<__nv_bfloat16, (sglang::ActivationKind)2, true, false, false, false>(sglang::ActivationParams)	elementwise_copy	1.47	0.22	[7, 1, 1]
305	void sglang::per_token_quant_fp8_cta_kernel<__nv_bfloat16, 8>(__nv_bfloat16 const*, __nv_fp8_e4m3*, float*, unsigned int)	act_quant	1.47	0.09	[12, 1, 1]
306	_ZN7cutlass13device_kernelINS_4gemm6kernel13GemmUniversalIN4cute5tupleIJiiiiEEENS1_10collective13CollectiveMmaINS1_31MainloopSm120TmaWarpSpecializedILi2ELi2ENS5_IJNS4_1CILi1EEESB_SB_EEENS1_40KernelTmaWarpSpecializedCooperativeSm120ILi2EEEEENS5_IJNSA_ILi128EEESG_SG_EEENS_12float_e4m3_tENS5_IJlSB_lEEESI_SJ_NS4_8TiledMMAINS4_8MMA_AtomIJNS4_16SM120_16x8x32_TNISI_SI_fEEEEENS4_6LayoutINS5_IJNSA_ILi4EEENSA_ILi2EEESB_EEENS5_IJSB_SQ_NSA_ILi0EEEEEEEENS5_IJSG_NSA_ILi32EEESW_EEEEENS4_13SM90_TMA_LOADENS4_14ComposedLayoutINS4_7SwizzleILi3ELi4ELi3EEENS4_18smem_ptr_flag_bitsILi8EEENSP_INS5_IJNSA_ILi8EEESG_EEENS5_IJSG_SB_EEEEEEENS4_9Copy_AtomIJNS4_17SM75_U32x4_LDSM_NEhEEENS4_8identityESZ_S19_S1C_S1D_EENS_8epilogue10collective18CollectiveEpilogueINS1F_22Sm90TmaWarpSpecializedILi2ELi2ELi4ELb0ELb1EEEJSH_NS5_IJNSA_ILi64EEESW_EEEvSJ_NS_10bfloat16_tESJ_NS1F_6fusion15Sm90TreeVisitorINS1N_11Sm90ComputeINS_10multipliesES1M_fLNS_15FloatRoundStyleE2EvEEJNS1N_16Sm90ColBroadcastILi0ESH_ffNS5_IJSB_ST_ST_EEELi4ELb1EEENS1O_INS1P_IS1Q_ffLS1R_2EvEEJNS1N_16Sm90RowBroadcastILi0ESH_ffNS5_IJST_SB_ST_EEELi4ELb1EEENS1N_12Sm90AccFetchEEEEEEESZ_NS10_INS11_ILi2ELi4ELi3EEENS13_ILi16EEENSP_INS5_IJS15_SW_EEENS5_IJSW_SB_EEEEEEENS4_17SM75_U32x2_LDSM_NENS4_14SM90_TMA_STOREES28_NS4_17SM90_U32x2_STSM_NENS1A_IJS2B_NS_6half_tEEEEvEEEvvEEEEvNT_6ParamsE	dense_gemm	28.03	0.10	[1, 22, 1]
307	kernel_cutlass_kernel_flashinfernormkernelsrmsnormRMSNormKernel_object_at__tensorptrbf16gmemalign128oi64281628161_tensorptrbf16gmemalign16o28161_tensorptrbf16gmemalign128oi64281628161___T_0	norm_rope_kv	2.37	0.19	[3, 1, 1]
308	void cutlass::Kernel2<cutlass_80_wmma_tensorop_bf16_s161616gemm_bf16_16x16_128x2_tn_align8>(cutlass_80_wmma_tensorop_bf16_s161616gemm_bf16_16x16_128x2_tn_align8::Params)	dense_gemm	3.52	0.10	[8, 1, 9]
309	void cublasLt::splitKreduce_kernel<32, 16, int, __nv_bfloat16, __nv_bfloat16, float, __nv_bfloat16, false, __nv_bfloat16, __nv_bfloat16, __nv_bfloat16, true, false, false, false>(cublasLt::cublasSplitKParams<float>, __nv_bfloat16 const*, __nv_bfloat16 const*, __nv_bfloat16*, __nv_bfloat16*, float const*, float const*, __nv_bfloat16 const*, __nv_bfloat16 const*, __nv_bfloat16*, void*, long, float*, int*, float*, float*, float const*, float const*, float const*, float const*, float const*)	dense_gemm	1.31	0.10	[4, 1, 1]
310	kernel_cutlass_kernel_flashinfernormkernelsrmsnormRMSNormKernel_object_at__tensorptrbf16gmemalign128oi64281628161_tensorptrbf16gmemalign16o28161_tensorptrbf16gmemalign128oi64281628161___T_0	norm_rope_kv	2.56	-0.38	[3, 1, 1]
311	_gemma4_routing_kernel	moe_route	1.60	0.10	[12, 1, 1]
312	void moe_align_block_size_kernel<int>(int const*, int*, int*, int*, int, int, unsigned long, int*, bool, bool, int, int)	moe_route	2.08	0.06	[2, 1, 1]
313	void count_and_sort_expert_tokens_kernel<int>(int const*, int*, int*, unsigned long, bool)	moe_route	0.99	0.10	[1, 1, 1]
314	void sglang::per_token_quant_fp8_cta_kernel<__nv_bfloat16, 8>(__nv_bfloat16 const*, __nv_fp8_e4m3*, float*, unsigned int)	act_quant	1.66	0.10	[12, 1, 1]
315	fused_moe_kernel	moe_gemm	138.18	-0.19	[4224, 1, 1]
316	void sglang::act_and_mul_kernel<__nv_bfloat16, (sglang::ActivationKind)1, true, false, false, false>(sglang::ActivationParams)	elementwise_copy	15.58	-14.37	[17, 1, 1]
317	void sglang::per_token_quant_fp8_cta_kernel<__nv_bfloat16, 8>(__nv_bfloat16 const*, __nv_fp8_e4m3*, float*, unsigned int)	act_quant	1.38	0.10	[96, 1, 1]
318	fused_moe_kernel	moe_gemm	69.28	-0.19	[8448, 1, 1]
319	_moe_sum_reduce_kernel	moe_route	3.90	-3.14	[12, 2, 1]
320	_gemma_dual_rmsnorm_residual_kernel	norm_rope_kv	2.37	0.06	[12, 1, 1]
321	kernel_cutlass_kernel_flashinfernormkernelsrmsnormRMSNormKernel_object_at__tensorptrbf16gmemalign128oi64281628161_tensorptrbf16gmemalign16o28161_tensorptrbf16gmemalign128oi64281628161___T_0	norm_rope_kv	2.30	0.22	[3, 1, 1]
322	void sglang::per_token_quant_fp8_cta_kernel<__nv_bfloat16, 8>(__nv_bfloat16 const*, __nv_fp8_e4m3*, float*, unsigned int)	act_quant	1.47	0.13	[12, 1, 1]
323	_ZN7cutlass13device_kernelINS_4gemm6kernel13GemmUniversalIN4cute5tupleIJiiiiEEENS1_10collective13CollectiveMmaINS1_31MainloopSm120TmaWarpSpecializedILi2ELi2ENS5_IJNS4_1CILi1EEESB_SB_EEENS1_40KernelTmaWarpSpecializedCooperativeSm120ILi2EEEEENS5_IJNSA_ILi128EEESG_SG_EEENS_12float_e4m3_tENS5_IJlSB_lEEESI_SJ_NS4_8TiledMMAINS4_8MMA_AtomIJNS4_16SM120_16x8x32_TNISI_SI_fEEEEENS4_6LayoutINS5_IJNSA_ILi4EEENSA_ILi2EEESB_EEENS5_IJSB_SQ_NSA_ILi0EEEEEEEENS5_IJSG_NSA_ILi32EEESW_EEEEENS4_13SM90_TMA_LOADENS4_14ComposedLayoutINS4_7SwizzleILi3ELi4ELi3EEENS4_18smem_ptr_flag_bitsILi8EEENSP_INS5_IJNSA_ILi8EEESG_EEENS5_IJSG_SB_EEEEEEENS4_9Copy_AtomIJNS4_17SM75_U32x4_LDSM_NEhEEENS4_8identityESZ_S19_S1C_S1D_EENS_8epilogue10collective18CollectiveEpilogueINS1F_22Sm90TmaWarpSpecializedILi2ELi2ELi4ELb0ELb1EEEJSH_NS5_IJNSA_ILi64EEESW_EEEvSJ_NS_10bfloat16_tESJ_NS1F_6fusion15Sm90TreeVisitorINS1N_11Sm90ComputeINS_10multipliesES1M_fLNS_15FloatRoundStyleE2EvEEJNS1N_16Sm90ColBroadcastILi0ESH_ffNS5_IJSB_ST_ST_EEELi4ELb1EEENS1O_INS1P_IS1Q_ffLS1R_2EvEEJNS1N_16Sm90RowBroadcastILi0ESH_ffNS5_IJST_SB_ST_EEELi4ELb1EEENS1N_12Sm90AccFetchEEEEEEESZ_NS10_INS11_ILi2ELi4ELi3EEENS13_ILi16EEENSP_INS5_IJS15_SW_EEENS5_IJSW_SB_EEEEEEENS4_17SM75_U32x2_LDSM_NENS4_14SM90_TMA_STOREES28_NS4_17SM90_U32x2_STSM_NENS1A_IJS2B_NS_6half_tEEEEvEEEvvEEEEvNT_6ParamsE	dense_gemm	36.06	0.10	[1, 64, 1]
324	_gemma_qkv_rmsnorm_kernel	norm_rope_kv	1.54	0.10	[12, 32, 1]
325	void sglang::fused_rope_kernel<true, 256l, true, __nv_bfloat16, __nv_bfloat16, long, 32u>(sglang::FusedRopeParams)	norm_rope_kv	1.38	0.22	[72, 1, 1]
326	void at::native::elementwise_kernel<128, 4, at::native::gpu_kernel_impl_nocast<at::native::BUnaryFunctor<c10::BFloat16, c10::BFloat16, c10::BFloat16, at::native::binary_internal::MulFunctor<float> > >(at::TensorIteratorBase&, at::native::BUnaryFunctor<c10::BFloat16, c10::BFloat16, c10::BFloat16, at::native::binary_internal::MulFunctor<float> > const&)::{lambda(int)#1}>(int, at::native::gpu_kernel_impl_nocast<at::native::BUnaryFunctor<c10::BFloat16, c10::BFloat16, c10::BFloat16, at::native::binary_internal::MulFunctor<float> > >(at::TensorIteratorBase&, at::native::BUnaryFunctor<c10::BFloat16, c10::BFloat16, c10::BFloat16, at::native::binary_internal::MulFunctor<float> > const&)::{lambda(int)#1})	elementwise_copy	1.73	0.10	[48, 1, 1]
327	void at::native::elementwise_kernel<128, 4, at::native::gpu_kernel_impl_nocast<at::native::BUnaryFunctor<c10::BFloat16, c10::BFloat16, c10::BFloat16, at::native::binary_internal::MulFunctor<float> > >(at::TensorIteratorBase&, at::native::BUnaryFunctor<c10::BFloat16, c10::BFloat16, c10::BFloat16, at::native::binary_internal::MulFunctor<float> > const&)::{lambda(int)#1}>(int, at::native::gpu_kernel_impl_nocast<at::native::BUnaryFunctor<c10::BFloat16, c10::BFloat16, c10::BFloat16, at::native::binary_internal::MulFunctor<float> > >(at::TensorIteratorBase&, at::native::BUnaryFunctor<c10::BFloat16, c10::BFloat16, c10::BFloat16, at::native::binary_internal::MulFunctor<float> > const&)::{lambda(int)#1})	elementwise_copy	1.47	0.10	[48, 1, 1]
328	void at::native::elementwise_kernel<128, 4, at::native::gpu_kernel_impl_nocast<at::native::ConvertToFloat8E4M3fnOp<c10::BFloat16> >(at::TensorIteratorBase&, at::native::ConvertToFloat8E4M3fnOp<c10::BFloat16> const&)::{lambda(int)#1}>(int, at::native::gpu_kernel_impl_nocast<at::native::ConvertToFloat8E4M3fnOp<c10::BFloat16> >(at::TensorIteratorBase&, at::native::ConvertToFloat8E4M3fnOp<c10::BFloat16> const&)::{lambda(int)#1})	elementwise_copy	1.70	0.06	[48, 1, 1]
329	void at::native::elementwise_kernel<128, 4, at::native::gpu_kernel_impl_nocast<at::native::ConvertToFloat8E4M3fnOp<c10::BFloat16> >(at::TensorIteratorBase&, at::native::ConvertToFloat8E4M3fnOp<c10::BFloat16> const&)::{lambda(int)#1}>(int, at::native::gpu_kernel_impl_nocast<at::native::ConvertToFloat8E4M3fnOp<c10::BFloat16> >(at::TensorIteratorBase&, at::native::ConvertToFloat8E4M3fnOp<c10::BFloat16> const&)::{lambda(int)#1})	elementwise_copy	1.57	0.10	[48, 1, 1]
330	void sglang::store_kvcache_kernel<2048l, 2048l, 128u, true, long>(sglang::StoreKVCacheParams)	norm_rope_kv	1.02	0.22	[48, 1, 1]
331	_fwd_grouped_kernel_stage1	attention	39.91	0.10	[12, 8, 8]
332	_fwd_kernel_stage2	attention	2.21	0.22	[12, 16, 1]
333	void sglang::per_token_quant_fp8_cta_kernel<__nv_bfloat16, 8>(__nv_bfloat16 const*, __nv_fp8_e4m3*, float*, unsigned int)	act_quant	1.57	0.10	[12, 1, 1]
334	_ZN7cutlass13device_kernelINS_4gemm6kernel13GemmUniversalIN4cute5tupleIJiiiiEEENS1_10collective13CollectiveMmaINS1_31MainloopSm120TmaWarpSpecializedILi2ELi2ENS5_IJNS4_1CILi1EEESB_SB_EEENS1_40KernelTmaWarpSpecializedCooperativeSm120ILi2EEEEENS5_IJNSA_ILi128EEESG_SG_EEENS_12float_e4m3_tENS5_IJlSB_lEEESI_SJ_NS4_8TiledMMAINS4_8MMA_AtomIJNS4_16SM120_16x8x32_TNISI_SI_fEEEEENS4_6LayoutINS5_IJNSA_ILi4EEENSA_ILi2EEESB_EEENS5_IJSB_SQ_NSA_ILi0EEEEEEEENS5_IJSG_NSA_ILi32EEESW_EEEEENS4_13SM90_TMA_LOADENS4_14ComposedLayoutINS4_7SwizzleILi3ELi4ELi3EEENS4_18smem_ptr_flag_bitsILi8EEENSP_INS5_IJNSA_ILi8EEESG_EEENS5_IJSG_SB_EEEEEEENS4_9Copy_AtomIJNS4_17SM75_U32x4_LDSM_NEhEEENS4_8identityESZ_S19_S1C_S1D_EENS_8epilogue10collective18CollectiveEpilogueINS1F_22Sm90TmaWarpSpecializedILi2ELi2ELi4ELb0ELb1EEEJSH_NS5_IJNSA_ILi64EEESW_EEEvSJ_NS_10bfloat16_tESJ_NS1F_6fusion15Sm90TreeVisitorINS1N_11Sm90ComputeINS_10multipliesES1M_fLNS_15FloatRoundStyleE2EvEEJNS1N_16Sm90ColBroadcastILi0ESH_ffNS5_IJSB_ST_ST_EEELi4ELb1EEENS1O_INS1P_IS1Q_ffLS1R_2EvEEJNS1N_16Sm90RowBroadcastILi0ESH_ffNS5_IJST_SB_ST_EEELi4ELb1EEENS1N_12Sm90AccFetchEEEEEEESZ_NS10_INS11_ILi2ELi4ELi3EEENS13_ILi16EEENSP_INS5_IJS15_SW_EEENS5_IJSW_SB_EEEEEEENS4_17SM75_U32x2_LDSM_NENS4_14SM90_TMA_STOREES28_NS4_17SM90_U32x2_STSM_NENS1A_IJS2B_NS_6half_tEEEEvEEEvvEEEEvNT_6ParamsE	dense_gemm	49.70	0.10	[1, 22, 1]
335	kernel_cutlass_kernel_flashinfernormkernelsrmsnormRMSNormKernel_object_at__tensorptrbf16gmemalign128oi64281628161_tensorptrbf16gmemalign16o28161_tensorptrbf16gmemalign128oi64281628161___T_0	norm_rope_kv	2.75	-0.19	[3, 1, 1]
336	kernel_cutlass_kernel_flashinfernormkernelsfused_add_rmsnormFusedAddRMSNormKernel_object_at__tensorptrbf16gmemalign128oi64281628161_tensorptrbf16gmemalign128oi64281628161_tensorptrbf16gme_0	norm_rope_kv	2.43	-0.32	[3, 1, 1]
337	void sglang::per_token_quant_fp8_cta_kernel<__nv_bfloat16, 8>(__nv_bfloat16 const*, __nv_fp8_e4m3*, float*, unsigned int)	act_quant	1.50	0.10	[12, 1, 1]
338	_ZN7cutlass13device_kernelINS_4gemm6kernel13GemmUniversalIN4cute5tupleIJiiiiEEENS1_10collective13CollectiveMmaINS1_31MainloopSm120TmaWarpSpecializedILi2ELi2ENS5_IJNS4_1CILi1EEESB_SB_EEENS1_40KernelTmaWarpSpecializedCooperativeSm120ILi2EEEEENS5_IJNSA_ILi128EEESG_SG_EEENS_12float_e4m3_tENS5_IJlSB_lEEESI_SJ_NS4_8TiledMMAINS4_8MMA_AtomIJNS4_16SM120_16x8x32_TNISI_SI_fEEEEENS4_6LayoutINS5_IJNSA_ILi4EEENSA_ILi2EEESB_EEENS5_IJSB_SQ_NSA_ILi0EEEEEEEENS5_IJSG_NSA_ILi32EEESW_EEEEENS4_13SM90_TMA_LOADENS4_14ComposedLayoutINS4_7SwizzleILi3ELi4ELi3EEENS4_18smem_ptr_flag_bitsILi8EEENSP_INS5_IJNSA_ILi8EEESG_EEENS5_IJSG_SB_EEEEEEENS4_9Copy_AtomIJNS4_17SM75_U32x4_LDSM_NEhEEENS4_8identityESZ_S19_S1C_S1D_EENS_8epilogue10collective18CollectiveEpilogueINS1F_22Sm90TmaWarpSpecializedILi2ELi2ELi4ELb0ELb1EEEJSH_NS5_IJNSA_ILi64EEESW_EEEvSJ_NS_10bfloat16_tESJ_NS1F_6fusion15Sm90TreeVisitorINS1N_11Sm90ComputeINS_10multipliesES1M_fLNS_15FloatRoundStyleE2EvEEJNS1N_16Sm90ColBroadcastILi0ESH_ffNS5_IJSB_ST_ST_EEELi4ELb1EEENS1O_INS1P_IS1Q_ffLS1R_2EvEEJNS1N_16Sm90RowBroadcastILi0ESH_ffNS5_IJST_SB_ST_EEELi4ELb1EEENS1N_12Sm90AccFetchEEEEEEESZ_NS10_INS11_ILi2ELi4ELi3EEENS13_ILi16EEENSP_INS5_IJS15_SW_EEENS5_IJSW_SB_EEEEEEENS4_17SM75_U32x2_LDSM_NENS4_14SM90_TMA_STOREES28_NS4_17SM90_U32x2_STSM_NENS1A_IJS2B_NS_6half_tEEEEvEEEvvEEEEvNT_6ParamsE	dense_gemm	35.39	0.10	[1, 33, 1]
339	void sglang::act_and_mul_kernel<__nv_bfloat16, (sglang::ActivationKind)2, true, false, false, false>(sglang::ActivationParams)	elementwise_copy	1.47	0.22	[7, 1, 1]
340	void sglang::per_token_quant_fp8_cta_kernel<__nv_bfloat16, 8>(__nv_bfloat16 const*, __nv_fp8_e4m3*, float*, unsigned int)	act_quant	1.50	0.06	[12, 1, 1]
341	_ZN7cutlass13device_kernelINS_4gemm6kernel13GemmUniversalIN4cute5tupleIJiiiiEEENS1_10collective13CollectiveMmaINS1_31MainloopSm120TmaWarpSpecializedILi2ELi2ENS5_IJNS4_1CILi1EEESB_SB_EEENS1_40KernelTmaWarpSpecializedCooperativeSm120ILi2EEEEENS5_IJNSA_ILi128EEESG_SG_EEENS_12float_e4m3_tENS5_IJlSB_lEEESI_SJ_NS4_8TiledMMAINS4_8MMA_AtomIJNS4_16SM120_16x8x32_TNISI_SI_fEEEEENS4_6LayoutINS5_IJNSA_ILi4EEENSA_ILi2EEESB_EEENS5_IJSB_SQ_NSA_ILi0EEEEEEEENS5_IJSG_NSA_ILi32EEESW_EEEEENS4_13SM90_TMA_LOADENS4_14ComposedLayoutINS4_7SwizzleILi3ELi4ELi3EEENS4_18smem_ptr_flag_bitsILi8EEENSP_INS5_IJNSA_ILi8EEESG_EEENS5_IJSG_SB_EEEEEEENS4_9Copy_AtomIJNS4_17SM75_U32x4_LDSM_NEhEEENS4_8identityESZ_S19_S1C_S1D_EENS_8epilogue10collective18CollectiveEpilogueINS1F_22Sm90TmaWarpSpecializedILi2ELi2ELi4ELb0ELb1EEEJSH_NS5_IJNSA_ILi64EEESW_EEEvSJ_NS_10bfloat16_tESJ_NS1F_6fusion15Sm90TreeVisitorINS1N_11Sm90ComputeINS_10multipliesES1M_fLNS_15FloatRoundStyleE2EvEEJNS1N_16Sm90ColBroadcastILi0ESH_ffNS5_IJSB_ST_ST_EEELi4ELb1EEENS1O_INS1P_IS1Q_ffLS1R_2EvEEJNS1N_16Sm90RowBroadcastILi0ESH_ffNS5_IJST_SB_ST_EEELi4ELb1EEENS1N_12Sm90AccFetchEEEEEEESZ_NS10_INS11_ILi2ELi4ELi3EEENS13_ILi16EEENSP_INS5_IJS15_SW_EEENS5_IJSW_SB_EEEEEEENS4_17SM75_U32x2_LDSM_NENS4_14SM90_TMA_STOREES28_NS4_17SM90_U32x2_STSM_NENS1A_IJS2B_NS_6half_tEEEEvEEEvvEEEEvNT_6ParamsE	dense_gemm	28.06	0.10	[1, 22, 1]
342	kernel_cutlass_kernel_flashinfernormkernelsrmsnormRMSNormKernel_object_at__tensorptrbf16gmemalign128oi64281628161_tensorptrbf16gmemalign16o28161_tensorptrbf16gmemalign128oi64281628161___T_0	norm_rope_kv	2.37	0.19	[3, 1, 1]
343	void cutlass::Kernel2<cutlass_80_wmma_tensorop_bf16_s161616gemm_bf16_16x16_128x2_tn_align8>(cutlass_80_wmma_tensorop_bf16_s161616gemm_bf16_16x16_128x2_tn_align8::Params)	dense_gemm	3.58	0.10	[8, 1, 9]
344	void cublasLt::splitKreduce_kernel<32, 16, int, __nv_bfloat16, __nv_bfloat16, float, __nv_bfloat16, false, __nv_bfloat16, __nv_bfloat16, __nv_bfloat16, true, false, false, false>(cublasLt::cublasSplitKParams<float>, __nv_bfloat16 const*, __nv_bfloat16 const*, __nv_bfloat16*, __nv_bfloat16*, float const*, float const*, __nv_bfloat16 const*, __nv_bfloat16 const*, __nv_bfloat16*, void*, long, float*, int*, float*, float*, float const*, float const*, float const*, float const*, float const*)	dense_gemm	1.34	0.10	[4, 1, 1]
345	kernel_cutlass_kernel_flashinfernormkernelsrmsnormRMSNormKernel_object_at__tensorptrbf16gmemalign128oi64281628161_tensorptrbf16gmemalign16o28161_tensorptrbf16gmemalign128oi64281628161___T_0	norm_rope_kv	2.62	-0.32	[3, 1, 1]
346	_gemma4_routing_kernel	moe_route	1.60	0.10	[12, 1, 1]
347	void moe_align_block_size_kernel<int>(int const*, int*, int*, int*, int, int, unsigned long, int*, bool, bool, int, int)	moe_route	2.08	0.10	[2, 1, 1]
348	void count_and_sort_expert_tokens_kernel<int>(int const*, int*, int*, unsigned long, bool)	moe_route	0.99	0.10	[1, 1, 1]
349	void sglang::per_token_quant_fp8_cta_kernel<__nv_bfloat16, 8>(__nv_bfloat16 const*, __nv_fp8_e4m3*, float*, unsigned int)	act_quant	1.66	0.10	[12, 1, 1]
350	fused_moe_kernel	moe_gemm	140.51	-0.19	[4224, 1, 1]
351	void sglang::act_and_mul_kernel<__nv_bfloat16, (sglang::ActivationKind)1, true, false, false, false>(sglang::ActivationParams)	elementwise_copy	15.49	-14.08	[17, 1, 1]
352	void sglang::per_token_quant_fp8_cta_kernel<__nv_bfloat16, 8>(__nv_bfloat16 const*, __nv_fp8_e4m3*, float*, unsigned int)	act_quant	1.38	0.10	[96, 1, 1]
353	fused_moe_kernel	moe_gemm	70.24	-0.19	[8448, 1, 1]
354	_moe_sum_reduce_kernel	moe_route	3.55	-2.53	[12, 2, 1]
355	_gemma_dual_rmsnorm_residual_kernel	norm_rope_kv	2.37	0.10	[12, 1, 1]
356	kernel_cutlass_kernel_flashinfernormkernelsrmsnormRMSNormKernel_object_at__tensorptrbf16gmemalign128oi64281628161_tensorptrbf16gmemalign16o28161_tensorptrbf16gmemalign128oi64281628161___T_0	norm_rope_kv	2.34	0.19	[3, 1, 1]
357	void sglang::per_token_quant_fp8_cta_kernel<__nv_bfloat16, 8>(__nv_bfloat16 const*, __nv_fp8_e4m3*, float*, unsigned int)	act_quant	1.50	0.10	[12, 1, 1]
358	_ZN7cutlass13device_kernelINS_4gemm6kernel13GemmUniversalIN4cute5tupleIJiiiiEEENS1_10collective13CollectiveMmaINS1_31MainloopSm120TmaWarpSpecializedILi2ELi2ENS5_IJNS4_1CILi1EEESB_SB_EEENS1_40KernelTmaWarpSpecializedCooperativeSm120ILi2EEEEENS5_IJNSA_ILi128EEESG_SG_EEENS_12float_e4m3_tENS5_IJlSB_lEEESI_SJ_NS4_8TiledMMAINS4_8MMA_AtomIJNS4_16SM120_16x8x32_TNISI_SI_fEEEEENS4_6LayoutINS5_IJNSA_ILi4EEENSA_ILi2EEESB_EEENS5_IJSB_SQ_NSA_ILi0EEEEEEEENS5_IJSG_NSA_ILi32EEESW_EEEEENS4_13SM90_TMA_LOADENS4_14ComposedLayoutINS4_7SwizzleILi3ELi4ELi3EEENS4_18smem_ptr_flag_bitsILi8EEENSP_INS5_IJNSA_ILi8EEESG_EEENS5_IJSG_SB_EEEEEEENS4_9Copy_AtomIJNS4_17SM75_U32x4_LDSM_NEhEEENS4_8identityESZ_S19_S1C_S1D_EENS_8epilogue10collective18CollectiveEpilogueINS1F_22Sm90TmaWarpSpecializedILi2ELi2ELi4ELb0ELb1EEEJSH_NS5_IJNSA_ILi64EEESW_EEEvSJ_NS_10bfloat16_tESJ_NS1F_6fusion15Sm90TreeVisitorINS1N_11Sm90ComputeINS_10multipliesES1M_fLNS_15FloatRoundStyleE2EvEEJNS1N_16Sm90ColBroadcastILi0ESH_ffNS5_IJSB_ST_ST_EEELi4ELb1EEENS1O_INS1P_IS1Q_ffLS1R_2EvEEJNS1N_16Sm90RowBroadcastILi0ESH_ffNS5_IJST_SB_ST_EEELi4ELb1EEENS1N_12Sm90AccFetchEEEEEEESZ_NS10_INS11_ILi2ELi4ELi3EEENS13_ILi16EEENSP_INS5_IJS15_SW_EEENS5_IJSW_SB_EEEEEEENS4_17SM75_U32x2_LDSM_NENS4_14SM90_TMA_STOREES28_NS4_17SM90_U32x2_STSM_NENS1A_IJS2B_NS_6half_tEEEEvEEEvvEEEEvNT_6ParamsE	dense_gemm	36.10	0.10	[1, 64, 1]
359	_gemma_qkv_rmsnorm_kernel	norm_rope_kv	1.54	0.10	[12, 32, 1]
360	void sglang::fused_rope_kernel<true, 256l, true, __nv_bfloat16, __nv_bfloat16, long, 32u>(sglang::FusedRopeParams)	norm_rope_kv	1.41	0.22	[72, 1, 1]
361	void at::native::elementwise_kernel<128, 4, at::native::gpu_kernel_impl_nocast<at::native::BUnaryFunctor<c10::BFloat16, c10::BFloat16, c10::BFloat16, at::native::binary_internal::MulFunctor<float> > >(at::TensorIteratorBase&, at::native::BUnaryFunctor<c10::BFloat16, c10::BFloat16, c10::BFloat16, at::native::binary_internal::MulFunctor<float> > const&)::{lambda(int)#1}>(int, at::native::gpu_kernel_impl_nocast<at::native::BUnaryFunctor<c10::BFloat16, c10::BFloat16, c10::BFloat16, at::native::binary_internal::MulFunctor<float> > >(at::TensorIteratorBase&, at::native::BUnaryFunctor<c10::BFloat16, c10::BFloat16, c10::BFloat16, at::native::binary_internal::MulFunctor<float> > const&)::{lambda(int)#1})	elementwise_copy	1.70	0.10	[48, 1, 1]
362	void at::native::elementwise_kernel<128, 4, at::native::gpu_kernel_impl_nocast<at::native::BUnaryFunctor<c10::BFloat16, c10::BFloat16, c10::BFloat16, at::native::binary_internal::MulFunctor<float> > >(at::TensorIteratorBase&, at::native::BUnaryFunctor<c10::BFloat16, c10::BFloat16, c10::BFloat16, at::native::binary_internal::MulFunctor<float> > const&)::{lambda(int)#1}>(int, at::native::gpu_kernel_impl_nocast<at::native::BUnaryFunctor<c10::BFloat16, c10::BFloat16, c10::BFloat16, at::native::binary_internal::MulFunctor<float> > >(at::TensorIteratorBase&, at::native::BUnaryFunctor<c10::BFloat16, c10::BFloat16, c10::BFloat16, at::native::binary_internal::MulFunctor<float> > const&)::{lambda(int)#1})	elementwise_copy	1.47	0.10	[48, 1, 1]
363	void at::native::elementwise_kernel<128, 4, at::native::gpu_kernel_impl_nocast<at::native::ConvertToFloat8E4M3fnOp<c10::BFloat16> >(at::TensorIteratorBase&, at::native::ConvertToFloat8E4M3fnOp<c10::BFloat16> const&)::{lambda(int)#1}>(int, at::native::gpu_kernel_impl_nocast<at::native::ConvertToFloat8E4M3fnOp<c10::BFloat16> >(at::TensorIteratorBase&, at::native::ConvertToFloat8E4M3fnOp<c10::BFloat16> const&)::{lambda(int)#1})	elementwise_copy	1.66	0.10	[48, 1, 1]
364	void at::native::elementwise_kernel<128, 4, at::native::gpu_kernel_impl_nocast<at::native::ConvertToFloat8E4M3fnOp<c10::BFloat16> >(at::TensorIteratorBase&, at::native::ConvertToFloat8E4M3fnOp<c10::BFloat16> const&)::{lambda(int)#1}>(int, at::native::gpu_kernel_impl_nocast<at::native::ConvertToFloat8E4M3fnOp<c10::BFloat16> >(at::TensorIteratorBase&, at::native::ConvertToFloat8E4M3fnOp<c10::BFloat16> const&)::{lambda(int)#1})	elementwise_copy	1.60	0.10	[48, 1, 1]
365	void sglang::store_kvcache_kernel<2048l, 2048l, 128u, true, long>(sglang::StoreKVCacheParams)	norm_rope_kv	1.02	0.22	[48, 1, 1]
366	_fwd_grouped_kernel_stage1	attention	39.81	0.10	[12, 8, 8]
367	_fwd_kernel_stage2	attention	2.21	0.22	[12, 16, 1]
368	void sglang::per_token_quant_fp8_cta_kernel<__nv_bfloat16, 8>(__nv_bfloat16 const*, __nv_fp8_e4m3*, float*, unsigned int)	act_quant	1.57	0.10	[12, 1, 1]
369	_ZN7cutlass13device_kernelINS_4gemm6kernel13GemmUniversalIN4cute5tupleIJiiiiEEENS1_10collective13CollectiveMmaINS1_31MainloopSm120TmaWarpSpecializedILi2ELi2ENS5_IJNS4_1CILi1EEESB_SB_EEENS1_40KernelTmaWarpSpecializedCooperativeSm120ILi2EEEEENS5_IJNSA_ILi128EEESG_SG_EEENS_12float_e4m3_tENS5_IJlSB_lEEESI_SJ_NS4_8TiledMMAINS4_8MMA_AtomIJNS4_16SM120_16x8x32_TNISI_SI_fEEEEENS4_6LayoutINS5_IJNSA_ILi4EEENSA_ILi2EEESB_EEENS5_IJSB_SQ_NSA_ILi0EEEEEEEENS5_IJSG_NSA_ILi32EEESW_EEEEENS4_13SM90_TMA_LOADENS4_14ComposedLayoutINS4_7SwizzleILi3ELi4ELi3EEENS4_18smem_ptr_flag_bitsILi8EEENSP_INS5_IJNSA_ILi8EEESG_EEENS5_IJSG_SB_EEEEEEENS4_9Copy_AtomIJNS4_17SM75_U32x4_LDSM_NEhEEENS4_8identityESZ_S19_S1C_S1D_EENS_8epilogue10collective18CollectiveEpilogueINS1F_22Sm90TmaWarpSpecializedILi2ELi2ELi4ELb0ELb1EEEJSH_NS5_IJNSA_ILi64EEESW_EEEvSJ_NS_10bfloat16_tESJ_NS1F_6fusion15Sm90TreeVisitorINS1N_11Sm90ComputeINS_10multipliesES1M_fLNS_15FloatRoundStyleE2EvEEJNS1N_16Sm90ColBroadcastILi0ESH_ffNS5_IJSB_ST_ST_EEELi4ELb1EEENS1O_INS1P_IS1Q_ffLS1R_2EvEEJNS1N_16Sm90RowBroadcastILi0ESH_ffNS5_IJST_SB_ST_EEELi4ELb1EEENS1N_12Sm90AccFetchEEEEEEESZ_NS10_INS11_ILi2ELi4ELi3EEENS13_ILi16EEENSP_INS5_IJS15_SW_EEENS5_IJSW_SB_EEEEEEENS4_17SM75_U32x2_LDSM_NENS4_14SM90_TMA_STOREES28_NS4_17SM90_U32x2_STSM_NENS1A_IJS2B_NS_6half_tEEEEvEEEvvEEEEvNT_6ParamsE	dense_gemm	49.73	0.10	[1, 22, 1]
370	kernel_cutlass_kernel_flashinfernormkernelsrmsnormRMSNormKernel_object_at__tensorptrbf16gmemalign128oi64281628161_tensorptrbf16gmemalign16o28161_tensorptrbf16gmemalign128oi64281628161___T_0	norm_rope_kv	2.56	-0.19	[3, 1, 1]
371	kernel_cutlass_kernel_flashinfernormkernelsfused_add_rmsnormFusedAddRMSNormKernel_object_at__tensorptrbf16gmemalign128oi64281628161_tensorptrbf16gmemalign128oi64281628161_tensorptrbf16gme_0	norm_rope_kv	2.43	-0.16	[3, 1, 1]
372	void sglang::per_token_quant_fp8_cta_kernel<__nv_bfloat16, 8>(__nv_bfloat16 const*, __nv_fp8_e4m3*, float*, unsigned int)	act_quant	1.50	0.10	[12, 1, 1]
373	_ZN7cutlass13device_kernelINS_4gemm6kernel13GemmUniversalIN4cute5tupleIJiiiiEEENS1_10collective13CollectiveMmaINS1_31MainloopSm120TmaWarpSpecializedILi2ELi2ENS5_IJNS4_1CILi1EEESB_SB_EEENS1_40KernelTmaWarpSpecializedCooperativeSm120ILi2EEEEENS5_IJNSA_ILi128EEESG_SG_EEENS_12float_e4m3_tENS5_IJlSB_lEEESI_SJ_NS4_8TiledMMAINS4_8MMA_AtomIJNS4_16SM120_16x8x32_TNISI_SI_fEEEEENS4_6LayoutINS5_IJNSA_ILi4EEENSA_ILi2EEESB_EEENS5_IJSB_SQ_NSA_ILi0EEEEEEEENS5_IJSG_NSA_ILi32EEESW_EEEEENS4_13SM90_TMA_LOADENS4_14ComposedLayoutINS4_7SwizzleILi3ELi4ELi3EEENS4_18smem_ptr_flag_bitsILi8EEENSP_INS5_IJNSA_ILi8EEESG_EEENS5_IJSG_SB_EEEEEEENS4_9Copy_AtomIJNS4_17SM75_U32x4_LDSM_NEhEEENS4_8identityESZ_S19_S1C_S1D_EENS_8epilogue10collective18CollectiveEpilogueINS1F_22Sm90TmaWarpSpecializedILi2ELi2ELi4ELb0ELb1EEEJSH_NS5_IJNSA_ILi64EEESW_EEEvSJ_NS_10bfloat16_tESJ_NS1F_6fusion15Sm90TreeVisitorINS1N_11Sm90ComputeINS_10multipliesES1M_fLNS_15FloatRoundStyleE2EvEEJNS1N_16Sm90ColBroadcastILi0ESH_ffNS5_IJSB_ST_ST_EEELi4ELb1EEENS1O_INS1P_IS1Q_ffLS1R_2EvEEJNS1N_16Sm90RowBroadcastILi0ESH_ffNS5_IJST_SB_ST_EEELi4ELb1EEENS1N_12Sm90AccFetchEEEEEEESZ_NS10_INS11_ILi2ELi4ELi3EEENS13_ILi16EEENSP_INS5_IJS15_SW_EEENS5_IJSW_SB_EEEEEEENS4_17SM75_U32x2_LDSM_NENS4_14SM90_TMA_STOREES28_NS4_17SM90_U32x2_STSM_NENS1A_IJS2B_NS_6half_tEEEEvEEEvvEEEEvNT_6ParamsE	dense_gemm	35.46	0.10	[1, 33, 1]
374	void sglang::act_and_mul_kernel<__nv_bfloat16, (sglang::ActivationKind)2, true, false, false, false>(sglang::ActivationParams)	elementwise_copy	1.44	0.22	[7, 1, 1]
375	void sglang::per_token_quant_fp8_cta_kernel<__nv_bfloat16, 8>(__nv_bfloat16 const*, __nv_fp8_e4m3*, float*, unsigned int)	act_quant	1.50	0.10	[12, 1, 1]
376	_ZN7cutlass13device_kernelINS_4gemm6kernel13GemmUniversalIN4cute5tupleIJiiiiEEENS1_10collective13CollectiveMmaINS1_31MainloopSm120TmaWarpSpecializedILi2ELi2ENS5_IJNS4_1CILi1EEESB_SB_EEENS1_40KernelTmaWarpSpecializedCooperativeSm120ILi2EEEEENS5_IJNSA_ILi128EEESG_SG_EEENS_12float_e4m3_tENS5_IJlSB_lEEESI_SJ_NS4_8TiledMMAINS4_8MMA_AtomIJNS4_16SM120_16x8x32_TNISI_SI_fEEEEENS4_6LayoutINS5_IJNSA_ILi4EEENSA_ILi2EEESB_EEENS5_IJSB_SQ_NSA_ILi0EEEEEEEENS5_IJSG_NSA_ILi32EEESW_EEEEENS4_13SM90_TMA_LOADENS4_14ComposedLayoutINS4_7SwizzleILi3ELi4ELi3EEENS4_18smem_ptr_flag_bitsILi8EEENSP_INS5_IJNSA_ILi8EEESG_EEENS5_IJSG_SB_EEEEEEENS4_9Copy_AtomIJNS4_17SM75_U32x4_LDSM_NEhEEENS4_8identityESZ_S19_S1C_S1D_EENS_8epilogue10collective18CollectiveEpilogueINS1F_22Sm90TmaWarpSpecializedILi2ELi2ELi4ELb0ELb1EEEJSH_NS5_IJNSA_ILi64EEESW_EEEvSJ_NS_10bfloat16_tESJ_NS1F_6fusion15Sm90TreeVisitorINS1N_11Sm90ComputeINS_10multipliesES1M_fLNS_15FloatRoundStyleE2EvEEJNS1N_16Sm90ColBroadcastILi0ESH_ffNS5_IJSB_ST_ST_EEELi4ELb1EEENS1O_INS1P_IS1Q_ffLS1R_2EvEEJNS1N_16Sm90RowBroadcastILi0ESH_ffNS5_IJST_SB_ST_EEELi4ELb1EEENS1N_12Sm90AccFetchEEEEEEESZ_NS10_INS11_ILi2ELi4ELi3EEENS13_ILi16EEENSP_INS5_IJS15_SW_EEENS5_IJSW_SB_EEEEEEENS4_17SM75_U32x2_LDSM_NENS4_14SM90_TMA_STOREES28_NS4_17SM90_U32x2_STSM_NENS1A_IJS2B_NS_6half_tEEEEvEEEvvEEEEvNT_6ParamsE	dense_gemm	28.22	0.10	[1, 22, 1]
377	kernel_cutlass_kernel_flashinfernormkernelsrmsnormRMSNormKernel_object_at__tensorptrbf16gmemalign128oi64281628161_tensorptrbf16gmemalign16o28161_tensorptrbf16gmemalign128oi64281628161___T_0	norm_rope_kv	2.37	0.19	[3, 1, 1]
378	void cutlass::Kernel2<cutlass_80_wmma_tensorop_bf16_s161616gemm_bf16_16x16_128x2_tn_align8>(cutlass_80_wmma_tensorop_bf16_s161616gemm_bf16_16x16_128x2_tn_align8::Params)	dense_gemm	3.36	0.06	[8, 1, 9]
379	void cublasLt::splitKreduce_kernel<32, 16, int, __nv_bfloat16, __nv_bfloat16, float, __nv_bfloat16, false, __nv_bfloat16, __nv_bfloat16, __nv_bfloat16, true, false, false, false>(cublasLt::cublasSplitKParams<float>, __nv_bfloat16 const*, __nv_bfloat16 const*, __nv_bfloat16*, __nv_bfloat16*, float const*, float const*, __nv_bfloat16 const*, __nv_bfloat16 const*, __nv_bfloat16*, void*, long, float*, int*, float*, float*, float const*, float const*, float const*, float const*, float const*)	dense_gemm	1.31	0.10	[4, 1, 1]
380	kernel_cutlass_kernel_flashinfernormkernelsrmsnormRMSNormKernel_object_at__tensorptrbf16gmemalign128oi64281628161_tensorptrbf16gmemalign16o28161_tensorptrbf16gmemalign128oi64281628161___T_0	norm_rope_kv	2.50	-0.35	[3, 1, 1]
381	_gemma4_routing_kernel	moe_route	1.60	0.10	[12, 1, 1]
382	void moe_align_block_size_kernel<int>(int const*, int*, int*, int*, int, int, unsigned long, int*, bool, bool, int, int)	moe_route	2.05	0.10	[2, 1, 1]
383	void count_and_sort_expert_tokens_kernel<int>(int const*, int*, int*, unsigned long, bool)	moe_route	1.09	0.10	[1, 1, 1]
384	void sglang::per_token_quant_fp8_cta_kernel<__nv_bfloat16, 8>(__nv_bfloat16 const*, __nv_fp8_e4m3*, float*, unsigned int)	act_quant	1.66	0.06	[12, 1, 1]
385	fused_moe_kernel	moe_gemm	121.92	-0.16	[4224, 1, 1]
386	void sglang::act_and_mul_kernel<__nv_bfloat16, (sglang::ActivationKind)1, true, false, false, false>(sglang::ActivationParams)	elementwise_copy	45.79	-44.45	[17, 1, 1]
387	void sglang::per_token_quant_fp8_cta_kernel<__nv_bfloat16, 8>(__nv_bfloat16 const*, __nv_fp8_e4m3*, float*, unsigned int)	act_quant	1.38	0.10	[96, 1, 1]
388	fused_moe_kernel	moe_gemm	61.50	-0.19	[8448, 1, 1]
389	_moe_sum_reduce_kernel	moe_route	4.35	-3.23	[12, 2, 1]
390	_gemma_dual_rmsnorm_residual_kernel	norm_rope_kv	2.34	0.10	[12, 1, 1]
391	kernel_cutlass_kernel_flashinfernormkernelsrmsnormRMSNormKernel_object_at__tensorptrbf16gmemalign128oi64281628161_tensorptrbf16gmemalign16o28161_tensorptrbf16gmemalign128oi64281628161___T_0	norm_rope_kv	2.40	0.22	[3, 1, 1]
392	void sglang::per_token_quant_fp8_cta_kernel<__nv_bfloat16, 8>(__nv_bfloat16 const*, __nv_fp8_e4m3*, float*, unsigned int)	act_quant	1.50	0.10	[12, 1, 1]
393	_ZN7cutlass13device_kernelINS_4gemm6kernel13GemmUniversalIN4cute5tupleIJiiiiEEENS1_10collective13CollectiveMmaINS1_31MainloopSm120TmaWarpSpecializedILi2ELi2ENS5_IJNS4_1CILi1EEESB_SB_EEENS1_40KernelTmaWarpSpecializedCooperativeSm120ILi2EEEEENS5_IJNSA_ILi128EEESG_SG_EEENS_12float_e4m3_tENS5_IJlSB_lEEESI_SJ_NS4_8TiledMMAINS4_8MMA_AtomIJNS4_16SM120_16x8x32_TNISI_SI_fEEEEENS4_6LayoutINS5_IJNSA_ILi4EEENSA_ILi2EEESB_EEENS5_IJSB_SQ_NSA_ILi0EEEEEEEENS5_IJSG_NSA_ILi32EEESW_EEEEENS4_13SM90_TMA_LOADENS4_14ComposedLayoutINS4_7SwizzleILi3ELi4ELi3EEENS4_18smem_ptr_flag_bitsILi8EEENSP_INS5_IJNSA_ILi8EEESG_EEENS5_IJSG_SB_EEEEEEENS4_9Copy_AtomIJNS4_17SM75_U32x4_LDSM_NEhEEENS4_8identityESZ_S19_S1C_S1D_EENS_8epilogue10collective18CollectiveEpilogueINS1F_22Sm90TmaWarpSpecializedILi2ELi2ELi4ELb0ELb1EEEJSH_NS5_IJNSA_ILi64EEESW_EEEvSJ_NS_10bfloat16_tESJ_NS1F_6fusion15Sm90TreeVisitorINS1N_11Sm90ComputeINS_10multipliesES1M_fLNS_15FloatRoundStyleE2EvEEJNS1N_16Sm90ColBroadcastILi0ESH_ffNS5_IJSB_ST_ST_EEELi4ELb1EEENS1O_INS1P_IS1Q_ffLS1R_2EvEEJNS1N_16Sm90RowBroadcastILi0ESH_ffNS5_IJST_SB_ST_EEELi4ELb1EEENS1N_12Sm90AccFetchEEEEEEESZ_NS10_INS11_ILi2ELi4ELi3EEENS13_ILi16EEENSP_INS5_IJS15_SW_EEENS5_IJSW_SB_EEEEEEENS4_17SM75_U32x2_LDSM_NENS4_14SM90_TMA_STOREES28_NS4_17SM90_U32x2_STSM_NENS1A_IJS2B_NS_6half_tEEEEvEEEvvEEEEvNT_6ParamsE	dense_gemm	37.06	0.10	[1, 80, 1]
394	_gemma_qkv_rmsnorm_kernel	norm_rope_kv	1.60	0.10	[12, 20, 1]
395	void sglang::fused_rope_kernel<true, 512l, true, __nv_bfloat16, __nv_bfloat16, long, 64u>(sglang::FusedRopeParams)	norm_rope_kv	1.41	0.22	[108, 1, 1]
396	void at::native::elementwise_kernel<128, 4, at::native::gpu_kernel_impl_nocast<at::native::BUnaryFunctor<c10::BFloat16, c10::BFloat16, c10::BFloat16, at::native::binary_internal::MulFunctor<float> > >(at::TensorIteratorBase&, at::native::BUnaryFunctor<c10::BFloat16, c10::BFloat16, c10::BFloat16, at::native::binary_internal::MulFunctor<float> > const&)::{lambda(int)#1}>(int, at::native::gpu_kernel_impl_nocast<at::native::BUnaryFunctor<c10::BFloat16, c10::BFloat16, c10::BFloat16, at::native::binary_internal::MulFunctor<float> > >(at::TensorIteratorBase&, at::native::BUnaryFunctor<c10::BFloat16, c10::BFloat16, c10::BFloat16, at::native::binary_internal::MulFunctor<float> > const&)::{lambda(int)#1})	elementwise_copy	1.70	0.10	[24, 1, 1]
397	void at::native::elementwise_kernel<128, 4, at::native::gpu_kernel_impl_nocast<at::native::BUnaryFunctor<c10::BFloat16, c10::BFloat16, c10::BFloat16, at::native::binary_internal::MulFunctor<float> > >(at::TensorIteratorBase&, at::native::BUnaryFunctor<c10::BFloat16, c10::BFloat16, c10::BFloat16, at::native::binary_internal::MulFunctor<float> > const&)::{lambda(int)#1}>(int, at::native::gpu_kernel_impl_nocast<at::native::BUnaryFunctor<c10::BFloat16, c10::BFloat16, c10::BFloat16, at::native::binary_internal::MulFunctor<float> > >(at::TensorIteratorBase&, at::native::BUnaryFunctor<c10::BFloat16, c10::BFloat16, c10::BFloat16, at::native::binary_internal::MulFunctor<float> > const&)::{lambda(int)#1})	elementwise_copy	1.47	0.10	[24, 1, 1]
398	void at::native::elementwise_kernel<128, 4, at::native::gpu_kernel_impl_nocast<at::native::ConvertToFloat8E4M3fnOp<c10::BFloat16> >(at::TensorIteratorBase&, at::native::ConvertToFloat8E4M3fnOp<c10::BFloat16> const&)::{lambda(int)#1}>(int, at::native::gpu_kernel_impl_nocast<at::native::ConvertToFloat8E4M3fnOp<c10::BFloat16> >(at::TensorIteratorBase&, at::native::ConvertToFloat8E4M3fnOp<c10::BFloat16> const&)::{lambda(int)#1})	elementwise_copy	1.70	0.10	[24, 1, 1]
399	void at::native::elementwise_kernel<128, 4, at::native::gpu_kernel_impl_nocast<at::native::ConvertToFloat8E4M3fnOp<c10::BFloat16> >(at::TensorIteratorBase&, at::native::ConvertToFloat8E4M3fnOp<c10::BFloat16> const&)::{lambda(int)#1}>(int, at::native::gpu_kernel_impl_nocast<at::native::ConvertToFloat8E4M3fnOp<c10::BFloat16> >(at::TensorIteratorBase&, at::native::ConvertToFloat8E4M3fnOp<c10::BFloat16> const&)::{lambda(int)#1})	elementwise_copy	1.63	0.10	[24, 1, 1]
400	void sglang::store_kvcache_kernel<1024l, 1024l, 64u, true, long>(sglang::StoreKVCacheParams)	norm_rope_kv	1.06	0.22	[24, 1, 1]
401	_fwd_grouped_kernel_stage1	attention	126.69	0.06	[12, 2, 8]
402	_fwd_kernel_stage2	attention	2.66	0.10	[12, 16, 1]
403	void sglang::per_token_quant_fp8_cta_kernel<__nv_bfloat16, 8>(__nv_bfloat16 const*, __nv_fp8_e4m3*, float*, unsigned int)	act_quant	1.86	0.10	[12, 1, 1]
404	_ZN7cutlass13device_kernelINS_4gemm6kernel13GemmUniversalIN4cute5tupleIJiiiiEEENS1_10collective13CollectiveMmaINS1_31MainloopSm120TmaWarpSpecializedILi2ELi2ENS5_IJNS4_1CILi1EEESB_SB_EEENS1_40KernelTmaWarpSpecializedCooperativeSm120ILi2EEEEENS5_IJNSA_ILi128EEESG_SG_EEENS_12float_e4m3_tENS5_IJlSB_lEEESI_SJ_NS4_8TiledMMAINS4_8MMA_AtomIJNS4_16SM120_16x8x32_TNISI_SI_fEEEEENS4_6LayoutINS5_IJNSA_ILi4EEENSA_ILi2EEESB_EEENS5_IJSB_SQ_NSA_ILi0EEEEEEEENS5_IJSG_NSA_ILi32EEESW_EEEEENS4_13SM90_TMA_LOADENS4_14ComposedLayoutINS4_7SwizzleILi3ELi4ELi3EEENS4_18smem_ptr_flag_bitsILi8EEENSP_INS5_IJNSA_ILi8EEESG_EEENS5_IJSG_SB_EEEEEEENS4_9Copy_AtomIJNS4_17SM75_U32x4_LDSM_NEhEEENS4_8identityESZ_S19_S1C_S1D_EENS_8epilogue10collective18CollectiveEpilogueINS1F_22Sm90TmaWarpSpecializedILi2ELi2ELi4ELb0ELb1EEEJSH_NS5_IJNSA_ILi64EEESW_EEEvSJ_NS_10bfloat16_tESJ_NS1F_6fusion15Sm90TreeVisitorINS1N_11Sm90ComputeINS_10multipliesES1M_fLNS_15FloatRoundStyleE2EvEEJNS1N_16Sm90ColBroadcastILi0ESH_ffNS5_IJSB_ST_ST_EEELi4ELb1EEENS1O_INS1P_IS1Q_ffLS1R_2EvEEJNS1N_16Sm90RowBroadcastILi0ESH_ffNS5_IJST_SB_ST_EEELi4ELb1EEENS1N_12Sm90AccFetchEEEEEEESZ_NS10_INS11_ILi2ELi4ELi3EEENS13_ILi16EEENSP_INS5_IJS15_SW_EEENS5_IJSW_SB_EEEEEEENS4_17SM75_U32x2_LDSM_NENS4_14SM90_TMA_STOREES28_NS4_17SM90_U32x2_STSM_NENS1A_IJS2B_NS_6half_tEEEEvEEEvvEEEEvNT_6ParamsE	dense_gemm	95.90	0.06	[1, 22, 1]
405	kernel_cutlass_kernel_flashinfernormkernelsrmsnormRMSNormKernel_object_at__tensorptrbf16gmemalign128oi64281628161_tensorptrbf16gmemalign16o28161_tensorptrbf16gmemalign128oi64281628161___T_0	norm_rope_kv	2.66	-0.22	[3, 1, 1]
406	kernel_cutlass_kernel_flashinfernormkernelsfused_add_rmsnormFusedAddRMSNormKernel_object_at__tensorptrbf16gmemalign128oi64281628161_tensorptrbf16gmemalign128oi64281628161_tensorptrbf16gme_0	norm_rope_kv	2.62	-0.19	[3, 1, 1]
407	void sglang::per_token_quant_fp8_cta_kernel<__nv_bfloat16, 8>(__nv_bfloat16 const*, __nv_fp8_e4m3*, float*, unsigned int)	act_quant	1.50	0.10	[12, 1, 1]
408	_ZN7cutlass13device_kernelINS_4gemm6kernel13GemmUniversalIN4cute5tupleIJiiiiEEENS1_10collective13CollectiveMmaINS1_31MainloopSm120TmaWarpSpecializedILi2ELi2ENS5_IJNS4_1CILi1EEESB_SB_EEENS1_40KernelTmaWarpSpecializedCooperativeSm120ILi2EEEEENS5_IJNSA_ILi128EEESG_SG_EEENS_12float_e4m3_tENS5_IJlSB_lEEESI_SJ_NS4_8TiledMMAINS4_8MMA_AtomIJNS4_16SM120_16x8x32_TNISI_SI_fEEEEENS4_6LayoutINS5_IJNSA_ILi4EEENSA_ILi2EEESB_EEENS5_IJSB_SQ_NSA_ILi0EEEEEEEENS5_IJSG_NSA_ILi32EEESW_EEEEENS4_13SM90_TMA_LOADENS4_14ComposedLayoutINS4_7SwizzleILi3ELi4ELi3EEENS4_18smem_ptr_flag_bitsILi8EEENSP_INS5_IJNSA_ILi8EEESG_EEENS5_IJSG_SB_EEEEEEENS4_9Copy_AtomIJNS4_17SM75_U32x4_LDSM_NEhEEENS4_8identityESZ_S19_S1C_S1D_EENS_8epilogue10collective18CollectiveEpilogueINS1F_22Sm90TmaWarpSpecializedILi2ELi2ELi4ELb0ELb1EEEJSH_NS5_IJNSA_ILi64EEESW_EEEvSJ_NS_10bfloat16_tESJ_NS1F_6fusion15Sm90TreeVisitorINS1N_11Sm90ComputeINS_10multipliesES1M_fLNS_15FloatRoundStyleE2EvEEJNS1N_16Sm90ColBroadcastILi0ESH_ffNS5_IJSB_ST_ST_EEELi4ELb1EEENS1O_INS1P_IS1Q_ffLS1R_2EvEEJNS1N_16Sm90RowBroadcastILi0ESH_ffNS5_IJST_SB_ST_EEELi4ELb1EEENS1N_12Sm90AccFetchEEEEEEESZ_NS10_INS11_ILi2ELi4ELi3EEENS13_ILi16EEENSP_INS5_IJS15_SW_EEENS5_IJSW_SB_EEEEEEENS4_17SM75_U32x2_LDSM_NENS4_14SM90_TMA_STOREES28_NS4_17SM90_U32x2_STSM_NENS1A_IJS2B_NS_6half_tEEEEvEEEvvEEEEvNT_6ParamsE	dense_gemm	35.46	0.10	[1, 33, 1]
409	void sglang::act_and_mul_kernel<__nv_bfloat16, (sglang::ActivationKind)2, true, false, false, false>(sglang::ActivationParams)	elementwise_copy	1.44	0.22	[7, 1, 1]
410	void sglang::per_token_quant_fp8_cta_kernel<__nv_bfloat16, 8>(__nv_bfloat16 const*, __nv_fp8_e4m3*, float*, unsigned int)	act_quant	1.47	0.10	[12, 1, 1]
411	_ZN7cutlass13device_kernelINS_4gemm6kernel13GemmUniversalIN4cute5tupleIJiiiiEEENS1_10collective13CollectiveMmaINS1_31MainloopSm120TmaWarpSpecializedILi2ELi2ENS5_IJNS4_1CILi1EEESB_SB_EEENS1_40KernelTmaWarpSpecializedCooperativeSm120ILi2EEEEENS5_IJNSA_ILi128EEESG_SG_EEENS_12float_e4m3_tENS5_IJlSB_lEEESI_SJ_NS4_8TiledMMAINS4_8MMA_AtomIJNS4_16SM120_16x8x32_TNISI_SI_fEEEEENS4_6LayoutINS5_IJNSA_ILi4EEENSA_ILi2EEESB_EEENS5_IJSB_SQ_NSA_ILi0EEEEEEEENS5_IJSG_NSA_ILi32EEESW_EEEEENS4_13SM90_TMA_LOADENS4_14ComposedLayoutINS4_7SwizzleILi3ELi4ELi3EEENS4_18smem_ptr_flag_bitsILi8EEENSP_INS5_IJNSA_ILi8EEESG_EEENS5_IJSG_SB_EEEEEEENS4_9Copy_AtomIJNS4_17SM75_U32x4_LDSM_NEhEEENS4_8identityESZ_S19_S1C_S1D_EENS_8epilogue10collective18CollectiveEpilogueINS1F_22Sm90TmaWarpSpecializedILi2ELi2ELi4ELb0ELb1EEEJSH_NS5_IJNSA_ILi64EEESW_EEEvSJ_NS_10bfloat16_tESJ_NS1F_6fusion15Sm90TreeVisitorINS1N_11Sm90ComputeINS_10multipliesES1M_fLNS_15FloatRoundStyleE2EvEEJNS1N_16Sm90ColBroadcastILi0ESH_ffNS5_IJSB_ST_ST_EEELi4ELb1EEENS1O_INS1P_IS1Q_ffLS1R_2EvEEJNS1N_16Sm90RowBroadcastILi0ESH_ffNS5_IJST_SB_ST_EEELi4ELb1EEENS1N_12Sm90AccFetchEEEEEEESZ_NS10_INS11_ILi2ELi4ELi3EEENS13_ILi16EEENSP_INS5_IJS15_SW_EEENS5_IJSW_SB_EEEEEEENS4_17SM75_U32x2_LDSM_NENS4_14SM90_TMA_STOREES28_NS4_17SM90_U32x2_STSM_NENS1A_IJS2B_NS_6half_tEEEEvEEEvvEEEEvNT_6ParamsE	dense_gemm	28.06	0.13	[1, 22, 1]
412	kernel_cutlass_kernel_flashinfernormkernelsrmsnormRMSNormKernel_object_at__tensorptrbf16gmemalign128oi64281628161_tensorptrbf16gmemalign16o28161_tensorptrbf16gmemalign128oi64281628161___T_0	norm_rope_kv	2.34	0.22	[3, 1, 1]
413	void cutlass::Kernel2<cutlass_80_wmma_tensorop_bf16_s161616gemm_bf16_16x16_128x2_tn_align8>(cutlass_80_wmma_tensorop_bf16_s161616gemm_bf16_16x16_128x2_tn_align8::Params)	dense_gemm	3.42	0.10	[8, 1, 9]
414	void cublasLt::splitKreduce_kernel<32, 16, int, __nv_bfloat16, __nv_bfloat16, float, __nv_bfloat16, false, __nv_bfloat16, __nv_bfloat16, __nv_bfloat16, true, false, false, false>(cublasLt::cublasSplitKParams<float>, __nv_bfloat16 const*, __nv_bfloat16 const*, __nv_bfloat16*, __nv_bfloat16*, float const*, float const*, __nv_bfloat16 const*, __nv_bfloat16 const*, __nv_bfloat16*, void*, long, float*, int*, float*, float*, float const*, float const*, float const*, float const*, float const*)	dense_gemm	1.34	0.06	[4, 1, 1]
415	kernel_cutlass_kernel_flashinfernormkernelsrmsnormRMSNormKernel_object_at__tensorptrbf16gmemalign128oi64281628161_tensorptrbf16gmemalign16o28161_tensorptrbf16gmemalign128oi64281628161___T_0	norm_rope_kv	2.53	-0.38	[3, 1, 1]
416	_gemma4_routing_kernel	moe_route	1.63	0.06	[12, 1, 1]
417	void moe_align_block_size_kernel<int>(int const*, int*, int*, int*, int, int, unsigned long, int*, bool, bool, int, int)	moe_route	2.08	0.06	[2, 1, 1]
418	void count_and_sort_expert_tokens_kernel<int>(int const*, int*, int*, unsigned long, bool)	moe_route	0.99	0.10	[1, 1, 1]
419	void sglang::per_token_quant_fp8_cta_kernel<__nv_bfloat16, 8>(__nv_bfloat16 const*, __nv_fp8_e4m3*, float*, unsigned int)	act_quant	1.70	0.10	[12, 1, 1]
420	fused_moe_kernel	moe_gemm	133.60	-0.19	[4224, 1, 1]
421	void sglang::act_and_mul_kernel<__nv_bfloat16, (sglang::ActivationKind)1, true, false, false, false>(sglang::ActivationParams)	elementwise_copy	14.27	-12.90	[17, 1, 1]
422	void sglang::per_token_quant_fp8_cta_kernel<__nv_bfloat16, 8>(__nv_bfloat16 const*, __nv_fp8_e4m3*, float*, unsigned int)	act_quant	1.41	0.10	[96, 1, 1]
423	fused_moe_kernel	moe_gemm	66.43	-0.19	[8448, 1, 1]
424	_moe_sum_reduce_kernel	moe_route	3.81	-2.46	[12, 2, 1]
425	_gemma_dual_rmsnorm_residual_kernel	norm_rope_kv	2.27	0.10	[12, 1, 1]
426	kernel_cutlass_kernel_flashinfernormkernelsrmsnormRMSNormKernel_object_at__tensorptrbf16gmemalign128oi64281628161_tensorptrbf16gmemalign16o28161_tensorptrbf16gmemalign128oi64281628161___T_0	norm_rope_kv	2.34	0.19	[3, 1, 1]
427	void sglang::per_token_quant_fp8_cta_kernel<__nv_bfloat16, 8>(__nv_bfloat16 const*, __nv_fp8_e4m3*, float*, unsigned int)	act_quant	1.50	0.10	[12, 1, 1]
428	_ZN7cutlass13device_kernelINS_4gemm6kernel13GemmUniversalIN4cute5tupleIJiiiiEEENS1_10collective13CollectiveMmaINS1_31MainloopSm120TmaWarpSpecializedILi2ELi2ENS5_IJNS4_1CILi1EEESB_SB_EEENS1_40KernelTmaWarpSpecializedCooperativeSm120ILi2EEEEENS5_IJNSA_ILi128EEESG_SG_EEENS_12float_e4m3_tENS5_IJlSB_lEEESI_SJ_NS4_8TiledMMAINS4_8MMA_AtomIJNS4_16SM120_16x8x32_TNISI_SI_fEEEEENS4_6LayoutINS5_IJNSA_ILi4EEENSA_ILi2EEESB_EEENS5_IJSB_SQ_NSA_ILi0EEEEEEEENS5_IJSG_NSA_ILi32EEESW_EEEEENS4_13SM90_TMA_LOADENS4_14ComposedLayoutINS4_7SwizzleILi3ELi4ELi3EEENS4_18smem_ptr_flag_bitsILi8EEENSP_INS5_IJNSA_ILi8EEESG_EEENS5_IJSG_SB_EEEEEEENS4_9Copy_AtomIJNS4_17SM75_U32x4_LDSM_NEhEEENS4_8identityESZ_S19_S1C_S1D_EENS_8epilogue10collective18CollectiveEpilogueINS1F_22Sm90TmaWarpSpecializedILi2ELi2ELi4ELb0ELb1EEEJSH_NS5_IJNSA_ILi64EEESW_EEEvSJ_NS_10bfloat16_tESJ_NS1F_6fusion15Sm90TreeVisitorINS1N_11Sm90ComputeINS_10multipliesES1M_fLNS_15FloatRoundStyleE2EvEEJNS1N_16Sm90ColBroadcastILi0ESH_ffNS5_IJSB_ST_ST_EEELi4ELb1EEENS1O_INS1P_IS1Q_ffLS1R_2EvEEJNS1N_16Sm90RowBroadcastILi0ESH_ffNS5_IJST_SB_ST_EEELi4ELb1EEENS1N_12Sm90AccFetchEEEEEEESZ_NS10_INS11_ILi2ELi4ELi3EEENS13_ILi16EEENSP_INS5_IJS15_SW_EEENS5_IJSW_SB_EEEEEEENS4_17SM75_U32x2_LDSM_NENS4_14SM90_TMA_STOREES28_NS4_17SM90_U32x2_STSM_NENS1A_IJS2B_NS_6half_tEEEEvEEEvvEEEEvNT_6ParamsE	dense_gemm	36.06	0.10	[1, 64, 1]
429	_gemma_qkv_rmsnorm_kernel	norm_rope_kv	1.66	0.10	[12, 32, 1]
430	void sglang::fused_rope_kernel<true, 256l, true, __nv_bfloat16, __nv_bfloat16, long, 32u>(sglang::FusedRopeParams)	norm_rope_kv	1.47	0.22	[72, 1, 1]
431	void at::native::elementwise_kernel<128, 4, at::native::gpu_kernel_impl_nocast<at::native::BUnaryFunctor<c10::BFloat16, c10::BFloat16, c10::BFloat16, at::native::binary_internal::MulFunctor<float> > >(at::TensorIteratorBase&, at::native::BUnaryFunctor<c10::BFloat16, c10::BFloat16, c10::BFloat16, at::native::binary_internal::MulFunctor<float> > const&)::{lambda(int)#1}>(int, at::native::gpu_kernel_impl_nocast<at::native::BUnaryFunctor<c10::BFloat16, c10::BFloat16, c10::BFloat16, at::native::binary_internal::MulFunctor<float> > >(at::TensorIteratorBase&, at::native::BUnaryFunctor<c10::BFloat16, c10::BFloat16, c10::BFloat16, at::native::binary_internal::MulFunctor<float> > const&)::{lambda(int)#1})	elementwise_copy	1.70	0.10	[48, 1, 1]
432	void at::native::elementwise_kernel<128, 4, at::native::gpu_kernel_impl_nocast<at::native::BUnaryFunctor<c10::BFloat16, c10::BFloat16, c10::BFloat16, at::native::binary_internal::MulFunctor<float> > >(at::TensorIteratorBase&, at::native::BUnaryFunctor<c10::BFloat16, c10::BFloat16, c10::BFloat16, at::native::binary_internal::MulFunctor<float> > const&)::{lambda(int)#1}>(int, at::native::gpu_kernel_impl_nocast<at::native::BUnaryFunctor<c10::BFloat16, c10::BFloat16, c10::BFloat16, at::native::binary_internal::MulFunctor<float> > >(at::TensorIteratorBase&, at::native::BUnaryFunctor<c10::BFloat16, c10::BFloat16, c10::BFloat16, at::native::binary_internal::MulFunctor<float> > const&)::{lambda(int)#1})	elementwise_copy	1.47	0.10	[48, 1, 1]
433	void at::native::elementwise_kernel<128, 4, at::native::gpu_kernel_impl_nocast<at::native::ConvertToFloat8E4M3fnOp<c10::BFloat16> >(at::TensorIteratorBase&, at::native::ConvertToFloat8E4M3fnOp<c10::BFloat16> const&)::{lambda(int)#1}>(int, at::native::gpu_kernel_impl_nocast<at::native::ConvertToFloat8E4M3fnOp<c10::BFloat16> >(at::TensorIteratorBase&, at::native::ConvertToFloat8E4M3fnOp<c10::BFloat16> const&)::{lambda(int)#1})	elementwise_copy	1.66	0.10	[48, 1, 1]
434	void at::native::elementwise_kernel<128, 4, at::native::gpu_kernel_impl_nocast<at::native::ConvertToFloat8E4M3fnOp<c10::BFloat16> >(at::TensorIteratorBase&, at::native::ConvertToFloat8E4M3fnOp<c10::BFloat16> const&)::{lambda(int)#1}>(int, at::native::gpu_kernel_impl_nocast<at::native::ConvertToFloat8E4M3fnOp<c10::BFloat16> >(at::TensorIteratorBase&, at::native::ConvertToFloat8E4M3fnOp<c10::BFloat16> const&)::{lambda(int)#1})	elementwise_copy	1.60	0.10	[48, 1, 1]
435	void sglang::store_kvcache_kernel<2048l, 2048l, 128u, true, long>(sglang::StoreKVCacheParams)	norm_rope_kv	1.02	0.22	[48, 1, 1]
436	_fwd_grouped_kernel_stage1	attention	39.78	0.10	[12, 8, 8]
437	_fwd_kernel_stage2	attention	2.24	0.22	[12, 16, 1]
438	void sglang::per_token_quant_fp8_cta_kernel<__nv_bfloat16, 8>(__nv_bfloat16 const*, __nv_fp8_e4m3*, float*, unsigned int)	act_quant	1.57	0.10	[12, 1, 1]
439	_ZN7cutlass13device_kernelINS_4gemm6kernel13GemmUniversalIN4cute5tupleIJiiiiEEENS1_10collective13CollectiveMmaINS1_31MainloopSm120TmaWarpSpecializedILi2ELi2ENS5_IJNS4_1CILi1EEESB_SB_EEENS1_40KernelTmaWarpSpecializedCooperativeSm120ILi2EEEEENS5_IJNSA_ILi128EEESG_SG_EEENS_12float_e4m3_tENS5_IJlSB_lEEESI_SJ_NS4_8TiledMMAINS4_8MMA_AtomIJNS4_16SM120_16x8x32_TNISI_SI_fEEEEENS4_6LayoutINS5_IJNSA_ILi4EEENSA_ILi2EEESB_EEENS5_IJSB_SQ_NSA_ILi0EEEEEEEENS5_IJSG_NSA_ILi32EEESW_EEEEENS4_13SM90_TMA_LOADENS4_14ComposedLayoutINS4_7SwizzleILi3ELi4ELi3EEENS4_18smem_ptr_flag_bitsILi8EEENSP_INS5_IJNSA_ILi8EEESG_EEENS5_IJSG_SB_EEEEEEENS4_9Copy_AtomIJNS4_17SM75_U32x4_LDSM_NEhEEENS4_8identityESZ_S19_S1C_S1D_EENS_8epilogue10collective18CollectiveEpilogueINS1F_22Sm90TmaWarpSpecializedILi2ELi2ELi4ELb0ELb1EEEJSH_NS5_IJNSA_ILi64EEESW_EEEvSJ_NS_10bfloat16_tESJ_NS1F_6fusion15Sm90TreeVisitorINS1N_11Sm90ComputeINS_10multipliesES1M_fLNS_15FloatRoundStyleE2EvEEJNS1N_16Sm90ColBroadcastILi0ESH_ffNS5_IJSB_ST_ST_EEELi4ELb1EEENS1O_INS1P_IS1Q_ffLS1R_2EvEEJNS1N_16Sm90RowBroadcastILi0ESH_ffNS5_IJST_SB_ST_EEELi4ELb1EEENS1N_12Sm90AccFetchEEEEEEESZ_NS10_INS11_ILi2ELi4ELi3EEENS13_ILi16EEENSP_INS5_IJS15_SW_EEENS5_IJSW_SB_EEEEEEENS4_17SM75_U32x2_LDSM_NENS4_14SM90_TMA_STOREES28_NS4_17SM90_U32x2_STSM_NENS1A_IJS2B_NS_6half_tEEEEvEEEvvEEEEvNT_6ParamsE	dense_gemm	49.60	0.10	[1, 22, 1]
440	kernel_cutlass_kernel_flashinfernormkernelsrmsnormRMSNormKernel_object_at__tensorptrbf16gmemalign128oi64281628161_tensorptrbf16gmemalign16o28161_tensorptrbf16gmemalign128oi64281628161___T_0	norm_rope_kv	2.62	-0.19	[3, 1, 1]
441	kernel_cutlass_kernel_flashinfernormkernelsfused_add_rmsnormFusedAddRMSNormKernel_object_at__tensorptrbf16gmemalign128oi64281628161_tensorptrbf16gmemalign128oi64281628161_tensorptrbf16gme_0	norm_rope_kv	2.50	-0.19	[3, 1, 1]
442	void sglang::per_token_quant_fp8_cta_kernel<__nv_bfloat16, 8>(__nv_bfloat16 const*, __nv_fp8_e4m3*, float*, unsigned int)	act_quant	1.50	0.10	[12, 1, 1]
443	_ZN7cutlass13device_kernelINS_4gemm6kernel13GemmUniversalIN4cute5tupleIJiiiiEEENS1_10collective13CollectiveMmaINS1_31MainloopSm120TmaWarpSpecializedILi2ELi2ENS5_IJNS4_1CILi1EEESB_SB_EEENS1_40KernelTmaWarpSpecializedCooperativeSm120ILi2EEEEENS5_IJNSA_ILi128EEESG_SG_EEENS_12float_e4m3_tENS5_IJlSB_lEEESI_SJ_NS4_8TiledMMAINS4_8MMA_AtomIJNS4_16SM120_16x8x32_TNISI_SI_fEEEEENS4_6LayoutINS5_IJNSA_ILi4EEENSA_ILi2EEESB_EEENS5_IJSB_SQ_NSA_ILi0EEEEEEEENS5_IJSG_NSA_ILi32EEESW_EEEEENS4_13SM90_TMA_LOADENS4_14ComposedLayoutINS4_7SwizzleILi3ELi4ELi3EEENS4_18smem_ptr_flag_bitsILi8EEENSP_INS5_IJNSA_ILi8EEESG_EEENS5_IJSG_SB_EEEEEEENS4_9Copy_AtomIJNS4_17SM75_U32x4_LDSM_NEhEEENS4_8identityESZ_S19_S1C_S1D_EENS_8epilogue10collective18CollectiveEpilogueINS1F_22Sm90TmaWarpSpecializedILi2ELi2ELi4ELb0ELb1EEEJSH_NS5_IJNSA_ILi64EEESW_EEEvSJ_NS_10bfloat16_tESJ_NS1F_6fusion15Sm90TreeVisitorINS1N_11Sm90ComputeINS_10multipliesES1M_fLNS_15FloatRoundStyleE2EvEEJNS1N_16Sm90ColBroadcastILi0ESH_ffNS5_IJSB_ST_ST_EEELi4ELb1EEENS1O_INS1P_IS1Q_ffLS1R_2EvEEJNS1N_16Sm90RowBroadcastILi0ESH_ffNS5_IJST_SB_ST_EEELi4ELb1EEENS1N_12Sm90AccFetchEEEEEEESZ_NS10_INS11_ILi2ELi4ELi3EEENS13_ILi16EEENSP_INS5_IJS15_SW_EEENS5_IJSW_SB_EEEEEEENS4_17SM75_U32x2_LDSM_NENS4_14SM90_TMA_STOREES28_NS4_17SM90_U32x2_STSM_NENS1A_IJS2B_NS_6half_tEEEEvEEEvvEEEEvNT_6ParamsE	dense_gemm	35.46	0.10	[1, 33, 1]
444	void sglang::act_and_mul_kernel<__nv_bfloat16, (sglang::ActivationKind)2, true, false, false, false>(sglang::ActivationParams)	elementwise_copy	1.47	0.22	[7, 1, 1]
445	void sglang::per_token_quant_fp8_cta_kernel<__nv_bfloat16, 8>(__nv_bfloat16 const*, __nv_fp8_e4m3*, float*, unsigned int)	act_quant	1.50	0.06	[12, 1, 1]
446	_ZN7cutlass13device_kernelINS_4gemm6kernel13GemmUniversalIN4cute5tupleIJiiiiEEENS1_10collective13CollectiveMmaINS1_31MainloopSm120TmaWarpSpecializedILi2ELi2ENS5_IJNS4_1CILi1EEESB_SB_EEENS1_40KernelTmaWarpSpecializedCooperativeSm120ILi2EEEEENS5_IJNSA_ILi128EEESG_SG_EEENS_12float_e4m3_tENS5_IJlSB_lEEESI_SJ_NS4_8TiledMMAINS4_8MMA_AtomIJNS4_16SM120_16x8x32_TNISI_SI_fEEEEENS4_6LayoutINS5_IJNSA_ILi4EEENSA_ILi2EEESB_EEENS5_IJSB_SQ_NSA_ILi0EEEEEEEENS5_IJSG_NSA_ILi32EEESW_EEEEENS4_13SM90_TMA_LOADENS4_14ComposedLayoutINS4_7SwizzleILi3ELi4ELi3EEENS4_18smem_ptr_flag_bitsILi8EEENSP_INS5_IJNSA_ILi8EEESG_EEENS5_IJSG_SB_EEEEEEENS4_9Copy_AtomIJNS4_17SM75_U32x4_LDSM_NEhEEENS4_8identityESZ_S19_S1C_S1D_EENS_8epilogue10collective18CollectiveEpilogueINS1F_22Sm90TmaWarpSpecializedILi2ELi2ELi4ELb0ELb1EEEJSH_NS5_IJNSA_ILi64EEESW_EEEvSJ_NS_10bfloat16_tESJ_NS1F_6fusion15Sm90TreeVisitorINS1N_11Sm90ComputeINS_10multipliesES1M_fLNS_15FloatRoundStyleE2EvEEJNS1N_16Sm90ColBroadcastILi0ESH_ffNS5_IJSB_ST_ST_EEELi4ELb1EEENS1O_INS1P_IS1Q_ffLS1R_2EvEEJNS1N_16Sm90RowBroadcastILi0ESH_ffNS5_IJST_SB_ST_EEELi4ELb1EEENS1N_12Sm90AccFetchEEEEEEESZ_NS10_INS11_ILi2ELi4ELi3EEENS13_ILi16EEENSP_INS5_IJS15_SW_EEENS5_IJSW_SB_EEEEEEENS4_17SM75_U32x2_LDSM_NENS4_14SM90_TMA_STOREES28_NS4_17SM90_U32x2_STSM_NENS1A_IJS2B_NS_6half_tEEEEvEEEvvEEEEvNT_6ParamsE	dense_gemm	28.22	0.06	[1, 22, 1]
447	kernel_cutlass_kernel_flashinfernormkernelsrmsnormRMSNormKernel_object_at__tensorptrbf16gmemalign128oi64281628161_tensorptrbf16gmemalign16o28161_tensorptrbf16gmemalign128oi64281628161___T_0	norm_rope_kv	2.34	0.22	[3, 1, 1]
448	void cutlass::Kernel2<cutlass_80_wmma_tensorop_bf16_s161616gemm_bf16_16x16_128x2_tn_align8>(cutlass_80_wmma_tensorop_bf16_s161616gemm_bf16_16x16_128x2_tn_align8::Params)	dense_gemm	3.30	0.10	[8, 1, 9]
449	void cublasLt::splitKreduce_kernel<32, 16, int, __nv_bfloat16, __nv_bfloat16, float, __nv_bfloat16, false, __nv_bfloat16, __nv_bfloat16, __nv_bfloat16, true, false, false, false>(cublasLt::cublasSplitKParams<float>, __nv_bfloat16 const*, __nv_bfloat16 const*, __nv_bfloat16*, __nv_bfloat16*, float const*, float const*, __nv_bfloat16 const*, __nv_bfloat16 const*, __nv_bfloat16*, void*, long, float*, int*, float*, float*, float const*, float const*, float const*, float const*, float const*)	dense_gemm	1.34	0.10	[4, 1, 1]
450	kernel_cutlass_kernel_flashinfernormkernelsrmsnormRMSNormKernel_object_at__tensorptrbf16gmemalign128oi64281628161_tensorptrbf16gmemalign16o28161_tensorptrbf16gmemalign128oi64281628161___T_0	norm_rope_kv	2.50	-0.38	[3, 1, 1]
451	_gemma4_routing_kernel	moe_route	1.60	0.10	[12, 1, 1]
452	void moe_align_block_size_kernel<int>(int const*, int*, int*, int*, int, int, unsigned long, int*, bool, bool, int, int)	moe_route	2.02	0.10	[2, 1, 1]
453	void count_and_sort_expert_tokens_kernel<int>(int const*, int*, int*, unsigned long, bool)	moe_route	0.99	0.13	[1, 1, 1]
454	void sglang::per_token_quant_fp8_cta_kernel<__nv_bfloat16, 8>(__nv_bfloat16 const*, __nv_fp8_e4m3*, float*, unsigned int)	act_quant	1.63	0.10	[12, 1, 1]
455	fused_moe_kernel	moe_gemm	129.12	-0.16	[4224, 1, 1]
456	void sglang::act_and_mul_kernel<__nv_bfloat16, (sglang::ActivationKind)1, true, false, false, false>(sglang::ActivationParams)	elementwise_copy	42.94	-41.66	[17, 1, 1]
457	void sglang::per_token_quant_fp8_cta_kernel<__nv_bfloat16, 8>(__nv_bfloat16 const*, __nv_fp8_e4m3*, float*, unsigned int)	act_quant	1.38	0.06	[96, 1, 1]
458	fused_moe_kernel	moe_gemm	65.28	-0.19	[8448, 1, 1]
459	_moe_sum_reduce_kernel	moe_route	3.46	-2.46	[12, 2, 1]
460	_gemma_dual_rmsnorm_residual_kernel	norm_rope_kv	2.27	0.10	[12, 1, 1]
461	kernel_cutlass_kernel_flashinfernormkernelsrmsnormRMSNormKernel_object_at__tensorptrbf16gmemalign128oi64281628161_tensorptrbf16gmemalign16o28161_tensorptrbf16gmemalign128oi64281628161___T_0	norm_rope_kv	2.37	0.22	[3, 1, 1]
462	void sglang::per_token_quant_fp8_cta_kernel<__nv_bfloat16, 8>(__nv_bfloat16 const*, __nv_fp8_e4m3*, float*, unsigned int)	act_quant	1.47	0.10	[12, 1, 1]
463	_ZN7cutlass13device_kernelINS_4gemm6kernel13GemmUniversalIN4cute5tupleIJiiiiEEENS1_10collective13CollectiveMmaINS1_31MainloopSm120TmaWarpSpecializedILi2ELi2ENS5_IJNS4_1CILi1EEESB_SB_EEENS1_40KernelTmaWarpSpecializedCooperativeSm120ILi2EEEEENS5_IJNSA_ILi128EEESG_SG_EEENS_12float_e4m3_tENS5_IJlSB_lEEESI_SJ_NS4_8TiledMMAINS4_8MMA_AtomIJNS4_16SM120_16x8x32_TNISI_SI_fEEEEENS4_6LayoutINS5_IJNSA_ILi4EEENSA_ILi2EEESB_EEENS5_IJSB_SQ_NSA_ILi0EEEEEEEENS5_IJSG_NSA_ILi32EEESW_EEEEENS4_13SM90_TMA_LOADENS4_14ComposedLayoutINS4_7SwizzleILi3ELi4ELi3EEENS4_18smem_ptr_flag_bitsILi8EEENSP_INS5_IJNSA_ILi8EEESG_EEENS5_IJSG_SB_EEEEEEENS4_9Copy_AtomIJNS4_17SM75_U32x4_LDSM_NEhEEENS4_8identityESZ_S19_S1C_S1D_EENS_8epilogue10collective18CollectiveEpilogueINS1F_22Sm90TmaWarpSpecializedILi2ELi2ELi4ELb0ELb1EEEJSH_NS5_IJNSA_ILi64EEESW_EEEvSJ_NS_10bfloat16_tESJ_NS1F_6fusion15Sm90TreeVisitorINS1N_11Sm90ComputeINS_10multipliesES1M_fLNS_15FloatRoundStyleE2EvEEJNS1N_16Sm90ColBroadcastILi0ESH_ffNS5_IJSB_ST_ST_EEELi4ELb1EEENS1O_INS1P_IS1Q_ffLS1R_2EvEEJNS1N_16Sm90RowBroadcastILi0ESH_ffNS5_IJST_SB_ST_EEELi4ELb1EEENS1N_12Sm90AccFetchEEEEEEESZ_NS10_INS11_ILi2ELi4ELi3EEENS13_ILi16EEENSP_INS5_IJS15_SW_EEENS5_IJSW_SB_EEEEEEENS4_17SM75_U32x2_LDSM_NENS4_14SM90_TMA_STOREES28_NS4_17SM90_U32x2_STSM_NENS1A_IJS2B_NS_6half_tEEEEvEEEvvEEEEvNT_6ParamsE	dense_gemm	36.06	0.10	[1, 64, 1]
464	_gemma_qkv_rmsnorm_kernel	norm_rope_kv	1.73	0.10	[12, 32, 1]
465	void sglang::fused_rope_kernel<true, 256l, true, __nv_bfloat16, __nv_bfloat16, long, 32u>(sglang::FusedRopeParams)	norm_rope_kv	1.44	0.19	[72, 1, 1]
466	void at::native::elementwise_kernel<128, 4, at::native::gpu_kernel_impl_nocast<at::native::BUnaryFunctor<c10::BFloat16, c10::BFloat16, c10::BFloat16, at::native::binary_internal::MulFunctor<float> > >(at::TensorIteratorBase&, at::native::BUnaryFunctor<c10::BFloat16, c10::BFloat16, c10::BFloat16, at::native::binary_internal::MulFunctor<float> > const&)::{lambda(int)#1}>(int, at::native::gpu_kernel_impl_nocast<at::native::BUnaryFunctor<c10::BFloat16, c10::BFloat16, c10::BFloat16, at::native::binary_internal::MulFunctor<float> > >(at::TensorIteratorBase&, at::native::BUnaryFunctor<c10::BFloat16, c10::BFloat16, c10::BFloat16, at::native::binary_internal::MulFunctor<float> > const&)::{lambda(int)#1})	elementwise_copy	1.70	0.10	[48, 1, 1]
467	void at::native::elementwise_kernel<128, 4, at::native::gpu_kernel_impl_nocast<at::native::BUnaryFunctor<c10::BFloat16, c10::BFloat16, c10::BFloat16, at::native::binary_internal::MulFunctor<float> > >(at::TensorIteratorBase&, at::native::BUnaryFunctor<c10::BFloat16, c10::BFloat16, c10::BFloat16, at::native::binary_internal::MulFunctor<float> > const&)::{lambda(int)#1}>(int, at::native::gpu_kernel_impl_nocast<at::native::BUnaryFunctor<c10::BFloat16, c10::BFloat16, c10::BFloat16, at::native::binary_internal::MulFunctor<float> > >(at::TensorIteratorBase&, at::native::BUnaryFunctor<c10::BFloat16, c10::BFloat16, c10::BFloat16, at::native::binary_internal::MulFunctor<float> > const&)::{lambda(int)#1})	elementwise_copy	1.50	0.10	[48, 1, 1]
468	void at::native::elementwise_kernel<128, 4, at::native::gpu_kernel_impl_nocast<at::native::ConvertToFloat8E4M3fnOp<c10::BFloat16> >(at::TensorIteratorBase&, at::native::ConvertToFloat8E4M3fnOp<c10::BFloat16> const&)::{lambda(int)#1}>(int, at::native::gpu_kernel_impl_nocast<at::native::ConvertToFloat8E4M3fnOp<c10::BFloat16> >(at::TensorIteratorBase&, at::native::ConvertToFloat8E4M3fnOp<c10::BFloat16> const&)::{lambda(int)#1})	elementwise_copy	1.70	0.06	[48, 1, 1]
469	void at::native::elementwise_kernel<128, 4, at::native::gpu_kernel_impl_nocast<at::native::ConvertToFloat8E4M3fnOp<c10::BFloat16> >(at::TensorIteratorBase&, at::native::ConvertToFloat8E4M3fnOp<c10::BFloat16> const&)::{lambda(int)#1}>(int, at::native::gpu_kernel_impl_nocast<at::native::ConvertToFloat8E4M3fnOp<c10::BFloat16> >(at::TensorIteratorBase&, at::native::ConvertToFloat8E4M3fnOp<c10::BFloat16> const&)::{lambda(int)#1})	elementwise_copy	1.60	0.10	[48, 1, 1]
470	void sglang::store_kvcache_kernel<2048l, 2048l, 128u, true, long>(sglang::StoreKVCacheParams)	norm_rope_kv	1.02	0.22	[48, 1, 1]
471	_fwd_grouped_kernel_stage1	attention	39.52	0.10	[12, 8, 8]
472	_fwd_kernel_stage2	attention	2.21	0.22	[12, 16, 1]
473	void sglang::per_token_quant_fp8_cta_kernel<__nv_bfloat16, 8>(__nv_bfloat16 const*, __nv_fp8_e4m3*, float*, unsigned int)	act_quant	1.57	0.10	[12, 1, 1]
474	_ZN7cutlass13device_kernelINS_4gemm6kernel13GemmUniversalIN4cute5tupleIJiiiiEEENS1_10collective13CollectiveMmaINS1_31MainloopSm120TmaWarpSpecializedILi2ELi2ENS5_IJNS4_1CILi1EEESB_SB_EEENS1_40KernelTmaWarpSpecializedCooperativeSm120ILi2EEEEENS5_IJNSA_ILi128EEESG_SG_EEENS_12float_e4m3_tENS5_IJlSB_lEEESI_SJ_NS4_8TiledMMAINS4_8MMA_AtomIJNS4_16SM120_16x8x32_TNISI_SI_fEEEEENS4_6LayoutINS5_IJNSA_ILi4EEENSA_ILi2EEESB_EEENS5_IJSB_SQ_NSA_ILi0EEEEEEEENS5_IJSG_NSA_ILi32EEESW_EEEEENS4_13SM90_TMA_LOADENS4_14ComposedLayoutINS4_7SwizzleILi3ELi4ELi3EEENS4_18smem_ptr_flag_bitsILi8EEENSP_INS5_IJNSA_ILi8EEESG_EEENS5_IJSG_SB_EEEEEEENS4_9Copy_AtomIJNS4_17SM75_U32x4_LDSM_NEhEEENS4_8identityESZ_S19_S1C_S1D_EENS_8epilogue10collective18CollectiveEpilogueINS1F_22Sm90TmaWarpSpecializedILi2ELi2ELi4ELb0ELb1EEEJSH_NS5_IJNSA_ILi64EEESW_EEEvSJ_NS_10bfloat16_tESJ_NS1F_6fusion15Sm90TreeVisitorINS1N_11Sm90ComputeINS_10multipliesES1M_fLNS_15FloatRoundStyleE2EvEEJNS1N_16Sm90ColBroadcastILi0ESH_ffNS5_IJSB_ST_ST_EEELi4ELb1EEENS1O_INS1P_IS1Q_ffLS1R_2EvEEJNS1N_16Sm90RowBroadcastILi0ESH_ffNS5_IJST_SB_ST_EEELi4ELb1EEENS1N_12Sm90AccFetchEEEEEEESZ_NS10_INS11_ILi2ELi4ELi3EEENS13_ILi16EEENSP_INS5_IJS15_SW_EEENS5_IJSW_SB_EEEEEEENS4_17SM75_U32x2_LDSM_NENS4_14SM90_TMA_STOREES28_NS4_17SM90_U32x2_STSM_NENS1A_IJS2B_NS_6half_tEEEEvEEEvvEEEEvNT_6ParamsE	dense_gemm	49.73	0.10	[1, 22, 1]
475	kernel_cutlass_kernel_flashinfernormkernelsrmsnormRMSNormKernel_object_at__tensorptrbf16gmemalign128oi64281628161_tensorptrbf16gmemalign16o28161_tensorptrbf16gmemalign128oi64281628161___T_0	norm_rope_kv	2.53	-0.22	[3, 1, 1]
476	kernel_cutlass_kernel_flashinfernormkernelsfused_add_rmsnormFusedAddRMSNormKernel_object_at__tensorptrbf16gmemalign128oi64281628161_tensorptrbf16gmemalign128oi64281628161_tensorptrbf16gme_0	norm_rope_kv	2.50	-0.19	[3, 1, 1]
477	void sglang::per_token_quant_fp8_cta_kernel<__nv_bfloat16, 8>(__nv_bfloat16 const*, __nv_fp8_e4m3*, float*, unsigned int)	act_quant	1.50	0.10	[12, 1, 1]
478	_ZN7cutlass13device_kernelINS_4gemm6kernel13GemmUniversalIN4cute5tupleIJiiiiEEENS1_10collective13CollectiveMmaINS1_31MainloopSm120TmaWarpSpecializedILi2ELi2ENS5_IJNS4_1CILi1EEESB_SB_EEENS1_40KernelTmaWarpSpecializedCooperativeSm120ILi2EEEEENS5_IJNSA_ILi128EEESG_SG_EEENS_12float_e4m3_tENS5_IJlSB_lEEESI_SJ_NS4_8TiledMMAINS4_8MMA_AtomIJNS4_16SM120_16x8x32_TNISI_SI_fEEEEENS4_6LayoutINS5_IJNSA_ILi4EEENSA_ILi2EEESB_EEENS5_IJSB_SQ_NSA_ILi0EEEEEEEENS5_IJSG_NSA_ILi32EEESW_EEEEENS4_13SM90_TMA_LOADENS4_14ComposedLayoutINS4_7SwizzleILi3ELi4ELi3EEENS4_18smem_ptr_flag_bitsILi8EEENSP_INS5_IJNSA_ILi8EEESG_EEENS5_IJSG_SB_EEEEEEENS4_9Copy_AtomIJNS4_17SM75_U32x4_LDSM_NEhEEENS4_8identityESZ_S19_S1C_S1D_EENS_8epilogue10collective18CollectiveEpilogueINS1F_22Sm90TmaWarpSpecializedILi2ELi2ELi4ELb0ELb1EEEJSH_NS5_IJNSA_ILi64EEESW_EEEvSJ_NS_10bfloat16_tESJ_NS1F_6fusion15Sm90TreeVisitorINS1N_11Sm90ComputeINS_10multipliesES1M_fLNS_15FloatRoundStyleE2EvEEJNS1N_16Sm90ColBroadcastILi0ESH_ffNS5_IJSB_ST_ST_EEELi4ELb1EEENS1O_INS1P_IS1Q_ffLS1R_2EvEEJNS1N_16Sm90RowBroadcastILi0ESH_ffNS5_IJST_SB_ST_EEELi4ELb1EEENS1N_12Sm90AccFetchEEEEEEESZ_NS10_INS11_ILi2ELi4ELi3EEENS13_ILi16EEENSP_INS5_IJS15_SW_EEENS5_IJSW_SB_EEEEEEENS4_17SM75_U32x2_LDSM_NENS4_14SM90_TMA_STOREES28_NS4_17SM90_U32x2_STSM_NENS1A_IJS2B_NS_6half_tEEEEvEEEvvEEEEvNT_6ParamsE	dense_gemm	35.59	0.10	[1, 33, 1]
479	void sglang::act_and_mul_kernel<__nv_bfloat16, (sglang::ActivationKind)2, true, false, false, false>(sglang::ActivationParams)	elementwise_copy	1.47	0.19	[7, 1, 1]
480	void sglang::per_token_quant_fp8_cta_kernel<__nv_bfloat16, 8>(__nv_bfloat16 const*, __nv_fp8_e4m3*, float*, unsigned int)	act_quant	1.50	0.10	[12, 1, 1]
481	_ZN7cutlass13device_kernelINS_4gemm6kernel13GemmUniversalIN4cute5tupleIJiiiiEEENS1_10collective13CollectiveMmaINS1_31MainloopSm120TmaWarpSpecializedILi2ELi2ENS5_IJNS4_1CILi1EEESB_SB_EEENS1_40KernelTmaWarpSpecializedCooperativeSm120ILi2EEEEENS5_IJNSA_ILi128EEESG_SG_EEENS_12float_e4m3_tENS5_IJlSB_lEEESI_SJ_NS4_8TiledMMAINS4_8MMA_AtomIJNS4_16SM120_16x8x32_TNISI_SI_fEEEEENS4_6LayoutINS5_IJNSA_ILi4EEENSA_ILi2EEESB_EEENS5_IJSB_SQ_NSA_ILi0EEEEEEEENS5_IJSG_NSA_ILi32EEESW_EEEEENS4_13SM90_TMA_LOADENS4_14ComposedLayoutINS4_7SwizzleILi3ELi4ELi3EEENS4_18smem_ptr_flag_bitsILi8EEENSP_INS5_IJNSA_ILi8EEESG_EEENS5_IJSG_SB_EEEEEEENS4_9Copy_AtomIJNS4_17SM75_U32x4_LDSM_NEhEEENS4_8identityESZ_S19_S1C_S1D_EENS_8epilogue10collective18CollectiveEpilogueINS1F_22Sm90TmaWarpSpecializedILi2ELi2ELi4ELb0ELb1EEEJSH_NS5_IJNSA_ILi64EEESW_EEEvSJ_NS_10bfloat16_tESJ_NS1F_6fusion15Sm90TreeVisitorINS1N_11Sm90ComputeINS_10multipliesES1M_fLNS_15FloatRoundStyleE2EvEEJNS1N_16Sm90ColBroadcastILi0ESH_ffNS5_IJSB_ST_ST_EEELi4ELb1EEENS1O_INS1P_IS1Q_ffLS1R_2EvEEJNS1N_16Sm90RowBroadcastILi0ESH_ffNS5_IJST_SB_ST_EEELi4ELb1EEENS1N_12Sm90AccFetchEEEEEEESZ_NS10_INS11_ILi2ELi4ELi3EEENS13_ILi16EEENSP_INS5_IJS15_SW_EEENS5_IJSW_SB_EEEEEEENS4_17SM75_U32x2_LDSM_NENS4_14SM90_TMA_STOREES28_NS4_17SM90_U32x2_STSM_NENS1A_IJS2B_NS_6half_tEEEEvEEEvvEEEEvNT_6ParamsE	dense_gemm	28.06	0.10	[1, 22, 1]
482	kernel_cutlass_kernel_flashinfernormkernelsrmsnormRMSNormKernel_object_at__tensorptrbf16gmemalign128oi64281628161_tensorptrbf16gmemalign16o28161_tensorptrbf16gmemalign128oi64281628161___T_0	norm_rope_kv	2.50	0.19	[3, 1, 1]
483	void cutlass::Kernel2<cutlass_80_wmma_tensorop_bf16_s161616gemm_bf16_16x16_128x2_tn_align8>(cutlass_80_wmma_tensorop_bf16_s161616gemm_bf16_16x16_128x2_tn_align8::Params)	dense_gemm	3.33	0.06	[8, 1, 9]
484	void cublasLt::splitKreduce_kernel<32, 16, int, __nv_bfloat16, __nv_bfloat16, float, __nv_bfloat16, false, __nv_bfloat16, __nv_bfloat16, __nv_bfloat16, true, false, false, false>(cublasLt::cublasSplitKParams<float>, __nv_bfloat16 const*, __nv_bfloat16 const*, __nv_bfloat16*, __nv_bfloat16*, float const*, float const*, __nv_bfloat16 const*, __nv_bfloat16 const*, __nv_bfloat16*, void*, long, float*, int*, float*, float*, float const*, float const*, float const*, float const*, float const*)	dense_gemm	1.34	0.06	[4, 1, 1]
485	kernel_cutlass_kernel_flashinfernormkernelsrmsnormRMSNormKernel_object_at__tensorptrbf16gmemalign128oi64281628161_tensorptrbf16gmemalign16o28161_tensorptrbf16gmemalign128oi64281628161___T_0	norm_rope_kv	2.50	-0.38	[3, 1, 1]
486	_gemma4_routing_kernel	moe_route	1.63	0.10	[12, 1, 1]
487	void moe_align_block_size_kernel<int>(int const*, int*, int*, int*, int, int, unsigned long, int*, bool, bool, int, int)	moe_route	2.05	0.10	[2, 1, 1]
488	void count_and_sort_expert_tokens_kernel<int>(int const*, int*, int*, unsigned long, bool)	moe_route	0.96	0.13	[1, 1, 1]
489	void sglang::per_token_quant_fp8_cta_kernel<__nv_bfloat16, 8>(__nv_bfloat16 const*, __nv_fp8_e4m3*, float*, unsigned int)	act_quant	1.70	0.13	[12, 1, 1]
490	fused_moe_kernel	moe_gemm	120.22	-0.22	[4224, 1, 1]
491	void sglang::act_and_mul_kernel<__nv_bfloat16, (sglang::ActivationKind)1, true, false, false, false>(sglang::ActivationParams)	elementwise_copy	45.28	-43.74	[17, 1, 1]
492	void sglang::per_token_quant_fp8_cta_kernel<__nv_bfloat16, 8>(__nv_bfloat16 const*, __nv_fp8_e4m3*, float*, unsigned int)	act_quant	1.44	0.10	[96, 1, 1]
493	fused_moe_kernel	moe_gemm	60.74	-0.22	[8448, 1, 1]
494	_moe_sum_reduce_kernel	moe_route	4.74	-3.62	[12, 2, 1]
495	_gemma_dual_rmsnorm_residual_kernel	norm_rope_kv	2.34	0.10	[12, 1, 1]
496	kernel_cutlass_kernel_flashinfernormkernelsrmsnormRMSNormKernel_object_at__tensorptrbf16gmemalign128oi64281628161_tensorptrbf16gmemalign16o28161_tensorptrbf16gmemalign128oi64281628161___T_0	norm_rope_kv	2.34	0.19	[3, 1, 1]
497	void sglang::per_token_quant_fp8_cta_kernel<__nv_bfloat16, 8>(__nv_bfloat16 const*, __nv_fp8_e4m3*, float*, unsigned int)	act_quant	1.50	0.10	[12, 1, 1]
498	_ZN7cutlass13device_kernelINS_4gemm6kernel13GemmUniversalIN4cute5tupleIJiiiiEEENS1_10collective13CollectiveMmaINS1_31MainloopSm120TmaWarpSpecializedILi2ELi2ENS5_IJNS4_1CILi1EEESB_SB_EEENS1_40KernelTmaWarpSpecializedCooperativeSm120ILi2EEEEENS5_IJNSA_ILi128EEESG_SG_EEENS_12float_e4m3_tENS5_IJlSB_lEEESI_SJ_NS4_8TiledMMAINS4_8MMA_AtomIJNS4_16SM120_16x8x32_TNISI_SI_fEEEEENS4_6LayoutINS5_IJNSA_ILi4EEENSA_ILi2EEESB_EEENS5_IJSB_SQ_NSA_ILi0EEEEEEEENS5_IJSG_NSA_ILi32EEESW_EEEEENS4_13SM90_TMA_LOADENS4_14ComposedLayoutINS4_7SwizzleILi3ELi4ELi3EEENS4_18smem_ptr_flag_bitsILi8EEENSP_INS5_IJNSA_ILi8EEESG_EEENS5_IJSG_SB_EEEEEEENS4_9Copy_AtomIJNS4_17SM75_U32x4_LDSM_NEhEEENS4_8identityESZ_S19_S1C_S1D_EENS_8epilogue10collective18CollectiveEpilogueINS1F_22Sm90TmaWarpSpecializedILi2ELi2ELi4ELb0ELb1EEEJSH_NS5_IJNSA_ILi64EEESW_EEEvSJ_NS_10bfloat16_tESJ_NS1F_6fusion15Sm90TreeVisitorINS1N_11Sm90ComputeINS_10multipliesES1M_fLNS_15FloatRoundStyleE2EvEEJNS1N_16Sm90ColBroadcastILi0ESH_ffNS5_IJSB_ST_ST_EEELi4ELb1EEENS1O_INS1P_IS1Q_ffLS1R_2EvEEJNS1N_16Sm90RowBroadcastILi0ESH_ffNS5_IJST_SB_ST_EEELi4ELb1EEENS1N_12Sm90AccFetchEEEEEEESZ_NS10_INS11_ILi2ELi4ELi3EEENS13_ILi16EEENSP_INS5_IJS15_SW_EEENS5_IJSW_SB_EEEEEEENS4_17SM75_U32x2_LDSM_NENS4_14SM90_TMA_STOREES28_NS4_17SM90_U32x2_STSM_NENS1A_IJS2B_NS_6half_tEEEEvEEEvvEEEEvNT_6ParamsE	dense_gemm	36.26	0.10	[1, 64, 1]
499	_gemma_qkv_rmsnorm_kernel	norm_rope_kv	1.70	0.06	[12, 32, 1]
500	void sglang::fused_rope_kernel<true, 256l, true, __nv_bfloat16, __nv_bfloat16, long, 32u>(sglang::FusedRopeParams)	norm_rope_kv	1.44	0.22	[72, 1, 1]
501	void at::native::elementwise_kernel<128, 4, at::native::gpu_kernel_impl_nocast<at::native::BUnaryFunctor<c10::BFloat16, c10::BFloat16, c10::BFloat16, at::native::binary_internal::MulFunctor<float> > >(at::TensorIteratorBase&, at::native::BUnaryFunctor<c10::BFloat16, c10::BFloat16, c10::BFloat16, at::native::binary_internal::MulFunctor<float> > const&)::{lambda(int)#1}>(int, at::native::gpu_kernel_impl_nocast<at::native::BUnaryFunctor<c10::BFloat16, c10::BFloat16, c10::BFloat16, at::native::binary_internal::MulFunctor<float> > >(at::TensorIteratorBase&, at::native::BUnaryFunctor<c10::BFloat16, c10::BFloat16, c10::BFloat16, at::native::binary_internal::MulFunctor<float> > const&)::{lambda(int)#1})	elementwise_copy	1.73	0.06	[48, 1, 1]
502	void at::native::elementwise_kernel<128, 4, at::native::gpu_kernel_impl_nocast<at::native::BUnaryFunctor<c10::BFloat16, c10::BFloat16, c10::BFloat16, at::native::binary_internal::MulFunctor<float> > >(at::TensorIteratorBase&, at::native::BUnaryFunctor<c10::BFloat16, c10::BFloat16, c10::BFloat16, at::native::binary_internal::MulFunctor<float> > const&)::{lambda(int)#1}>(int, at::native::gpu_kernel_impl_nocast<at::native::BUnaryFunctor<c10::BFloat16, c10::BFloat16, c10::BFloat16, at::native::binary_internal::MulFunctor<float> > >(at::TensorIteratorBase&, at::native::BUnaryFunctor<c10::BFloat16, c10::BFloat16, c10::BFloat16, at::native::binary_internal::MulFunctor<float> > const&)::{lambda(int)#1})	elementwise_copy	1.47	0.06	[48, 1, 1]
503	void at::native::elementwise_kernel<128, 4, at::native::gpu_kernel_impl_nocast<at::native::ConvertToFloat8E4M3fnOp<c10::BFloat16> >(at::TensorIteratorBase&, at::native::ConvertToFloat8E4M3fnOp<c10::BFloat16> const&)::{lambda(int)#1}>(int, at::native::gpu_kernel_impl_nocast<at::native::ConvertToFloat8E4M3fnOp<c10::BFloat16> >(at::TensorIteratorBase&, at::native::ConvertToFloat8E4M3fnOp<c10::BFloat16> const&)::{lambda(int)#1})	elementwise_copy	1.66	0.10	[48, 1, 1]
504	void at::native::elementwise_kernel<128, 4, at::native::gpu_kernel_impl_nocast<at::native::ConvertToFloat8E4M3fnOp<c10::BFloat16> >(at::TensorIteratorBase&, at::native::ConvertToFloat8E4M3fnOp<c10::BFloat16> const&)::{lambda(int)#1}>(int, at::native::gpu_kernel_impl_nocast<at::native::ConvertToFloat8E4M3fnOp<c10::BFloat16> >(at::TensorIteratorBase&, at::native::ConvertToFloat8E4M3fnOp<c10::BFloat16> const&)::{lambda(int)#1})	elementwise_copy	1.60	0.10	[48, 1, 1]
505	void sglang::store_kvcache_kernel<2048l, 2048l, 128u, true, long>(sglang::StoreKVCacheParams)	norm_rope_kv	1.02	0.22	[48, 1, 1]
506	_fwd_grouped_kernel_stage1	attention	38.69	0.10	[12, 8, 8]
507	_fwd_kernel_stage2	attention	2.21	0.22	[12, 16, 1]
508	void sglang::per_token_quant_fp8_cta_kernel<__nv_bfloat16, 8>(__nv_bfloat16 const*, __nv_fp8_e4m3*, float*, unsigned int)	act_quant	1.57	0.10	[12, 1, 1]
509	_ZN7cutlass13device_kernelINS_4gemm6kernel13GemmUniversalIN4cute5tupleIJiiiiEEENS1_10collective13CollectiveMmaINS1_31MainloopSm120TmaWarpSpecializedILi2ELi2ENS5_IJNS4_1CILi1EEESB_SB_EEENS1_40KernelTmaWarpSpecializedCooperativeSm120ILi2EEEEENS5_IJNSA_ILi128EEESG_SG_EEENS_12float_e4m3_tENS5_IJlSB_lEEESI_SJ_NS4_8TiledMMAINS4_8MMA_AtomIJNS4_16SM120_16x8x32_TNISI_SI_fEEEEENS4_6LayoutINS5_IJNSA_ILi4EEENSA_ILi2EEESB_EEENS5_IJSB_SQ_NSA_ILi0EEEEEEEENS5_IJSG_NSA_ILi32EEESW_EEEEENS4_13SM90_TMA_LOADENS4_14ComposedLayoutINS4_7SwizzleILi3ELi4ELi3EEENS4_18smem_ptr_flag_bitsILi8EEENSP_INS5_IJNSA_ILi8EEESG_EEENS5_IJSG_SB_EEEEEEENS4_9Copy_AtomIJNS4_17SM75_U32x4_LDSM_NEhEEENS4_8identityESZ_S19_S1C_S1D_EENS_8epilogue10collective18CollectiveEpilogueINS1F_22Sm90TmaWarpSpecializedILi2ELi2ELi4ELb0ELb1EEEJSH_NS5_IJNSA_ILi64EEESW_EEEvSJ_NS_10bfloat16_tESJ_NS1F_6fusion15Sm90TreeVisitorINS1N_11Sm90ComputeINS_10multipliesES1M_fLNS_15FloatRoundStyleE2EvEEJNS1N_16Sm90ColBroadcastILi0ESH_ffNS5_IJSB_ST_ST_EEELi4ELb1EEENS1O_INS1P_IS1Q_ffLS1R_2EvEEJNS1N_16Sm90RowBroadcastILi0ESH_ffNS5_IJST_SB_ST_EEELi4ELb1EEENS1N_12Sm90AccFetchEEEEEEESZ_NS10_INS11_ILi2ELi4ELi3EEENS13_ILi16EEENSP_INS5_IJS15_SW_EEENS5_IJSW_SB_EEEEEEENS4_17SM75_U32x2_LDSM_NENS4_14SM90_TMA_STOREES28_NS4_17SM90_U32x2_STSM_NENS1A_IJS2B_NS_6half_tEEEEvEEEvvEEEEvNT_6ParamsE	dense_gemm	49.73	0.10	[1, 22, 1]
510	kernel_cutlass_kernel_flashinfernormkernelsrmsnormRMSNormKernel_object_at__tensorptrbf16gmemalign128oi64281628161_tensorptrbf16gmemalign16o28161_tensorptrbf16gmemalign128oi64281628161___T_0	norm_rope_kv	2.66	-0.19	[3, 1, 1]
511	kernel_cutlass_kernel_flashinfernormkernelsfused_add_rmsnormFusedAddRMSNormKernel_object_at__tensorptrbf16gmemalign128oi64281628161_tensorptrbf16gmemalign128oi64281628161_tensorptrbf16gme_0	norm_rope_kv	2.46	-0.19	[3, 1, 1]
512	void sglang::per_token_quant_fp8_cta_kernel<__nv_bfloat16, 8>(__nv_bfloat16 const*, __nv_fp8_e4m3*, float*, unsigned int)	act_quant	1.54	0.10	[12, 1, 1]
513	_ZN7cutlass13device_kernelINS_4gemm6kernel13GemmUniversalIN4cute5tupleIJiiiiEEENS1_10collective13CollectiveMmaINS1_31MainloopSm120TmaWarpSpecializedILi2ELi2ENS5_IJNS4_1CILi1EEESB_SB_EEENS1_40KernelTmaWarpSpecializedCooperativeSm120ILi2EEEEENS5_IJNSA_ILi128EEESG_SG_EEENS_12float_e4m3_tENS5_IJlSB_lEEESI_SJ_NS4_8TiledMMAINS4_8MMA_AtomIJNS4_16SM120_16x8x32_TNISI_SI_fEEEEENS4_6LayoutINS5_IJNSA_ILi4EEENSA_ILi2EEESB_EEENS5_IJSB_SQ_NSA_ILi0EEEEEEEENS5_IJSG_NSA_ILi32EEESW_EEEEENS4_13SM90_TMA_LOADENS4_14ComposedLayoutINS4_7SwizzleILi3ELi4ELi3EEENS4_18smem_ptr_flag_bitsILi8EEENSP_INS5_IJNSA_ILi8EEESG_EEENS5_IJSG_SB_EEEEEEENS4_9Copy_AtomIJNS4_17SM75_U32x4_LDSM_NEhEEENS4_8identityESZ_S19_S1C_S1D_EENS_8epilogue10collective18CollectiveEpilogueINS1F_22Sm90TmaWarpSpecializedILi2ELi2ELi4ELb0ELb1EEEJSH_NS5_IJNSA_ILi64EEESW_EEEvSJ_NS_10bfloat16_tESJ_NS1F_6fusion15Sm90TreeVisitorINS1N_11Sm90ComputeINS_10multipliesES1M_fLNS_15FloatRoundStyleE2EvEEJNS1N_16Sm90ColBroadcastILi0ESH_ffNS5_IJSB_ST_ST_EEELi4ELb1EEENS1O_INS1P_IS1Q_ffLS1R_2EvEEJNS1N_16Sm90RowBroadcastILi0ESH_ffNS5_IJST_SB_ST_EEELi4ELb1EEENS1N_12Sm90AccFetchEEEEEEESZ_NS10_INS11_ILi2ELi4ELi3EEENS13_ILi16EEENSP_INS5_IJS15_SW_EEENS5_IJSW_SB_EEEEEEENS4_17SM75_U32x2_LDSM_NENS4_14SM90_TMA_STOREES28_NS4_17SM90_U32x2_STSM_NENS1A_IJS2B_NS_6half_tEEEEvEEEvvEEEEvNT_6ParamsE	dense_gemm	35.42	0.06	[1, 33, 1]
514	void sglang::act_and_mul_kernel<__nv_bfloat16, (sglang::ActivationKind)2, true, false, false, false>(sglang::ActivationParams)	elementwise_copy	1.47	0.22	[7, 1, 1]
515	void sglang::per_token_quant_fp8_cta_kernel<__nv_bfloat16, 8>(__nv_bfloat16 const*, __nv_fp8_e4m3*, float*, unsigned int)	act_quant	1.50	0.06	[12, 1, 1]
516	_ZN7cutlass13device_kernelINS_4gemm6kernel13GemmUniversalIN4cute5tupleIJiiiiEEENS1_10collective13CollectiveMmaINS1_31MainloopSm120TmaWarpSpecializedILi2ELi2ENS5_IJNS4_1CILi1EEESB_SB_EEENS1_40KernelTmaWarpSpecializedCooperativeSm120ILi2EEEEENS5_IJNSA_ILi128EEESG_SG_EEENS_12float_e4m3_tENS5_IJlSB_lEEESI_SJ_NS4_8TiledMMAINS4_8MMA_AtomIJNS4_16SM120_16x8x32_TNISI_SI_fEEEEENS4_6LayoutINS5_IJNSA_ILi4EEENSA_ILi2EEESB_EEENS5_IJSB_SQ_NSA_ILi0EEEEEEEENS5_IJSG_NSA_ILi32EEESW_EEEEENS4_13SM90_TMA_LOADENS4_14ComposedLayoutINS4_7SwizzleILi3ELi4ELi3EEENS4_18smem_ptr_flag_bitsILi8EEENSP_INS5_IJNSA_ILi8EEESG_EEENS5_IJSG_SB_EEEEEEENS4_9Copy_AtomIJNS4_17SM75_U32x4_LDSM_NEhEEENS4_8identityESZ_S19_S1C_S1D_EENS_8epilogue10collective18CollectiveEpilogueINS1F_22Sm90TmaWarpSpecializedILi2ELi2ELi4ELb0ELb1EEEJSH_NS5_IJNSA_ILi64EEESW_EEEvSJ_NS_10bfloat16_tESJ_NS1F_6fusion15Sm90TreeVisitorINS1N_11Sm90ComputeINS_10multipliesES1M_fLNS_15FloatRoundStyleE2EvEEJNS1N_16Sm90ColBroadcastILi0ESH_ffNS5_IJSB_ST_ST_EEELi4ELb1EEENS1O_INS1P_IS1Q_ffLS1R_2EvEEJNS1N_16Sm90RowBroadcastILi0ESH_ffNS5_IJST_SB_ST_EEELi4ELb1EEENS1N_12Sm90AccFetchEEEEEEESZ_NS10_INS11_ILi2ELi4ELi3EEENS13_ILi16EEENSP_INS5_IJS15_SW_EEENS5_IJSW_SB_EEEEEEENS4_17SM75_U32x2_LDSM_NENS4_14SM90_TMA_STOREES28_NS4_17SM90_U32x2_STSM_NENS1A_IJS2B_NS_6half_tEEEEvEEEvvEEEEvNT_6ParamsE	dense_gemm	28.06	0.10	[1, 22, 1]
517	kernel_cutlass_kernel_flashinfernormkernelsrmsnormRMSNormKernel_object_at__tensorptrbf16gmemalign128oi64281628161_tensorptrbf16gmemalign16o28161_tensorptrbf16gmemalign128oi64281628161___T_0	norm_rope_kv	2.40	0.19	[3, 1, 1]
518	void cutlass::Kernel2<cutlass_80_wmma_tensorop_bf16_s161616gemm_bf16_16x16_128x2_tn_align8>(cutlass_80_wmma_tensorop_bf16_s161616gemm_bf16_16x16_128x2_tn_align8::Params)	dense_gemm	3.33	0.10	[8, 1, 9]
519	void cublasLt::splitKreduce_kernel<32, 16, int, __nv_bfloat16, __nv_bfloat16, float, __nv_bfloat16, false, __nv_bfloat16, __nv_bfloat16, __nv_bfloat16, true, false, false, false>(cublasLt::cublasSplitKParams<float>, __nv_bfloat16 const*, __nv_bfloat16 const*, __nv_bfloat16*, __nv_bfloat16*, float const*, float const*, __nv_bfloat16 const*, __nv_bfloat16 const*, __nv_bfloat16*, void*, long, float*, int*, float*, float*, float const*, float const*, float const*, float const*, float const*)	dense_gemm	1.31	0.10	[4, 1, 1]
520	kernel_cutlass_kernel_flashinfernormkernelsrmsnormRMSNormKernel_object_at__tensorptrbf16gmemalign128oi64281628161_tensorptrbf16gmemalign16o28161_tensorptrbf16gmemalign128oi64281628161___T_0	norm_rope_kv	2.50	-0.35	[3, 1, 1]
521	_gemma4_routing_kernel	moe_route	1.63	0.10	[12, 1, 1]
522	void moe_align_block_size_kernel<int>(int const*, int*, int*, int*, int, int, unsigned long, int*, bool, bool, int, int)	moe_route	2.08	0.06	[2, 1, 1]
523	void count_and_sort_expert_tokens_kernel<int>(int const*, int*, int*, unsigned long, bool)	moe_route	0.99	0.10	[1, 1, 1]
524	void sglang::per_token_quant_fp8_cta_kernel<__nv_bfloat16, 8>(__nv_bfloat16 const*, __nv_fp8_e4m3*, float*, unsigned int)	act_quant	1.63	0.13	[12, 1, 1]
525	fused_moe_kernel	moe_gemm	136.64	-0.16	[4224, 1, 1]
526	void sglang::act_and_mul_kernel<__nv_bfloat16, (sglang::ActivationKind)1, true, false, false, false>(sglang::ActivationParams)	elementwise_copy	14.27	-12.90	[17, 1, 1]
527	void sglang::per_token_quant_fp8_cta_kernel<__nv_bfloat16, 8>(__nv_bfloat16 const*, __nv_fp8_e4m3*, float*, unsigned int)	act_quant	1.41	0.10	[96, 1, 1]
528	fused_moe_kernel	moe_gemm	68.26	-0.22	[8448, 1, 1]
529	_moe_sum_reduce_kernel	moe_route	3.97	-2.91	[12, 2, 1]
530	_gemma_dual_rmsnorm_residual_kernel	norm_rope_kv	2.56	0.06	[12, 1, 1]
531	kernel_cutlass_kernel_flashinfernormkernelsrmsnormRMSNormKernel_object_at__tensorptrbf16gmemalign128oi64281628161_tensorptrbf16gmemalign16o28161_tensorptrbf16gmemalign128oi64281628161___T_0	norm_rope_kv	2.34	0.22	[3, 1, 1]
532	void sglang::per_token_quant_fp8_cta_kernel<__nv_bfloat16, 8>(__nv_bfloat16 const*, __nv_fp8_e4m3*, float*, unsigned int)	act_quant	1.50	0.10	[12, 1, 1]
533	_ZN7cutlass13device_kernelINS_4gemm6kernel13GemmUniversalIN4cute5tupleIJiiiiEEENS1_10collective13CollectiveMmaINS1_31MainloopSm120TmaWarpSpecializedILi2ELi2ENS5_IJNS4_1CILi1EEESB_SB_EEENS1_40KernelTmaWarpSpecializedCooperativeSm120ILi2EEEEENS5_IJNSA_ILi128EEESG_SG_EEENS_12float_e4m3_tENS5_IJlSB_lEEESI_SJ_NS4_8TiledMMAINS4_8MMA_AtomIJNS4_16SM120_16x8x32_TNISI_SI_fEEEEENS4_6LayoutINS5_IJNSA_ILi4EEENSA_ILi2EEESB_EEENS5_IJSB_SQ_NSA_ILi0EEEEEEEENS5_IJSG_NSA_ILi32EEESW_EEEEENS4_13SM90_TMA_LOADENS4_14ComposedLayoutINS4_7SwizzleILi3ELi4ELi3EEENS4_18smem_ptr_flag_bitsILi8EEENSP_INS5_IJNSA_ILi8EEESG_EEENS5_IJSG_SB_EEEEEEENS4_9Copy_AtomIJNS4_17SM75_U32x4_LDSM_NEhEEENS4_8identityESZ_S19_S1C_S1D_EENS_8epilogue10collective18CollectiveEpilogueINS1F_22Sm90TmaWarpSpecializedILi2ELi2ELi4ELb0ELb1EEEJSH_NS5_IJNSA_ILi64EEESW_EEEvSJ_NS_10bfloat16_tESJ_NS1F_6fusion15Sm90TreeVisitorINS1N_11Sm90ComputeINS_10multipliesES1M_fLNS_15FloatRoundStyleE2EvEEJNS1N_16Sm90ColBroadcastILi0ESH_ffNS5_IJSB_ST_ST_EEELi4ELb1EEENS1O_INS1P_IS1Q_ffLS1R_2EvEEJNS1N_16Sm90RowBroadcastILi0ESH_ffNS5_IJST_SB_ST_EEELi4ELb1EEENS1N_12Sm90AccFetchEEEEEEESZ_NS10_INS11_ILi2ELi4ELi3EEENS13_ILi16EEENSP_INS5_IJS15_SW_EEENS5_IJSW_SB_EEEEEEENS4_17SM75_U32x2_LDSM_NENS4_14SM90_TMA_STOREES28_NS4_17SM90_U32x2_STSM_NENS1A_IJS2B_NS_6half_tEEEEvEEEvvEEEEvNT_6ParamsE	dense_gemm	35.94	0.06	[1, 64, 1]
534	_gemma_qkv_rmsnorm_kernel	norm_rope_kv	1.70	0.10	[12, 32, 1]
535	void sglang::fused_rope_kernel<true, 256l, true, __nv_bfloat16, __nv_bfloat16, long, 32u>(sglang::FusedRopeParams)	norm_rope_kv	1.44	0.22	[72, 1, 1]
536	void at::native::elementwise_kernel<128, 4, at::native::gpu_kernel_impl_nocast<at::native::BUnaryFunctor<c10::BFloat16, c10::BFloat16, c10::BFloat16, at::native::binary_internal::MulFunctor<float> > >(at::TensorIteratorBase&, at::native::BUnaryFunctor<c10::BFloat16, c10::BFloat16, c10::BFloat16, at::native::binary_internal::MulFunctor<float> > const&)::{lambda(int)#1}>(int, at::native::gpu_kernel_impl_nocast<at::native::BUnaryFunctor<c10::BFloat16, c10::BFloat16, c10::BFloat16, at::native::binary_internal::MulFunctor<float> > >(at::TensorIteratorBase&, at::native::BUnaryFunctor<c10::BFloat16, c10::BFloat16, c10::BFloat16, at::native::binary_internal::MulFunctor<float> > const&)::{lambda(int)#1})	elementwise_copy	1.70	0.10	[48, 1, 1]
537	void at::native::elementwise_kernel<128, 4, at::native::gpu_kernel_impl_nocast<at::native::BUnaryFunctor<c10::BFloat16, c10::BFloat16, c10::BFloat16, at::native::binary_internal::MulFunctor<float> > >(at::TensorIteratorBase&, at::native::BUnaryFunctor<c10::BFloat16, c10::BFloat16, c10::BFloat16, at::native::binary_internal::MulFunctor<float> > const&)::{lambda(int)#1}>(int, at::native::gpu_kernel_impl_nocast<at::native::BUnaryFunctor<c10::BFloat16, c10::BFloat16, c10::BFloat16, at::native::binary_internal::MulFunctor<float> > >(at::TensorIteratorBase&, at::native::BUnaryFunctor<c10::BFloat16, c10::BFloat16, c10::BFloat16, at::native::binary_internal::MulFunctor<float> > const&)::{lambda(int)#1})	elementwise_copy	1.47	0.10	[48, 1, 1]
538	void at::native::elementwise_kernel<128, 4, at::native::gpu_kernel_impl_nocast<at::native::ConvertToFloat8E4M3fnOp<c10::BFloat16> >(at::TensorIteratorBase&, at::native::ConvertToFloat8E4M3fnOp<c10::BFloat16> const&)::{lambda(int)#1}>(int, at::native::gpu_kernel_impl_nocast<at::native::ConvertToFloat8E4M3fnOp<c10::BFloat16> >(at::TensorIteratorBase&, at::native::ConvertToFloat8E4M3fnOp<c10::BFloat16> const&)::{lambda(int)#1})	elementwise_copy	1.66	0.10	[48, 1, 1]
539	void at::native::elementwise_kernel<128, 4, at::native::gpu_kernel_impl_nocast<at::native::ConvertToFloat8E4M3fnOp<c10::BFloat16> >(at::TensorIteratorBase&, at::native::ConvertToFloat8E4M3fnOp<c10::BFloat16> const&)::{lambda(int)#1}>(int, at::native::gpu_kernel_impl_nocast<at::native::ConvertToFloat8E4M3fnOp<c10::BFloat16> >(at::TensorIteratorBase&, at::native::ConvertToFloat8E4M3fnOp<c10::BFloat16> const&)::{lambda(int)#1})	elementwise_copy	1.63	0.10	[48, 1, 1]
540	void sglang::store_kvcache_kernel<2048l, 2048l, 128u, true, long>(sglang::StoreKVCacheParams)	norm_rope_kv	1.06	0.19	[48, 1, 1]
541	_fwd_grouped_kernel_stage1	attention	39.10	0.10	[12, 8, 8]
542	_fwd_kernel_stage2	attention	2.21	0.22	[12, 16, 1]
543	void sglang::per_token_quant_fp8_cta_kernel<__nv_bfloat16, 8>(__nv_bfloat16 const*, __nv_fp8_e4m3*, float*, unsigned int)	act_quant	1.57	0.10	[12, 1, 1]
544	_ZN7cutlass13device_kernelINS_4gemm6kernel13GemmUniversalIN4cute5tupleIJiiiiEEENS1_10collective13CollectiveMmaINS1_31MainloopSm120TmaWarpSpecializedILi2ELi2ENS5_IJNS4_1CILi1EEESB_SB_EEENS1_40KernelTmaWarpSpecializedCooperativeSm120ILi2EEEEENS5_IJNSA_ILi128EEESG_SG_EEENS_12float_e4m3_tENS5_IJlSB_lEEESI_SJ_NS4_8TiledMMAINS4_8MMA_AtomIJNS4_16SM120_16x8x32_TNISI_SI_fEEEEENS4_6LayoutINS5_IJNSA_ILi4EEENSA_ILi2EEESB_EEENS5_IJSB_SQ_NSA_ILi0EEEEEEEENS5_IJSG_NSA_ILi32EEESW_EEEEENS4_13SM90_TMA_LOADENS4_14ComposedLayoutINS4_7SwizzleILi3ELi4ELi3EEENS4_18smem_ptr_flag_bitsILi8EEENSP_INS5_IJNSA_ILi8EEESG_EEENS5_IJSG_SB_EEEEEEENS4_9Copy_AtomIJNS4_17SM75_U32x4_LDSM_NEhEEENS4_8identityESZ_S19_S1C_S1D_EENS_8epilogue10collective18CollectiveEpilogueINS1F_22Sm90TmaWarpSpecializedILi2ELi2ELi4ELb0ELb1EEEJSH_NS5_IJNSA_ILi64EEESW_EEEvSJ_NS_10bfloat16_tESJ_NS1F_6fusion15Sm90TreeVisitorINS1N_11Sm90ComputeINS_10multipliesES1M_fLNS_15FloatRoundStyleE2EvEEJNS1N_16Sm90ColBroadcastILi0ESH_ffNS5_IJSB_ST_ST_EEELi4ELb1EEENS1O_INS1P_IS1Q_ffLS1R_2EvEEJNS1N_16Sm90RowBroadcastILi0ESH_ffNS5_IJST_SB_ST_EEELi4ELb1EEENS1N_12Sm90AccFetchEEEEEEESZ_NS10_INS11_ILi2ELi4ELi3EEENS13_ILi16EEENSP_INS5_IJS15_SW_EEENS5_IJSW_SB_EEEEEEENS4_17SM75_U32x2_LDSM_NENS4_14SM90_TMA_STOREES28_NS4_17SM90_U32x2_STSM_NENS1A_IJS2B_NS_6half_tEEEEvEEEvvEEEEvNT_6ParamsE	dense_gemm	49.63	0.10	[1, 22, 1]
545	kernel_cutlass_kernel_flashinfernormkernelsrmsnormRMSNormKernel_object_at__tensorptrbf16gmemalign128oi64281628161_tensorptrbf16gmemalign16o28161_tensorptrbf16gmemalign128oi64281628161___T_0	norm_rope_kv	2.59	-0.19	[3, 1, 1]
546	kernel_cutlass_kernel_flashinfernormkernelsfused_add_rmsnormFusedAddRMSNormKernel_object_at__tensorptrbf16gmemalign128oi64281628161_tensorptrbf16gmemalign128oi64281628161_tensorptrbf16gme_0	norm_rope_kv	2.50	-0.22	[3, 1, 1]
547	void sglang::per_token_quant_fp8_cta_kernel<__nv_bfloat16, 8>(__nv_bfloat16 const*, __nv_fp8_e4m3*, float*, unsigned int)	act_quant	1.50	0.10	[12, 1, 1]
548	_ZN7cutlass13device_kernelINS_4gemm6kernel13GemmUniversalIN4cute5tupleIJiiiiEEENS1_10collective13CollectiveMmaINS1_31MainloopSm120TmaWarpSpecializedILi2ELi2ENS5_IJNS4_1CILi1EEESB_SB_EEENS1_40KernelTmaWarpSpecializedCooperativeSm120ILi2EEEEENS5_IJNSA_ILi128EEESG_SG_EEENS_12float_e4m3_tENS5_IJlSB_lEEESI_SJ_NS4_8TiledMMAINS4_8MMA_AtomIJNS4_16SM120_16x8x32_TNISI_SI_fEEEEENS4_6LayoutINS5_IJNSA_ILi4EEENSA_ILi2EEESB_EEENS5_IJSB_SQ_NSA_ILi0EEEEEEEENS5_IJSG_NSA_ILi32EEESW_EEEEENS4_13SM90_TMA_LOADENS4_14ComposedLayoutINS4_7SwizzleILi3ELi4ELi3EEENS4_18smem_ptr_flag_bitsILi8EEENSP_INS5_IJNSA_ILi8EEESG_EEENS5_IJSG_SB_EEEEEEENS4_9Copy_AtomIJNS4_17SM75_U32x4_LDSM_NEhEEENS4_8identityESZ_S19_S1C_S1D_EENS_8epilogue10collective18CollectiveEpilogueINS1F_22Sm90TmaWarpSpecializedILi2ELi2ELi4ELb0ELb1EEEJSH_NS5_IJNSA_ILi64EEESW_EEEvSJ_NS_10bfloat16_tESJ_NS1F_6fusion15Sm90TreeVisitorINS1N_11Sm90ComputeINS_10multipliesES1M_fLNS_15FloatRoundStyleE2EvEEJNS1N_16Sm90ColBroadcastILi0ESH_ffNS5_IJSB_ST_ST_EEELi4ELb1EEENS1O_INS1P_IS1Q_ffLS1R_2EvEEJNS1N_16Sm90RowBroadcastILi0ESH_ffNS5_IJST_SB_ST_EEELi4ELb1EEENS1N_12Sm90AccFetchEEEEEEESZ_NS10_INS11_ILi2ELi4ELi3EEENS13_ILi16EEENSP_INS5_IJS15_SW_EEENS5_IJSW_SB_EEEEEEENS4_17SM75_U32x2_LDSM_NENS4_14SM90_TMA_STOREES28_NS4_17SM90_U32x2_STSM_NENS1A_IJS2B_NS_6half_tEEEEvEEEvvEEEEvNT_6ParamsE	dense_gemm	35.39	0.10	[1, 33, 1]
549	void sglang::act_and_mul_kernel<__nv_bfloat16, (sglang::ActivationKind)2, true, false, false, false>(sglang::ActivationParams)	elementwise_copy	1.47	0.19	[7, 1, 1]
550	void sglang::per_token_quant_fp8_cta_kernel<__nv_bfloat16, 8>(__nv_bfloat16 const*, __nv_fp8_e4m3*, float*, unsigned int)	act_quant	1.50	0.10	[12, 1, 1]
551	_ZN7cutlass13device_kernelINS_4gemm6kernel13GemmUniversalIN4cute5tupleIJiiiiEEENS1_10collective13CollectiveMmaINS1_31MainloopSm120TmaWarpSpecializedILi2ELi2ENS5_IJNS4_1CILi1EEESB_SB_EEENS1_40KernelTmaWarpSpecializedCooperativeSm120ILi2EEEEENS5_IJNSA_ILi128EEESG_SG_EEENS_12float_e4m3_tENS5_IJlSB_lEEESI_SJ_NS4_8TiledMMAINS4_8MMA_AtomIJNS4_16SM120_16x8x32_TNISI_SI_fEEEEENS4_6LayoutINS5_IJNSA_ILi4EEENSA_ILi2EEESB_EEENS5_IJSB_SQ_NSA_ILi0EEEEEEEENS5_IJSG_NSA_ILi32EEESW_EEEEENS4_13SM90_TMA_LOADENS4_14ComposedLayoutINS4_7SwizzleILi3ELi4ELi3EEENS4_18smem_ptr_flag_bitsILi8EEENSP_INS5_IJNSA_ILi8EEESG_EEENS5_IJSG_SB_EEEEEEENS4_9Copy_AtomIJNS4_17SM75_U32x4_LDSM_NEhEEENS4_8identityESZ_S19_S1C_S1D_EENS_8epilogue10collective18CollectiveEpilogueINS1F_22Sm90TmaWarpSpecializedILi2ELi2ELi4ELb0ELb1EEEJSH_NS5_IJNSA_ILi64EEESW_EEEvSJ_NS_10bfloat16_tESJ_NS1F_6fusion15Sm90TreeVisitorINS1N_11Sm90ComputeINS_10multipliesES1M_fLNS_15FloatRoundStyleE2EvEEJNS1N_16Sm90ColBroadcastILi0ESH_ffNS5_IJSB_ST_ST_EEELi4ELb1EEENS1O_INS1P_IS1Q_ffLS1R_2EvEEJNS1N_16Sm90RowBroadcastILi0ESH_ffNS5_IJST_SB_ST_EEELi4ELb1EEENS1N_12Sm90AccFetchEEEEEEESZ_NS10_INS11_ILi2ELi4ELi3EEENS13_ILi16EEENSP_INS5_IJS15_SW_EEENS5_IJSW_SB_EEEEEEENS4_17SM75_U32x2_LDSM_NENS4_14SM90_TMA_STOREES28_NS4_17SM90_U32x2_STSM_NENS1A_IJS2B_NS_6half_tEEEEvEEEvvEEEEvNT_6ParamsE	dense_gemm	28.10	0.06	[1, 22, 1]
552	kernel_cutlass_kernel_flashinfernormkernelsrmsnormRMSNormKernel_object_at__tensorptrbf16gmemalign128oi64281628161_tensorptrbf16gmemalign16o28161_tensorptrbf16gmemalign128oi64281628161___T_0	norm_rope_kv	2.34	0.22	[3, 1, 1]
553	void cutlass::Kernel2<cutlass_80_wmma_tensorop_bf16_s161616gemm_bf16_16x16_128x2_tn_align8>(cutlass_80_wmma_tensorop_bf16_s161616gemm_bf16_16x16_128x2_tn_align8::Params)	dense_gemm	3.39	0.10	[8, 1, 9]
554	void cublasLt::splitKreduce_kernel<32, 16, int, __nv_bfloat16, __nv_bfloat16, float, __nv_bfloat16, false, __nv_bfloat16, __nv_bfloat16, __nv_bfloat16, true, false, false, false>(cublasLt::cublasSplitKParams<float>, __nv_bfloat16 const*, __nv_bfloat16 const*, __nv_bfloat16*, __nv_bfloat16*, float const*, float const*, __nv_bfloat16 const*, __nv_bfloat16 const*, __nv_bfloat16*, void*, long, float*, int*, float*, float*, float const*, float const*, float const*, float const*, float const*)	dense_gemm	1.31	0.10	[4, 1, 1]
555	kernel_cutlass_kernel_flashinfernormkernelsrmsnormRMSNormKernel_object_at__tensorptrbf16gmemalign128oi64281628161_tensorptrbf16gmemalign16o28161_tensorptrbf16gmemalign128oi64281628161___T_0	norm_rope_kv	2.53	-0.38	[3, 1, 1]
556	_gemma4_routing_kernel	moe_route	1.57	0.10	[12, 1, 1]
557	void moe_align_block_size_kernel<int>(int const*, int*, int*, int*, int, int, unsigned long, int*, bool, bool, int, int)	moe_route	2.05	0.13	[2, 1, 1]
558	void count_and_sort_expert_tokens_kernel<int>(int const*, int*, int*, unsigned long, bool)	moe_route	0.99	0.10	[1, 1, 1]
559	void sglang::per_token_quant_fp8_cta_kernel<__nv_bfloat16, 8>(__nv_bfloat16 const*, __nv_fp8_e4m3*, float*, unsigned int)	act_quant	1.70	0.10	[12, 1, 1]
560	fused_moe_kernel	moe_gemm	130.94	-0.22	[4224, 1, 1]
561	void sglang::act_and_mul_kernel<__nv_bfloat16, (sglang::ActivationKind)1, true, false, false, false>(sglang::ActivationParams)	elementwise_copy	11.10	-9.79	[17, 1, 1]
562	void sglang::per_token_quant_fp8_cta_kernel<__nv_bfloat16, 8>(__nv_bfloat16 const*, __nv_fp8_e4m3*, float*, unsigned int)	act_quant	1.38	0.10	[96, 1, 1]
563	fused_moe_kernel	moe_gemm	66.53	-0.19	[8448, 1, 1]
564	_moe_sum_reduce_kernel	moe_route	4.16	-2.94	[12, 2, 1]
565	_gemma_dual_rmsnorm_residual_kernel	norm_rope_kv	2.37	0.06	[12, 1, 1]
566	kernel_cutlass_kernel_flashinfernormkernelsrmsnormRMSNormKernel_object_at__tensorptrbf16gmemalign128oi64281628161_tensorptrbf16gmemalign16o28161_tensorptrbf16gmemalign128oi64281628161___T_0	norm_rope_kv	2.34	0.22	[3, 1, 1]
567	void sglang::per_token_quant_fp8_cta_kernel<__nv_bfloat16, 8>(__nv_bfloat16 const*, __nv_fp8_e4m3*, float*, unsigned int)	act_quant	1.47	0.10	[12, 1, 1]
568	_ZN7cutlass13device_kernelINS_4gemm6kernel13GemmUniversalIN4cute5tupleIJiiiiEEENS1_10collective13CollectiveMmaINS1_31MainloopSm120TmaWarpSpecializedILi2ELi2ENS5_IJNS4_1CILi1EEESB_SB_EEENS1_40KernelTmaWarpSpecializedCooperativeSm120ILi2EEEEENS5_IJNSA_ILi128EEESG_SG_EEENS_12float_e4m3_tENS5_IJlSB_lEEESI_SJ_NS4_8TiledMMAINS4_8MMA_AtomIJNS4_16SM120_16x8x32_TNISI_SI_fEEEEENS4_6LayoutINS5_IJNSA_ILi4EEENSA_ILi2EEESB_EEENS5_IJSB_SQ_NSA_ILi0EEEEEEEENS5_IJSG_NSA_ILi32EEESW_EEEEENS4_13SM90_TMA_LOADENS4_14ComposedLayoutINS4_7SwizzleILi3ELi4ELi3EEENS4_18smem_ptr_flag_bitsILi8EEENSP_INS5_IJNSA_ILi8EEESG_EEENS5_IJSG_SB_EEEEEEENS4_9Copy_AtomIJNS4_17SM75_U32x4_LDSM_NEhEEENS4_8identityESZ_S19_S1C_S1D_EENS_8epilogue10collective18CollectiveEpilogueINS1F_22Sm90TmaWarpSpecializedILi2ELi2ELi4ELb0ELb1EEEJSH_NS5_IJNSA_ILi64EEESW_EEEvSJ_NS_10bfloat16_tESJ_NS1F_6fusion15Sm90TreeVisitorINS1N_11Sm90ComputeINS_10multipliesES1M_fLNS_15FloatRoundStyleE2EvEEJNS1N_16Sm90ColBroadcastILi0ESH_ffNS5_IJSB_ST_ST_EEELi4ELb1EEENS1O_INS1P_IS1Q_ffLS1R_2EvEEJNS1N_16Sm90RowBroadcastILi0ESH_ffNS5_IJST_SB_ST_EEELi4ELb1EEENS1N_12Sm90AccFetchEEEEEEESZ_NS10_INS11_ILi2ELi4ELi3EEENS13_ILi16EEENSP_INS5_IJS15_SW_EEENS5_IJSW_SB_EEEEEEENS4_17SM75_U32x2_LDSM_NENS4_14SM90_TMA_STOREES28_NS4_17SM90_U32x2_STSM_NENS1A_IJS2B_NS_6half_tEEEEvEEEvvEEEEvNT_6ParamsE	dense_gemm	35.97	0.13	[1, 64, 1]
569	_gemma_qkv_rmsnorm_kernel	norm_rope_kv	1.70	0.10	[12, 32, 1]
570	void sglang::fused_rope_kernel<true, 256l, true, __nv_bfloat16, __nv_bfloat16, long, 32u>(sglang::FusedRopeParams)	norm_rope_kv	1.44	0.19	[72, 1, 1]
571	void at::native::elementwise_kernel<128, 4, at::native::gpu_kernel_impl_nocast<at::native::BUnaryFunctor<c10::BFloat16, c10::BFloat16, c10::BFloat16, at::native::binary_internal::MulFunctor<float> > >(at::TensorIteratorBase&, at::native::BUnaryFunctor<c10::BFloat16, c10::BFloat16, c10::BFloat16, at::native::binary_internal::MulFunctor<float> > const&)::{lambda(int)#1}>(int, at::native::gpu_kernel_impl_nocast<at::native::BUnaryFunctor<c10::BFloat16, c10::BFloat16, c10::BFloat16, at::native::binary_internal::MulFunctor<float> > >(at::TensorIteratorBase&, at::native::BUnaryFunctor<c10::BFloat16, c10::BFloat16, c10::BFloat16, at::native::binary_internal::MulFunctor<float> > const&)::{lambda(int)#1})	elementwise_copy	1.70	0.10	[48, 1, 1]
572	void at::native::elementwise_kernel<128, 4, at::native::gpu_kernel_impl_nocast<at::native::BUnaryFunctor<c10::BFloat16, c10::BFloat16, c10::BFloat16, at::native::binary_internal::MulFunctor<float> > >(at::TensorIteratorBase&, at::native::BUnaryFunctor<c10::BFloat16, c10::BFloat16, c10::BFloat16, at::native::binary_internal::MulFunctor<float> > const&)::{lambda(int)#1}>(int, at::native::gpu_kernel_impl_nocast<at::native::BUnaryFunctor<c10::BFloat16, c10::BFloat16, c10::BFloat16, at::native::binary_internal::MulFunctor<float> > >(at::TensorIteratorBase&, at::native::BUnaryFunctor<c10::BFloat16, c10::BFloat16, c10::BFloat16, at::native::binary_internal::MulFunctor<float> > const&)::{lambda(int)#1})	elementwise_copy	1.44	0.10	[48, 1, 1]
573	void at::native::elementwise_kernel<128, 4, at::native::gpu_kernel_impl_nocast<at::native::ConvertToFloat8E4M3fnOp<c10::BFloat16> >(at::TensorIteratorBase&, at::native::ConvertToFloat8E4M3fnOp<c10::BFloat16> const&)::{lambda(int)#1}>(int, at::native::gpu_kernel_impl_nocast<at::native::ConvertToFloat8E4M3fnOp<c10::BFloat16> >(at::TensorIteratorBase&, at::native::ConvertToFloat8E4M3fnOp<c10::BFloat16> const&)::{lambda(int)#1})	elementwise_copy	1.66	0.13	[48, 1, 1]
574	void at::native::elementwise_kernel<128, 4, at::native::gpu_kernel_impl_nocast<at::native::ConvertToFloat8E4M3fnOp<c10::BFloat16> >(at::TensorIteratorBase&, at::native::ConvertToFloat8E4M3fnOp<c10::BFloat16> const&)::{lambda(int)#1}>(int, at::native::gpu_kernel_impl_nocast<at::native::ConvertToFloat8E4M3fnOp<c10::BFloat16> >(at::TensorIteratorBase&, at::native::ConvertToFloat8E4M3fnOp<c10::BFloat16> const&)::{lambda(int)#1})	elementwise_copy	1.63	0.06	[48, 1, 1]
575	void sglang::store_kvcache_kernel<2048l, 2048l, 128u, true, long>(sglang::StoreKVCacheParams)	norm_rope_kv	1.06	0.19	[48, 1, 1]
576	_fwd_grouped_kernel_stage1	attention	39.62	0.10	[12, 8, 8]
577	_fwd_kernel_stage2	attention	2.21	0.22	[12, 16, 1]
578	void sglang::per_token_quant_fp8_cta_kernel<__nv_bfloat16, 8>(__nv_bfloat16 const*, __nv_fp8_e4m3*, float*, unsigned int)	act_quant	1.57	0.10	[12, 1, 1]
579	_ZN7cutlass13device_kernelINS_4gemm6kernel13GemmUniversalIN4cute5tupleIJiiiiEEENS1_10collective13CollectiveMmaINS1_31MainloopSm120TmaWarpSpecializedILi2ELi2ENS5_IJNS4_1CILi1EEESB_SB_EEENS1_40KernelTmaWarpSpecializedCooperativeSm120ILi2EEEEENS5_IJNSA_ILi128EEESG_SG_EEENS_12float_e4m3_tENS5_IJlSB_lEEESI_SJ_NS4_8TiledMMAINS4_8MMA_AtomIJNS4_16SM120_16x8x32_TNISI_SI_fEEEEENS4_6LayoutINS5_IJNSA_ILi4EEENSA_ILi2EEESB_EEENS5_IJSB_SQ_NSA_ILi0EEEEEEEENS5_IJSG_NSA_ILi32EEESW_EEEEENS4_13SM90_TMA_LOADENS4_14ComposedLayoutINS4_7SwizzleILi3ELi4ELi3EEENS4_18smem_ptr_flag_bitsILi8EEENSP_INS5_IJNSA_ILi8EEESG_EEENS5_IJSG_SB_EEEEEEENS4_9Copy_AtomIJNS4_17SM75_U32x4_LDSM_NEhEEENS4_8identityESZ_S19_S1C_S1D_EENS_8epilogue10collective18CollectiveEpilogueINS1F_22Sm90TmaWarpSpecializedILi2ELi2ELi4ELb0ELb1EEEJSH_NS5_IJNSA_ILi64EEESW_EEEvSJ_NS_10bfloat16_tESJ_NS1F_6fusion15Sm90TreeVisitorINS1N_11Sm90ComputeINS_10multipliesES1M_fLNS_15FloatRoundStyleE2EvEEJNS1N_16Sm90ColBroadcastILi0ESH_ffNS5_IJSB_ST_ST_EEELi4ELb1EEENS1O_INS1P_IS1Q_ffLS1R_2EvEEJNS1N_16Sm90RowBroadcastILi0ESH_ffNS5_IJST_SB_ST_EEELi4ELb1EEENS1N_12Sm90AccFetchEEEEEEESZ_NS10_INS11_ILi2ELi4ELi3EEENS13_ILi16EEENSP_INS5_IJS15_SW_EEENS5_IJSW_SB_EEEEEEENS4_17SM75_U32x2_LDSM_NENS4_14SM90_TMA_STOREES28_NS4_17SM90_U32x2_STSM_NENS1A_IJS2B_NS_6half_tEEEEvEEEvvEEEEvNT_6ParamsE	dense_gemm	49.63	0.10	[1, 22, 1]
580	kernel_cutlass_kernel_flashinfernormkernelsrmsnormRMSNormKernel_object_at__tensorptrbf16gmemalign128oi64281628161_tensorptrbf16gmemalign16o28161_tensorptrbf16gmemalign128oi64281628161___T_0	norm_rope_kv	2.62	-0.19	[3, 1, 1]
581	kernel_cutlass_kernel_flashinfernormkernelsfused_add_rmsnormFusedAddRMSNormKernel_object_at__tensorptrbf16gmemalign128oi64281628161_tensorptrbf16gmemalign128oi64281628161_tensorptrbf16gme_0	norm_rope_kv	2.50	-0.16	[3, 1, 1]
582	void sglang::per_token_quant_fp8_cta_kernel<__nv_bfloat16, 8>(__nv_bfloat16 const*, __nv_fp8_e4m3*, float*, unsigned int)	act_quant	1.50	0.10	[12, 1, 1]
583	_ZN7cutlass13device_kernelINS_4gemm6kernel13GemmUniversalIN4cute5tupleIJiiiiEEENS1_10collective13CollectiveMmaINS1_31MainloopSm120TmaWarpSpecializedILi2ELi2ENS5_IJNS4_1CILi1EEESB_SB_EEENS1_40KernelTmaWarpSpecializedCooperativeSm120ILi2EEEEENS5_IJNSA_ILi128EEESG_SG_EEENS_12float_e4m3_tENS5_IJlSB_lEEESI_SJ_NS4_8TiledMMAINS4_8MMA_AtomIJNS4_16SM120_16x8x32_TNISI_SI_fEEEEENS4_6LayoutINS5_IJNSA_ILi4EEENSA_ILi2EEESB_EEENS5_IJSB_SQ_NSA_ILi0EEEEEEEENS5_IJSG_NSA_ILi32EEESW_EEEEENS4_13SM90_TMA_LOADENS4_14ComposedLayoutINS4_7SwizzleILi3ELi4ELi3EEENS4_18smem_ptr_flag_bitsILi8EEENSP_INS5_IJNSA_ILi8EEESG_EEENS5_IJSG_SB_EEEEEEENS4_9Copy_AtomIJNS4_17SM75_U32x4_LDSM_NEhEEENS4_8identityESZ_S19_S1C_S1D_EENS_8epilogue10collective18CollectiveEpilogueINS1F_22Sm90TmaWarpSpecializedILi2ELi2ELi4ELb0ELb1EEEJSH_NS5_IJNSA_ILi64EEESW_EEEvSJ_NS_10bfloat16_tESJ_NS1F_6fusion15Sm90TreeVisitorINS1N_11Sm90ComputeINS_10multipliesES1M_fLNS_15FloatRoundStyleE2EvEEJNS1N_16Sm90ColBroadcastILi0ESH_ffNS5_IJSB_ST_ST_EEELi4ELb1EEENS1O_INS1P_IS1Q_ffLS1R_2EvEEJNS1N_16Sm90RowBroadcastILi0ESH_ffNS5_IJST_SB_ST_EEELi4ELb1EEENS1N_12Sm90AccFetchEEEEEEESZ_NS10_INS11_ILi2ELi4ELi3EEENS13_ILi16EEENSP_INS5_IJS15_SW_EEENS5_IJSW_SB_EEEEEEENS4_17SM75_U32x2_LDSM_NENS4_14SM90_TMA_STOREES28_NS4_17SM90_U32x2_STSM_NENS1A_IJS2B_NS_6half_tEEEEvEEEvvEEEEvNT_6ParamsE	dense_gemm	35.39	0.10	[1, 33, 1]
584	void sglang::act_and_mul_kernel<__nv_bfloat16, (sglang::ActivationKind)2, true, false, false, false>(sglang::ActivationParams)	elementwise_copy	1.47	0.19	[7, 1, 1]
585	void sglang::per_token_quant_fp8_cta_kernel<__nv_bfloat16, 8>(__nv_bfloat16 const*, __nv_fp8_e4m3*, float*, unsigned int)	act_quant	1.47	0.10	[12, 1, 1]
586	_ZN7cutlass13device_kernelINS_4gemm6kernel13GemmUniversalIN4cute5tupleIJiiiiEEENS1_10collective13CollectiveMmaINS1_31MainloopSm120TmaWarpSpecializedILi2ELi2ENS5_IJNS4_1CILi1EEESB_SB_EEENS1_40KernelTmaWarpSpecializedCooperativeSm120ILi2EEEEENS5_IJNSA_ILi128EEESG_SG_EEENS_12float_e4m3_tENS5_IJlSB_lEEESI_SJ_NS4_8TiledMMAINS4_8MMA_AtomIJNS4_16SM120_16x8x32_TNISI_SI_fEEEEENS4_6LayoutINS5_IJNSA_ILi4EEENSA_ILi2EEESB_EEENS5_IJSB_SQ_NSA_ILi0EEEEEEEENS5_IJSG_NSA_ILi32EEESW_EEEEENS4_13SM90_TMA_LOADENS4_14ComposedLayoutINS4_7SwizzleILi3ELi4ELi3EEENS4_18smem_ptr_flag_bitsILi8EEENSP_INS5_IJNSA_ILi8EEESG_EEENS5_IJSG_SB_EEEEEEENS4_9Copy_AtomIJNS4_17SM75_U32x4_LDSM_NEhEEENS4_8identityESZ_S19_S1C_S1D_EENS_8epilogue10collective18CollectiveEpilogueINS1F_22Sm90TmaWarpSpecializedILi2ELi2ELi4ELb0ELb1EEEJSH_NS5_IJNSA_ILi64EEESW_EEEvSJ_NS_10bfloat16_tESJ_NS1F_6fusion15Sm90TreeVisitorINS1N_11Sm90ComputeINS_10multipliesES1M_fLNS_15FloatRoundStyleE2EvEEJNS1N_16Sm90ColBroadcastILi0ESH_ffNS5_IJSB_ST_ST_EEELi4ELb1EEENS1O_INS1P_IS1Q_ffLS1R_2EvEEJNS1N_16Sm90RowBroadcastILi0ESH_ffNS5_IJST_SB_ST_EEELi4ELb1EEENS1N_12Sm90AccFetchEEEEEEESZ_NS10_INS11_ILi2ELi4ELi3EEENS13_ILi16EEENSP_INS5_IJS15_SW_EEENS5_IJSW_SB_EEEEEEENS4_17SM75_U32x2_LDSM_NENS4_14SM90_TMA_STOREES28_NS4_17SM90_U32x2_STSM_NENS1A_IJS2B_NS_6half_tEEEEvEEEvvEEEEvNT_6ParamsE	dense_gemm	28.00	0.10	[1, 22, 1]
587	kernel_cutlass_kernel_flashinfernormkernelsrmsnormRMSNormKernel_object_at__tensorptrbf16gmemalign128oi64281628161_tensorptrbf16gmemalign16o28161_tensorptrbf16gmemalign128oi64281628161___T_0	norm_rope_kv	2.34	0.22	[3, 1, 1]
588	void cutlass::Kernel2<cutlass_80_wmma_tensorop_bf16_s161616gemm_bf16_16x16_128x2_tn_align8>(cutlass_80_wmma_tensorop_bf16_s161616gemm_bf16_16x16_128x2_tn_align8::Params)	dense_gemm	3.46	0.06	[8, 1, 9]
589	void cublasLt::splitKreduce_kernel<32, 16, int, __nv_bfloat16, __nv_bfloat16, float, __nv_bfloat16, false, __nv_bfloat16, __nv_bfloat16, __nv_bfloat16, true, false, false, false>(cublasLt::cublasSplitKParams<float>, __nv_bfloat16 const*, __nv_bfloat16 const*, __nv_bfloat16*, __nv_bfloat16*, float const*, float const*, __nv_bfloat16 const*, __nv_bfloat16 const*, __nv_bfloat16*, void*, long, float*, int*, float*, float*, float const*, float const*, float const*, float const*, float const*)	dense_gemm	1.34	0.10	[4, 1, 1]
590	kernel_cutlass_kernel_flashinfernormkernelsrmsnormRMSNormKernel_object_at__tensorptrbf16gmemalign128oi64281628161_tensorptrbf16gmemalign16o28161_tensorptrbf16gmemalign128oi64281628161___T_0	norm_rope_kv	2.53	-0.38	[3, 1, 1]
591	_gemma4_routing_kernel	moe_route	1.63	0.10	[12, 1, 1]
592	void moe_align_block_size_kernel<int>(int const*, int*, int*, int*, int, int, unsigned long, int*, bool, bool, int, int)	moe_route	2.05	0.10	[2, 1, 1]
593	void count_and_sort_expert_tokens_kernel<int>(int const*, int*, int*, unsigned long, bool)	moe_route	0.99	0.10	[1, 1, 1]
594	void sglang::per_token_quant_fp8_cta_kernel<__nv_bfloat16, 8>(__nv_bfloat16 const*, __nv_fp8_e4m3*, float*, unsigned int)	act_quant	1.66	0.10	[12, 1, 1]
595	fused_moe_kernel	moe_gemm	137.02	-0.19	[4224, 1, 1]
596	void sglang::act_and_mul_kernel<__nv_bfloat16, (sglang::ActivationKind)1, true, false, false, false>(sglang::ActivationParams)	elementwise_copy	14.08	-12.74	[17, 1, 1]
597	void sglang::per_token_quant_fp8_cta_kernel<__nv_bfloat16, 8>(__nv_bfloat16 const*, __nv_fp8_e4m3*, float*, unsigned int)	act_quant	1.38	0.10	[96, 1, 1]
598	fused_moe_kernel	moe_gemm	68.35	-0.16	[8448, 1, 1]
599	_moe_sum_reduce_kernel	moe_route	4.03	-2.82	[12, 2, 1]
600	_gemma_dual_rmsnorm_residual_kernel	norm_rope_kv	2.37	0.10	[12, 1, 1]
601	kernel_cutlass_kernel_flashinfernormkernelsrmsnormRMSNormKernel_object_at__tensorptrbf16gmemalign128oi64281628161_tensorptrbf16gmemalign16o28161_tensorptrbf16gmemalign128oi64281628161___T_0	norm_rope_kv	2.33	0.19	[3, 1, 1]
602	void sglang::per_token_quant_fp8_cta_kernel<__nv_bfloat16, 8>(__nv_bfloat16 const*, __nv_fp8_e4m3*, float*, unsigned int)	act_quant	1.50	0.10	[12, 1, 1]
603	_ZN7cutlass13device_kernelINS_4gemm6kernel13GemmUniversalIN4cute5tupleIJiiiiEEENS1_10collective13CollectiveMmaINS1_31MainloopSm120TmaWarpSpecializedILi2ELi2ENS5_IJNS4_1CILi1EEESB_SB_EEENS1_40KernelTmaWarpSpecializedCooperativeSm120ILi2EEEEENS5_IJNSA_ILi128EEESG_SG_EEENS_12float_e4m3_tENS5_IJlSB_lEEESI_SJ_NS4_8TiledMMAINS4_8MMA_AtomIJNS4_16SM120_16x8x32_TNISI_SI_fEEEEENS4_6LayoutINS5_IJNSA_ILi4EEENSA_ILi2EEESB_EEENS5_IJSB_SQ_NSA_ILi0EEEEEEEENS5_IJSG_NSA_ILi32EEESW_EEEEENS4_13SM90_TMA_LOADENS4_14ComposedLayoutINS4_7SwizzleILi3ELi4ELi3EEENS4_18smem_ptr_flag_bitsILi8EEENSP_INS5_IJNSA_ILi8EEESG_EEENS5_IJSG_SB_EEEEEEENS4_9Copy_AtomIJNS4_17SM75_U32x4_LDSM_NEhEEENS4_8identityESZ_S19_S1C_S1D_EENS_8epilogue10collective18CollectiveEpilogueINS1F_22Sm90TmaWarpSpecializedILi2ELi2ELi4ELb0ELb1EEEJSH_NS5_IJNSA_ILi64EEESW_EEEvSJ_NS_10bfloat16_tESJ_NS1F_6fusion15Sm90TreeVisitorINS1N_11Sm90ComputeINS_10multipliesES1M_fLNS_15FloatRoundStyleE2EvEEJNS1N_16Sm90ColBroadcastILi0ESH_ffNS5_IJSB_ST_ST_EEELi4ELb1EEENS1O_INS1P_IS1Q_ffLS1R_2EvEEJNS1N_16Sm90RowBroadcastILi0ESH_ffNS5_IJST_SB_ST_EEELi4ELb1EEENS1N_12Sm90AccFetchEEEEEEESZ_NS10_INS11_ILi2ELi4ELi3EEENS13_ILi16EEENSP_INS5_IJS15_SW_EEENS5_IJSW_SB_EEEEEEENS4_17SM75_U32x2_LDSM_NENS4_14SM90_TMA_STOREES28_NS4_17SM90_U32x2_STSM_NENS1A_IJS2B_NS_6half_tEEEEvEEEvvEEEEvNT_6ParamsE	dense_gemm	36.93	0.10	[1, 80, 1]
604	_gemma_qkv_rmsnorm_kernel	norm_rope_kv	1.79	0.10	[12, 20, 1]
605	void sglang::fused_rope_kernel<true, 512l, true, __nv_bfloat16, __nv_bfloat16, long, 64u>(sglang::FusedRopeParams)	norm_rope_kv	1.44	0.22	[108, 1, 1]
606	void at::native::elementwise_kernel<128, 4, at::native::gpu_kernel_impl_nocast<at::native::BUnaryFunctor<c10::BFloat16, c10::BFloat16, c10::BFloat16, at::native::binary_internal::MulFunctor<float> > >(at::TensorIteratorBase&, at::native::BUnaryFunctor<c10::BFloat16, c10::BFloat16, c10::BFloat16, at::native::binary_internal::MulFunctor<float> > const&)::{lambda(int)#1}>(int, at::native::gpu_kernel_impl_nocast<at::native::BUnaryFunctor<c10::BFloat16, c10::BFloat16, c10::BFloat16, at::native::binary_internal::MulFunctor<float> > >(at::TensorIteratorBase&, at::native::BUnaryFunctor<c10::BFloat16, c10::BFloat16, c10::BFloat16, at::native::binary_internal::MulFunctor<float> > const&)::{lambda(int)#1})	elementwise_copy	1.73	0.10	[24, 1, 1]
607	void at::native::elementwise_kernel<128, 4, at::native::gpu_kernel_impl_nocast<at::native::BUnaryFunctor<c10::BFloat16, c10::BFloat16, c10::BFloat16, at::native::binary_internal::MulFunctor<float> > >(at::TensorIteratorBase&, at::native::BUnaryFunctor<c10::BFloat16, c10::BFloat16, c10::BFloat16, at::native::binary_internal::MulFunctor<float> > const&)::{lambda(int)#1}>(int, at::native::gpu_kernel_impl_nocast<at::native::BUnaryFunctor<c10::BFloat16, c10::BFloat16, c10::BFloat16, at::native::binary_internal::MulFunctor<float> > >(at::TensorIteratorBase&, at::native::BUnaryFunctor<c10::BFloat16, c10::BFloat16, c10::BFloat16, at::native::binary_internal::MulFunctor<float> > const&)::{lambda(int)#1})	elementwise_copy	1.47	0.06	[24, 1, 1]
608	void at::native::elementwise_kernel<128, 4, at::native::gpu_kernel_impl_nocast<at::native::ConvertToFloat8E4M3fnOp<c10::BFloat16> >(at::TensorIteratorBase&, at::native::ConvertToFloat8E4M3fnOp<c10::BFloat16> const&)::{lambda(int)#1}>(int, at::native::gpu_kernel_impl_nocast<at::native::ConvertToFloat8E4M3fnOp<c10::BFloat16> >(at::TensorIteratorBase&, at::native::ConvertToFloat8E4M3fnOp<c10::BFloat16> const&)::{lambda(int)#1})	elementwise_copy	1.66	0.10	[24, 1, 1]
609	void at::native::elementwise_kernel<128, 4, at::native::gpu_kernel_impl_nocast<at::native::ConvertToFloat8E4M3fnOp<c10::BFloat16> >(at::TensorIteratorBase&, at::native::ConvertToFloat8E4M3fnOp<c10::BFloat16> const&)::{lambda(int)#1}>(int, at::native::gpu_kernel_impl_nocast<at::native::ConvertToFloat8E4M3fnOp<c10::BFloat16> >(at::TensorIteratorBase&, at::native::ConvertToFloat8E4M3fnOp<c10::BFloat16> const&)::{lambda(int)#1})	elementwise_copy	1.63	0.10	[24, 1, 1]
610	void sglang::store_kvcache_kernel<1024l, 1024l, 64u, true, long>(sglang::StoreKVCacheParams)	norm_rope_kv	1.06	0.22	[24, 1, 1]
611	_fwd_grouped_kernel_stage1	attention	124.16	0.10	[12, 2, 8]
612	_fwd_kernel_stage2	attention	2.62	0.10	[12, 16, 1]
613	void sglang::per_token_quant_fp8_cta_kernel<__nv_bfloat16, 8>(__nv_bfloat16 const*, __nv_fp8_e4m3*, float*, unsigned int)	act_quant	1.86	0.10	[12, 1, 1]
614	_ZN7cutlass13device_kernelINS_4gemm6kernel13GemmUniversalIN4cute5tupleIJiiiiEEENS1_10collective13CollectiveMmaINS1_31MainloopSm120TmaWarpSpecializedILi2ELi2ENS5_IJNS4_1CILi1EEESB_SB_EEENS1_40KernelTmaWarpSpecializedCooperativeSm120ILi2EEEEENS5_IJNSA_ILi128EEESG_SG_EEENS_12float_e4m3_tENS5_IJlSB_lEEESI_SJ_NS4_8TiledMMAINS4_8MMA_AtomIJNS4_16SM120_16x8x32_TNISI_SI_fEEEEENS4_6LayoutINS5_IJNSA_ILi4EEENSA_ILi2EEESB_EEENS5_IJSB_SQ_NSA_ILi0EEEEEEEENS5_IJSG_NSA_ILi32EEESW_EEEEENS4_13SM90_TMA_LOADENS4_14ComposedLayoutINS4_7SwizzleILi3ELi4ELi3EEENS4_18smem_ptr_flag_bitsILi8EEENSP_INS5_IJNSA_ILi8EEESG_EEENS5_IJSG_SB_EEEEEEENS4_9Copy_AtomIJNS4_17SM75_U32x4_LDSM_NEhEEENS4_8identityESZ_S19_S1C_S1D_EENS_8epilogue10collective18CollectiveEpilogueINS1F_22Sm90TmaWarpSpecializedILi2ELi2ELi4ELb0ELb1EEEJSH_NS5_IJNSA_ILi64EEESW_EEEvSJ_NS_10bfloat16_tESJ_NS1F_6fusion15Sm90TreeVisitorINS1N_11Sm90ComputeINS_10multipliesES1M_fLNS_15FloatRoundStyleE2EvEEJNS1N_16Sm90ColBroadcastILi0ESH_ffNS5_IJSB_ST_ST_EEELi4ELb1EEENS1O_INS1P_IS1Q_ffLS1R_2EvEEJNS1N_16Sm90RowBroadcastILi0ESH_ffNS5_IJST_SB_ST_EEELi4ELb1EEENS1N_12Sm90AccFetchEEEEEEESZ_NS10_INS11_ILi2ELi4ELi3EEENS13_ILi16EEENSP_INS5_IJS15_SW_EEENS5_IJSW_SB_EEEEEEENS4_17SM75_U32x2_LDSM_NENS4_14SM90_TMA_STOREES28_NS4_17SM90_U32x2_STSM_NENS1A_IJS2B_NS_6half_tEEEEvEEEvvEEEEvNT_6ParamsE	dense_gemm	95.94	0.10	[1, 22, 1]
615	kernel_cutlass_kernel_flashinfernormkernelsrmsnormRMSNormKernel_object_at__tensorptrbf16gmemalign128oi64281628161_tensorptrbf16gmemalign16o28161_tensorptrbf16gmemalign128oi64281628161___T_0	norm_rope_kv	2.66	-0.22	[3, 1, 1]
616	kernel_cutlass_kernel_flashinfernormkernelsfused_add_rmsnormFusedAddRMSNormKernel_object_at__tensorptrbf16gmemalign128oi64281628161_tensorptrbf16gmemalign128oi64281628161_tensorptrbf16gme_0	norm_rope_kv	2.53	-0.19	[3, 1, 1]
617	void sglang::per_token_quant_fp8_cta_kernel<__nv_bfloat16, 8>(__nv_bfloat16 const*, __nv_fp8_e4m3*, float*, unsigned int)	act_quant	1.54	0.10	[12, 1, 1]
618	_ZN7cutlass13device_kernelINS_4gemm6kernel13GemmUniversalIN4cute5tupleIJiiiiEEENS1_10collective13CollectiveMmaINS1_31MainloopSm120TmaWarpSpecializedILi2ELi2ENS5_IJNS4_1CILi1EEESB_SB_EEENS1_40KernelTmaWarpSpecializedCooperativeSm120ILi2EEEEENS5_IJNSA_ILi128EEESG_SG_EEENS_12float_e4m3_tENS5_IJlSB_lEEESI_SJ_NS4_8TiledMMAINS4_8MMA_AtomIJNS4_16SM120_16x8x32_TNISI_SI_fEEEEENS4_6LayoutINS5_IJNSA_ILi4EEENSA_ILi2EEESB_EEENS5_IJSB_SQ_NSA_ILi0EEEEEEEENS5_IJSG_NSA_ILi32EEESW_EEEEENS4_13SM90_TMA_LOADENS4_14ComposedLayoutINS4_7SwizzleILi3ELi4ELi3EEENS4_18smem_ptr_flag_bitsILi8EEENSP_INS5_IJNSA_ILi8EEESG_EEENS5_IJSG_SB_EEEEEEENS4_9Copy_AtomIJNS4_17SM75_U32x4_LDSM_NEhEEENS4_8identityESZ_S19_S1C_S1D_EENS_8epilogue10collective18CollectiveEpilogueINS1F_22Sm90TmaWarpSpecializedILi2ELi2ELi4ELb0ELb1EEEJSH_NS5_IJNSA_ILi64EEESW_EEEvSJ_NS_10bfloat16_tESJ_NS1F_6fusion15Sm90TreeVisitorINS1N_11Sm90ComputeINS_10multipliesES1M_fLNS_15FloatRoundStyleE2EvEEJNS1N_16Sm90ColBroadcastILi0ESH_ffNS5_IJSB_ST_ST_EEELi4ELb1EEENS1O_INS1P_IS1Q_ffLS1R_2EvEEJNS1N_16Sm90RowBroadcastILi0ESH_ffNS5_IJST_SB_ST_EEELi4ELb1EEENS1N_12Sm90AccFetchEEEEEEESZ_NS10_INS11_ILi2ELi4ELi3EEENS13_ILi16EEENSP_INS5_IJS15_SW_EEENS5_IJSW_SB_EEEEEEENS4_17SM75_U32x2_LDSM_NENS4_14SM90_TMA_STOREES28_NS4_17SM90_U32x2_STSM_NENS1A_IJS2B_NS_6half_tEEEEvEEEvvEEEEvNT_6ParamsE	dense_gemm	35.55	0.10	[1, 33, 1]
619	void sglang::act_and_mul_kernel<__nv_bfloat16, (sglang::ActivationKind)2, true, false, false, false>(sglang::ActivationParams)	elementwise_copy	1.47	0.22	[7, 1, 1]
620	void sglang::per_token_quant_fp8_cta_kernel<__nv_bfloat16, 8>(__nv_bfloat16 const*, __nv_fp8_e4m3*, float*, unsigned int)	act_quant	1.50	0.06	[12, 1, 1]
621	_ZN7cutlass13device_kernelINS_4gemm6kernel13GemmUniversalIN4cute5tupleIJiiiiEEENS1_10collective13CollectiveMmaINS1_31MainloopSm120TmaWarpSpecializedILi2ELi2ENS5_IJNS4_1CILi1EEESB_SB_EEENS1_40KernelTmaWarpSpecializedCooperativeSm120ILi2EEEEENS5_IJNSA_ILi128EEESG_SG_EEENS_12float_e4m3_tENS5_IJlSB_lEEESI_SJ_NS4_8TiledMMAINS4_8MMA_AtomIJNS4_16SM120_16x8x32_TNISI_SI_fEEEEENS4_6LayoutINS5_IJNSA_ILi4EEENSA_ILi2EEESB_EEENS5_IJSB_SQ_NSA_ILi0EEEEEEEENS5_IJSG_NSA_ILi32EEESW_EEEEENS4_13SM90_TMA_LOADENS4_14ComposedLayoutINS4_7SwizzleILi3ELi4ELi3EEENS4_18smem_ptr_flag_bitsILi8EEENSP_INS5_IJNSA_ILi8EEESG_EEENS5_IJSG_SB_EEEEEEENS4_9Copy_AtomIJNS4_17SM75_U32x4_LDSM_NEhEEENS4_8identityESZ_S19_S1C_S1D_EENS_8epilogue10collective18CollectiveEpilogueINS1F_22Sm90TmaWarpSpecializedILi2ELi2ELi4ELb0ELb1EEEJSH_NS5_IJNSA_ILi64EEESW_EEEvSJ_NS_10bfloat16_tESJ_NS1F_6fusion15Sm90TreeVisitorINS1N_11Sm90ComputeINS_10multipliesES1M_fLNS_15FloatRoundStyleE2EvEEJNS1N_16Sm90ColBroadcastILi0ESH_ffNS5_IJSB_ST_ST_EEELi4ELb1EEENS1O_INS1P_IS1Q_ffLS1R_2EvEEJNS1N_16Sm90RowBroadcastILi0ESH_ffNS5_IJST_SB_ST_EEELi4ELb1EEENS1N_12Sm90AccFetchEEEEEEESZ_NS10_INS11_ILi2ELi4ELi3EEENS13_ILi16EEENSP_INS5_IJS15_SW_EEENS5_IJSW_SB_EEEEEEENS4_17SM75_U32x2_LDSM_NENS4_14SM90_TMA_STOREES28_NS4_17SM90_U32x2_STSM_NENS1A_IJS2B_NS_6half_tEEEEvEEEvvEEEEvNT_6ParamsE	dense_gemm	28.03	0.10	[1, 22, 1]
622	kernel_cutlass_kernel_flashinfernormkernelsrmsnormRMSNormKernel_object_at__tensorptrbf16gmemalign128oi64281628161_tensorptrbf16gmemalign16o28161_tensorptrbf16gmemalign128oi64281628161___T_0	norm_rope_kv	2.34	0.19	[3, 1, 1]
623	void cutlass::Kernel2<cutlass_80_wmma_tensorop_bf16_s161616gemm_bf16_16x16_128x2_tn_align8>(cutlass_80_wmma_tensorop_bf16_s161616gemm_bf16_16x16_128x2_tn_align8::Params)	dense_gemm	3.36	0.10	[8, 1, 9]
624	void cublasLt::splitKreduce_kernel<32, 16, int, __nv_bfloat16, __nv_bfloat16, float, __nv_bfloat16, false, __nv_bfloat16, __nv_bfloat16, __nv_bfloat16, true, false, false, false>(cublasLt::cublasSplitKParams<float>, __nv_bfloat16 const*, __nv_bfloat16 const*, __nv_bfloat16*, __nv_bfloat16*, float const*, float const*, __nv_bfloat16 const*, __nv_bfloat16 const*, __nv_bfloat16*, void*, long, float*, int*, float*, float*, float const*, float const*, float const*, float const*, float const*)	dense_gemm	1.31	0.10	[4, 1, 1]
625	kernel_cutlass_kernel_flashinfernormkernelsrmsnormRMSNormKernel_object_at__tensorptrbf16gmemalign128oi64281628161_tensorptrbf16gmemalign16o28161_tensorptrbf16gmemalign128oi64281628161___T_0	norm_rope_kv	2.59	-0.35	[3, 1, 1]
626	_gemma4_routing_kernel	moe_route	1.57	0.13	[12, 1, 1]
627	void moe_align_block_size_kernel<int>(int const*, int*, int*, int*, int, int, unsigned long, int*, bool, bool, int, int)	moe_route	2.05	0.10	[2, 1, 1]
628	void count_and_sort_expert_tokens_kernel<int>(int const*, int*, int*, unsigned long, bool)	moe_route	1.02	0.10	[1, 1, 1]
629	void sglang::per_token_quant_fp8_cta_kernel<__nv_bfloat16, 8>(__nv_bfloat16 const*, __nv_fp8_e4m3*, float*, unsigned int)	act_quant	1.66	0.10	[12, 1, 1]
630	fused_moe_kernel	moe_gemm	130.24	-0.19	[4224, 1, 1]
631	void sglang::act_and_mul_kernel<__nv_bfloat16, (sglang::ActivationKind)1, true, false, false, false>(sglang::ActivationParams)	elementwise_copy	43.49	-42.24	[17, 1, 1]
632	void sglang::per_token_quant_fp8_cta_kernel<__nv_bfloat16, 8>(__nv_bfloat16 const*, __nv_fp8_e4m3*, float*, unsigned int)	act_quant	1.38	0.10	[96, 1, 1]
633	fused_moe_kernel	moe_gemm	65.73	-0.19	[8448, 1, 1]
634	_moe_sum_reduce_kernel	moe_route	4.26	-3.30	[12, 2, 1]
635	_gemma_dual_rmsnorm_residual_kernel	norm_rope_kv	2.46	0.10	[12, 1, 1]
636	kernel_cutlass_kernel_flashinfernormkernelsrmsnormRMSNormKernel_object_at__tensorptrbf16gmemalign128oi64281628161_tensorptrbf16gmemalign16o28161_tensorptrbf16gmemalign128oi64281628161___T_0	norm_rope_kv	2.37	0.22	[3, 1, 1]
637	void sglang::per_token_quant_fp8_cta_kernel<__nv_bfloat16, 8>(__nv_bfloat16 const*, __nv_fp8_e4m3*, float*, unsigned int)	act_quant	1.50	0.10	[12, 1, 1]
638	_ZN7cutlass13device_kernelINS_4gemm6kernel13GemmUniversalIN4cute5tupleIJiiiiEEENS1_10collective13CollectiveMmaINS1_31MainloopSm120TmaWarpSpecializedILi2ELi2ENS5_IJNS4_1CILi1EEESB_SB_EEENS1_40KernelTmaWarpSpecializedCooperativeSm120ILi2EEEEENS5_IJNSA_ILi128EEESG_SG_EEENS_12float_e4m3_tENS5_IJlSB_lEEESI_SJ_NS4_8TiledMMAINS4_8MMA_AtomIJNS4_16SM120_16x8x32_TNISI_SI_fEEEEENS4_6LayoutINS5_IJNSA_ILi4EEENSA_ILi2EEESB_EEENS5_IJSB_SQ_NSA_ILi0EEEEEEEENS5_IJSG_NSA_ILi32EEESW_EEEEENS4_13SM90_TMA_LOADENS4_14ComposedLayoutINS4_7SwizzleILi3ELi4ELi3EEENS4_18smem_ptr_flag_bitsILi8EEENSP_INS5_IJNSA_ILi8EEESG_EEENS5_IJSG_SB_EEEEEEENS4_9Copy_AtomIJNS4_17SM75_U32x4_LDSM_NEhEEENS4_8identityESZ_S19_S1C_S1D_EENS_8epilogue10collective18CollectiveEpilogueINS1F_22Sm90TmaWarpSpecializedILi2ELi2ELi4ELb0ELb1EEEJSH_NS5_IJNSA_ILi64EEESW_EEEvSJ_NS_10bfloat16_tESJ_NS1F_6fusion15Sm90TreeVisitorINS1N_11Sm90ComputeINS_10multipliesES1M_fLNS_15FloatRoundStyleE2EvEEJNS1N_16Sm90ColBroadcastILi0ESH_ffNS5_IJSB_ST_ST_EEELi4ELb1EEENS1O_INS1P_IS1Q_ffLS1R_2EvEEJNS1N_16Sm90RowBroadcastILi0ESH_ffNS5_IJST_SB_ST_EEELi4ELb1EEENS1N_12Sm90AccFetchEEEEEEESZ_NS10_INS11_ILi2ELi4ELi3EEENS13_ILi16EEENSP_INS5_IJS15_SW_EEENS5_IJSW_SB_EEEEEEENS4_17SM75_U32x2_LDSM_NENS4_14SM90_TMA_STOREES28_NS4_17SM90_U32x2_STSM_NENS1A_IJS2B_NS_6half_tEEEEvEEEvvEEEEvNT_6ParamsE	dense_gemm	36.32	0.10	[1, 64, 1]
639	_gemma_qkv_rmsnorm_kernel	norm_rope_kv	1.50	0.10	[12, 32, 1]
640	void sglang::fused_rope_kernel<true, 256l, true, __nv_bfloat16, __nv_bfloat16, long, 32u>(sglang::FusedRopeParams)	norm_rope_kv	1.41	0.22	[72, 1, 1]
641	void at::native::elementwise_kernel<128, 4, at::native::gpu_kernel_impl_nocast<at::native::BUnaryFunctor<c10::BFloat16, c10::BFloat16, c10::BFloat16, at::native::binary_internal::MulFunctor<float> > >(at::TensorIteratorBase&, at::native::BUnaryFunctor<c10::BFloat16, c10::BFloat16, c10::BFloat16, at::native::binary_internal::MulFunctor<float> > const&)::{lambda(int)#1}>(int, at::native::gpu_kernel_impl_nocast<at::native::BUnaryFunctor<c10::BFloat16, c10::BFloat16, c10::BFloat16, at::native::binary_internal::MulFunctor<float> > >(at::TensorIteratorBase&, at::native::BUnaryFunctor<c10::BFloat16, c10::BFloat16, c10::BFloat16, at::native::binary_internal::MulFunctor<float> > const&)::{lambda(int)#1})	elementwise_copy	1.73	0.10	[48, 1, 1]
642	void at::native::elementwise_kernel<128, 4, at::native::gpu_kernel_impl_nocast<at::native::BUnaryFunctor<c10::BFloat16, c10::BFloat16, c10::BFloat16, at::native::binary_internal::MulFunctor<float> > >(at::TensorIteratorBase&, at::native::BUnaryFunctor<c10::BFloat16, c10::BFloat16, c10::BFloat16, at::native::binary_internal::MulFunctor<float> > const&)::{lambda(int)#1}>(int, at::native::gpu_kernel_impl_nocast<at::native::BUnaryFunctor<c10::BFloat16, c10::BFloat16, c10::BFloat16, at::native::binary_internal::MulFunctor<float> > >(at::TensorIteratorBase&, at::native::BUnaryFunctor<c10::BFloat16, c10::BFloat16, c10::BFloat16, at::native::binary_internal::MulFunctor<float> > const&)::{lambda(int)#1})	elementwise_copy	1.47	0.10	[48, 1, 1]
643	void at::native::elementwise_kernel<128, 4, at::native::gpu_kernel_impl_nocast<at::native::ConvertToFloat8E4M3fnOp<c10::BFloat16> >(at::TensorIteratorBase&, at::native::ConvertToFloat8E4M3fnOp<c10::BFloat16> const&)::{lambda(int)#1}>(int, at::native::gpu_kernel_impl_nocast<at::native::ConvertToFloat8E4M3fnOp<c10::BFloat16> >(at::TensorIteratorBase&, at::native::ConvertToFloat8E4M3fnOp<c10::BFloat16> const&)::{lambda(int)#1})	elementwise_copy	1.66	0.10	[48, 1, 1]
644	void at::native::elementwise_kernel<128, 4, at::native::gpu_kernel_impl_nocast<at::native::ConvertToFloat8E4M3fnOp<c10::BFloat16> >(at::TensorIteratorBase&, at::native::ConvertToFloat8E4M3fnOp<c10::BFloat16> const&)::{lambda(int)#1}>(int, at::native::gpu_kernel_impl_nocast<at::native::ConvertToFloat8E4M3fnOp<c10::BFloat16> >(at::TensorIteratorBase&, at::native::ConvertToFloat8E4M3fnOp<c10::BFloat16> const&)::{lambda(int)#1})	elementwise_copy	1.73	0.10	[48, 1, 1]
645	void sglang::store_kvcache_kernel<2048l, 2048l, 128u, true, long>(sglang::StoreKVCacheParams)	norm_rope_kv	1.02	0.22	[48, 1, 1]
646	_fwd_grouped_kernel_stage1	attention	40.32	0.10	[12, 8, 8]
647	_fwd_kernel_stage2	attention	2.24	0.22	[12, 16, 1]
648	void sglang::per_token_quant_fp8_cta_kernel<__nv_bfloat16, 8>(__nv_bfloat16 const*, __nv_fp8_e4m3*, float*, unsigned int)	act_quant	1.60	0.10	[12, 1, 1]
649	_ZN7cutlass13device_kernelINS_4gemm6kernel13GemmUniversalIN4cute5tupleIJiiiiEEENS1_10collective13CollectiveMmaINS1_31MainloopSm120TmaWarpSpecializedILi2ELi2ENS5_IJNS4_1CILi1EEESB_SB_EEENS1_40KernelTmaWarpSpecializedCooperativeSm120ILi2EEEEENS5_IJNSA_ILi128EEESG_SG_EEENS_12float_e4m3_tENS5_IJlSB_lEEESI_SJ_NS4_8TiledMMAINS4_8MMA_AtomIJNS4_16SM120_16x8x32_TNISI_SI_fEEEEENS4_6LayoutINS5_IJNSA_ILi4EEENSA_ILi2EEESB_EEENS5_IJSB_SQ_NSA_ILi0EEEEEEEENS5_IJSG_NSA_ILi32EEESW_EEEEENS4_13SM90_TMA_LOADENS4_14ComposedLayoutINS4_7SwizzleILi3ELi4ELi3EEENS4_18smem_ptr_flag_bitsILi8EEENSP_INS5_IJNSA_ILi8EEESG_EEENS5_IJSG_SB_EEEEEEENS4_9Copy_AtomIJNS4_17SM75_U32x4_LDSM_NEhEEENS4_8identityESZ_S19_S1C_S1D_EENS_8epilogue10collective18CollectiveEpilogueINS1F_22Sm90TmaWarpSpecializedILi2ELi2ELi4ELb0ELb1EEEJSH_NS5_IJNSA_ILi64EEESW_EEEvSJ_NS_10bfloat16_tESJ_NS1F_6fusion15Sm90TreeVisitorINS1N_11Sm90ComputeINS_10multipliesES1M_fLNS_15FloatRoundStyleE2EvEEJNS1N_16Sm90ColBroadcastILi0ESH_ffNS5_IJSB_ST_ST_EEELi4ELb1EEENS1O_INS1P_IS1Q_ffLS1R_2EvEEJNS1N_16Sm90RowBroadcastILi0ESH_ffNS5_IJST_SB_ST_EEELi4ELb1EEENS1N_12Sm90AccFetchEEEEEEESZ_NS10_INS11_ILi2ELi4ELi3EEENS13_ILi16EEENSP_INS5_IJS15_SW_EEENS5_IJSW_SB_EEEEEEENS4_17SM75_U32x2_LDSM_NENS4_14SM90_TMA_STOREES28_NS4_17SM90_U32x2_STSM_NENS1A_IJS2B_NS_6half_tEEEEvEEEvvEEEEvNT_6ParamsE	dense_gemm	49.79	0.10	[1, 22, 1]
650	kernel_cutlass_kernel_flashinfernormkernelsrmsnormRMSNormKernel_object_at__tensorptrbf16gmemalign128oi64281628161_tensorptrbf16gmemalign16o28161_tensorptrbf16gmemalign128oi64281628161___T_0	norm_rope_kv	2.59	-0.22	[3, 1, 1]
651	kernel_cutlass_kernel_flashinfernormkernelsfused_add_rmsnormFusedAddRMSNormKernel_object_at__tensorptrbf16gmemalign128oi64281628161_tensorptrbf16gmemalign128oi64281628161_tensorptrbf16gme_0	norm_rope_kv	2.46	-0.22	[3, 1, 1]
652	void sglang::per_token_quant_fp8_cta_kernel<__nv_bfloat16, 8>(__nv_bfloat16 const*, __nv_fp8_e4m3*, float*, unsigned int)	act_quant	1.54	0.06	[12, 1, 1]
653	_ZN7cutlass13device_kernelINS_4gemm6kernel13GemmUniversalIN4cute5tupleIJiiiiEEENS1_10collective13CollectiveMmaINS1_31MainloopSm120TmaWarpSpecializedILi2ELi2ENS5_IJNS4_1CILi1EEESB_SB_EEENS1_40KernelTmaWarpSpecializedCooperativeSm120ILi2EEEEENS5_IJNSA_ILi128EEESG_SG_EEENS_12float_e4m3_tENS5_IJlSB_lEEESI_SJ_NS4_8TiledMMAINS4_8MMA_AtomIJNS4_16SM120_16x8x32_TNISI_SI_fEEEEENS4_6LayoutINS5_IJNSA_ILi4EEENSA_ILi2EEESB_EEENS5_IJSB_SQ_NSA_ILi0EEEEEEEENS5_IJSG_NSA_ILi32EEESW_EEEEENS4_13SM90_TMA_LOADENS4_14ComposedLayoutINS4_7SwizzleILi3ELi4ELi3EEENS4_18smem_ptr_flag_bitsILi8EEENSP_INS5_IJNSA_ILi8EEESG_EEENS5_IJSG_SB_EEEEEEENS4_9Copy_AtomIJNS4_17SM75_U32x4_LDSM_NEhEEENS4_8identityESZ_S19_S1C_S1D_EENS_8epilogue10collective18CollectiveEpilogueINS1F_22Sm90TmaWarpSpecializedILi2ELi2ELi4ELb0ELb1EEEJSH_NS5_IJNSA_ILi64EEESW_EEEvSJ_NS_10bfloat16_tESJ_NS1F_6fusion15Sm90TreeVisitorINS1N_11Sm90ComputeINS_10multipliesES1M_fLNS_15FloatRoundStyleE2EvEEJNS1N_16Sm90ColBroadcastILi0ESH_ffNS5_IJSB_ST_ST_EEELi4ELb1EEENS1O_INS1P_IS1Q_ffLS1R_2EvEEJNS1N_16Sm90RowBroadcastILi0ESH_ffNS5_IJST_SB_ST_EEELi4ELb1EEENS1N_12Sm90AccFetchEEEEEEESZ_NS10_INS11_ILi2ELi4ELi3EEENS13_ILi16EEENSP_INS5_IJS15_SW_EEENS5_IJSW_SB_EEEEEEENS4_17SM75_U32x2_LDSM_NENS4_14SM90_TMA_STOREES28_NS4_17SM90_U32x2_STSM_NENS1A_IJS2B_NS_6half_tEEEEvEEEvvEEEEvNT_6ParamsE	dense_gemm	35.39	0.10	[1, 33, 1]
654	void sglang::act_and_mul_kernel<__nv_bfloat16, (sglang::ActivationKind)2, true, false, false, false>(sglang::ActivationParams)	elementwise_copy	1.44	0.22	[7, 1, 1]
655	void sglang::per_token_quant_fp8_cta_kernel<__nv_bfloat16, 8>(__nv_bfloat16 const*, __nv_fp8_e4m3*, float*, unsigned int)	act_quant	1.47	0.10	[12, 1, 1]
656	_ZN7cutlass13device_kernelINS_4gemm6kernel13GemmUniversalIN4cute5tupleIJiiiiEEENS1_10collective13CollectiveMmaINS1_31MainloopSm120TmaWarpSpecializedILi2ELi2ENS5_IJNS4_1CILi1EEESB_SB_EEENS1_40KernelTmaWarpSpecializedCooperativeSm120ILi2EEEEENS5_IJNSA_ILi128EEESG_SG_EEENS_12float_e4m3_tENS5_IJlSB_lEEESI_SJ_NS4_8TiledMMAINS4_8MMA_AtomIJNS4_16SM120_16x8x32_TNISI_SI_fEEEEENS4_6LayoutINS5_IJNSA_ILi4EEENSA_ILi2EEESB_EEENS5_IJSB_SQ_NSA_ILi0EEEEEEEENS5_IJSG_NSA_ILi32EEESW_EEEEENS4_13SM90_TMA_LOADENS4_14ComposedLayoutINS4_7SwizzleILi3ELi4ELi3EEENS4_18smem_ptr_flag_bitsILi8EEENSP_INS5_IJNSA_ILi8EEESG_EEENS5_IJSG_SB_EEEEEEENS4_9Copy_AtomIJNS4_17SM75_U32x4_LDSM_NEhEEENS4_8identityESZ_S19_S1C_S1D_EENS_8epilogue10collective18CollectiveEpilogueINS1F_22Sm90TmaWarpSpecializedILi2ELi2ELi4ELb0ELb1EEEJSH_NS5_IJNSA_ILi64EEESW_EEEvSJ_NS_10bfloat16_tESJ_NS1F_6fusion15Sm90TreeVisitorINS1N_11Sm90ComputeINS_10multipliesES1M_fLNS_15FloatRoundStyleE2EvEEJNS1N_16Sm90ColBroadcastILi0ESH_ffNS5_IJSB_ST_ST_EEELi4ELb1EEENS1O_INS1P_IS1Q_ffLS1R_2EvEEJNS1N_16Sm90RowBroadcastILi0ESH_ffNS5_IJST_SB_ST_EEELi4ELb1EEENS1N_12Sm90AccFetchEEEEEEESZ_NS10_INS11_ILi2ELi4ELi3EEENS13_ILi16EEENSP_INS5_IJS15_SW_EEENS5_IJSW_SB_EEEEEEENS4_17SM75_U32x2_LDSM_NENS4_14SM90_TMA_STOREES28_NS4_17SM90_U32x2_STSM_NENS1A_IJS2B_NS_6half_tEEEEvEEEvvEEEEvNT_6ParamsE	dense_gemm	28.03	0.09	[1, 22, 1]
657	kernel_cutlass_kernel_flashinfernormkernelsrmsnormRMSNormKernel_object_at__tensorptrbf16gmemalign128oi64281628161_tensorptrbf16gmemalign16o28161_tensorptrbf16gmemalign128oi64281628161___T_0	norm_rope_kv	2.37	0.23	[3, 1, 1]
658	void cutlass::Kernel2<cutlass_80_wmma_tensorop_bf16_s161616gemm_bf16_16x16_128x2_tn_align8>(cutlass_80_wmma_tensorop_bf16_s161616gemm_bf16_16x16_128x2_tn_align8::Params)	dense_gemm	3.23	0.10	[8, 1, 9]
659	void cublasLt::splitKreduce_kernel<32, 16, int, __nv_bfloat16, __nv_bfloat16, float, __nv_bfloat16, false, __nv_bfloat16, __nv_bfloat16, __nv_bfloat16, true, false, false, false>(cublasLt::cublasSplitKParams<float>, __nv_bfloat16 const*, __nv_bfloat16 const*, __nv_bfloat16*, __nv_bfloat16*, float const*, float const*, __nv_bfloat16 const*, __nv_bfloat16 const*, __nv_bfloat16*, void*, long, float*, int*, float*, float*, float const*, float const*, float const*, float const*, float const*)	dense_gemm	1.41	0.09	[4, 1, 1]
660	kernel_cutlass_kernel_flashinfernormkernelsrmsnormRMSNormKernel_object_at__tensorptrbf16gmemalign128oi64281628161_tensorptrbf16gmemalign16o28161_tensorptrbf16gmemalign128oi64281628161___T_0	norm_rope_kv	2.34	-0.19	[3, 1, 1]
661	_gemma4_routing_kernel	moe_route	1.66	0.10	[12, 1, 1]
662	void moe_align_block_size_kernel<int>(int const*, int*, int*, int*, int, int, unsigned long, int*, bool, bool, int, int)	moe_route	2.02	0.10	[2, 1, 1]
663	void count_and_sort_expert_tokens_kernel<int>(int const*, int*, int*, unsigned long, bool)	moe_route	1.02	0.10	[1, 1, 1]
664	void sglang::per_token_quant_fp8_cta_kernel<__nv_bfloat16, 8>(__nv_bfloat16 const*, __nv_fp8_e4m3*, float*, unsigned int)	act_quant	1.63	0.09	[12, 1, 1]
665	fused_moe_kernel	moe_gemm	135.30	-0.16	[4224, 1, 1]
666	void sglang::act_and_mul_kernel<__nv_bfloat16, (sglang::ActivationKind)1, true, false, false, false>(sglang::ActivationParams)	elementwise_copy	12.67	-11.20	[17, 1, 1]
667	void sglang::per_token_quant_fp8_cta_kernel<__nv_bfloat16, 8>(__nv_bfloat16 const*, __nv_fp8_e4m3*, float*, unsigned int)	act_quant	1.38	0.10	[96, 1, 1]
668	fused_moe_kernel	moe_gemm	67.78	-0.19	[8448, 1, 1]
669	_moe_sum_reduce_kernel	moe_route	4.22	-3.20	[12, 2, 1]
670	_gemma_dual_rmsnorm_residual_kernel	norm_rope_kv	2.46	0.10	[12, 1, 1]
671	kernel_cutlass_kernel_flashinfernormkernelsrmsnormRMSNormKernel_object_at__tensorptrbf16gmemalign128oi64281628161_tensorptrbf16gmemalign16o28161_tensorptrbf16gmemalign128oi64281628161___T_0	norm_rope_kv	2.34	0.19	[3, 1, 1]
672	void sglang::per_token_quant_fp8_cta_kernel<__nv_bfloat16, 8>(__nv_bfloat16 const*, __nv_fp8_e4m3*, float*, unsigned int)	act_quant	1.50	0.10	[12, 1, 1]
673	_ZN7cutlass13device_kernelINS_4gemm6kernel13GemmUniversalIN4cute5tupleIJiiiiEEENS1_10collective13CollectiveMmaINS1_31MainloopSm120TmaWarpSpecializedILi2ELi2ENS5_IJNS4_1CILi1EEESB_SB_EEENS1_40KernelTmaWarpSpecializedCooperativeSm120ILi2EEEEENS5_IJNSA_ILi128EEESG_SG_EEENS_12float_e4m3_tENS5_IJlSB_lEEESI_SJ_NS4_8TiledMMAINS4_8MMA_AtomIJNS4_16SM120_16x8x32_TNISI_SI_fEEEEENS4_6LayoutINS5_IJNSA_ILi4EEENSA_ILi2EEESB_EEENS5_IJSB_SQ_NSA_ILi0EEEEEEEENS5_IJSG_NSA_ILi32EEESW_EEEEENS4_13SM90_TMA_LOADENS4_14ComposedLayoutINS4_7SwizzleILi3ELi4ELi3EEENS4_18smem_ptr_flag_bitsILi8EEENSP_INS5_IJNSA_ILi8EEESG_EEENS5_IJSG_SB_EEEEEEENS4_9Copy_AtomIJNS4_17SM75_U32x4_LDSM_NEhEEENS4_8identityESZ_S19_S1C_S1D_EENS_8epilogue10collective18CollectiveEpilogueINS1F_22Sm90TmaWarpSpecializedILi2ELi2ELi4ELb0ELb1EEEJSH_NS5_IJNSA_ILi64EEESW_EEEvSJ_NS_10bfloat16_tESJ_NS1F_6fusion15Sm90TreeVisitorINS1N_11Sm90ComputeINS_10multipliesES1M_fLNS_15FloatRoundStyleE2EvEEJNS1N_16Sm90ColBroadcastILi0ESH_ffNS5_IJSB_ST_ST_EEELi4ELb1EEENS1O_INS1P_IS1Q_ffLS1R_2EvEEJNS1N_16Sm90RowBroadcastILi0ESH_ffNS5_IJST_SB_ST_EEELi4ELb1EEENS1N_12Sm90AccFetchEEEEEEESZ_NS10_INS11_ILi2ELi4ELi3EEENS13_ILi16EEENSP_INS5_IJS15_SW_EEENS5_IJSW_SB_EEEEEEENS4_17SM75_U32x2_LDSM_NENS4_14SM90_TMA_STOREES28_NS4_17SM90_U32x2_STSM_NENS1A_IJS2B_NS_6half_tEEEEvEEEvvEEEEvNT_6ParamsE	dense_gemm	36.13	0.10	[1, 64, 1]
674	_gemma_qkv_rmsnorm_kernel	norm_rope_kv	1.57	0.10	[12, 32, 1]
675	void sglang::fused_rope_kernel<true, 256l, true, __nv_bfloat16, __nv_bfloat16, long, 32u>(sglang::FusedRopeParams)	norm_rope_kv	1.44	0.19	[72, 1, 1]
676	void at::native::elementwise_kernel<128, 4, at::native::gpu_kernel_impl_nocast<at::native::BUnaryFunctor<c10::BFloat16, c10::BFloat16, c10::BFloat16, at::native::binary_internal::MulFunctor<float> > >(at::TensorIteratorBase&, at::native::BUnaryFunctor<c10::BFloat16, c10::BFloat16, c10::BFloat16, at::native::binary_internal::MulFunctor<float> > const&)::{lambda(int)#1}>(int, at::native::gpu_kernel_impl_nocast<at::native::BUnaryFunctor<c10::BFloat16, c10::BFloat16, c10::BFloat16, at::native::binary_internal::MulFunctor<float> > >(at::TensorIteratorBase&, at::native::BUnaryFunctor<c10::BFloat16, c10::BFloat16, c10::BFloat16, at::native::binary_internal::MulFunctor<float> > const&)::{lambda(int)#1})	elementwise_copy	1.73	0.10	[48, 1, 1]
677	void at::native::elementwise_kernel<128, 4, at::native::gpu_kernel_impl_nocast<at::native::BUnaryFunctor<c10::BFloat16, c10::BFloat16, c10::BFloat16, at::native::binary_internal::MulFunctor<float> > >(at::TensorIteratorBase&, at::native::BUnaryFunctor<c10::BFloat16, c10::BFloat16, c10::BFloat16, at::native::binary_internal::MulFunctor<float> > const&)::{lambda(int)#1}>(int, at::native::gpu_kernel_impl_nocast<at::native::BUnaryFunctor<c10::BFloat16, c10::BFloat16, c10::BFloat16, at::native::binary_internal::MulFunctor<float> > >(at::TensorIteratorBase&, at::native::BUnaryFunctor<c10::BFloat16, c10::BFloat16, c10::BFloat16, at::native::binary_internal::MulFunctor<float> > const&)::{lambda(int)#1})	elementwise_copy	1.47	0.06	[48, 1, 1]
678	void at::native::elementwise_kernel<128, 4, at::native::gpu_kernel_impl_nocast<at::native::ConvertToFloat8E4M3fnOp<c10::BFloat16> >(at::TensorIteratorBase&, at::native::ConvertToFloat8E4M3fnOp<c10::BFloat16> const&)::{lambda(int)#1}>(int, at::native::gpu_kernel_impl_nocast<at::native::ConvertToFloat8E4M3fnOp<c10::BFloat16> >(at::TensorIteratorBase&, at::native::ConvertToFloat8E4M3fnOp<c10::BFloat16> const&)::{lambda(int)#1})	elementwise_copy	1.70	0.10	[48, 1, 1]
679	void at::native::elementwise_kernel<128, 4, at::native::gpu_kernel_impl_nocast<at::native::ConvertToFloat8E4M3fnOp<c10::BFloat16> >(at::TensorIteratorBase&, at::native::ConvertToFloat8E4M3fnOp<c10::BFloat16> const&)::{lambda(int)#1}>(int, at::native::gpu_kernel_impl_nocast<at::native::ConvertToFloat8E4M3fnOp<c10::BFloat16> >(at::TensorIteratorBase&, at::native::ConvertToFloat8E4M3fnOp<c10::BFloat16> const&)::{lambda(int)#1})	elementwise_copy	1.63	0.06	[48, 1, 1]
680	void sglang::store_kvcache_kernel<2048l, 2048l, 128u, true, long>(sglang::StoreKVCacheParams)	norm_rope_kv	1.06	0.22	[48, 1, 1]
681	_fwd_grouped_kernel_stage1	attention	38.56	0.06	[12, 8, 8]
682	_fwd_kernel_stage2	attention	2.21	0.22	[12, 16, 1]
683	void sglang::per_token_quant_fp8_cta_kernel<__nv_bfloat16, 8>(__nv_bfloat16 const*, __nv_fp8_e4m3*, float*, unsigned int)	act_quant	1.63	0.10	[12, 1, 1]
684	_ZN7cutlass13device_kernelINS_4gemm6kernel13GemmUniversalIN4cute5tupleIJiiiiEEENS1_10collective13CollectiveMmaINS1_31MainloopSm120TmaWarpSpecializedILi2ELi2ENS5_IJNS4_1CILi1EEESB_SB_EEENS1_40KernelTmaWarpSpecializedCooperativeSm120ILi2EEEEENS5_IJNSA_ILi128EEESG_SG_EEENS_12float_e4m3_tENS5_IJlSB_lEEESI_SJ_NS4_8TiledMMAINS4_8MMA_AtomIJNS4_16SM120_16x8x32_TNISI_SI_fEEEEENS4_6LayoutINS5_IJNSA_ILi4EEENSA_ILi2EEESB_EEENS5_IJSB_SQ_NSA_ILi0EEEEEEEENS5_IJSG_NSA_ILi32EEESW_EEEEENS4_13SM90_TMA_LOADENS4_14ComposedLayoutINS4_7SwizzleILi3ELi4ELi3EEENS4_18smem_ptr_flag_bitsILi8EEENSP_INS5_IJNSA_ILi8EEESG_EEENS5_IJSG_SB_EEEEEEENS4_9Copy_AtomIJNS4_17SM75_U32x4_LDSM_NEhEEENS4_8identityESZ_S19_S1C_S1D_EENS_8epilogue10collective18CollectiveEpilogueINS1F_22Sm90TmaWarpSpecializedILi2ELi2ELi4ELb0ELb1EEEJSH_NS5_IJNSA_ILi64EEESW_EEEvSJ_NS_10bfloat16_tESJ_NS1F_6fusion15Sm90TreeVisitorINS1N_11Sm90ComputeINS_10multipliesES1M_fLNS_15FloatRoundStyleE2EvEEJNS1N_16Sm90ColBroadcastILi0ESH_ffNS5_IJSB_ST_ST_EEELi4ELb1EEENS1O_INS1P_IS1Q_ffLS1R_2EvEEJNS1N_16Sm90RowBroadcastILi0ESH_ffNS5_IJST_SB_ST_EEELi4ELb1EEENS1N_12Sm90AccFetchEEEEEEESZ_NS10_INS11_ILi2ELi4ELi3EEENS13_ILi16EEENSP_INS5_IJS15_SW_EEENS5_IJSW_SB_EEEEEEENS4_17SM75_U32x2_LDSM_NENS4_14SM90_TMA_STOREES28_NS4_17SM90_U32x2_STSM_NENS1A_IJS2B_NS_6half_tEEEEvEEEvvEEEEvNT_6ParamsE	dense_gemm	49.70	0.10	[1, 22, 1]
685	kernel_cutlass_kernel_flashinfernormkernelsrmsnormRMSNormKernel_object_at__tensorptrbf16gmemalign128oi64281628161_tensorptrbf16gmemalign16o28161_tensorptrbf16gmemalign128oi64281628161___T_0	norm_rope_kv	2.53	-0.22	[3, 1, 1]
686	kernel_cutlass_kernel_flashinfernormkernelsfused_add_rmsnormFusedAddRMSNormKernel_object_at__tensorptrbf16gmemalign128oi64281628161_tensorptrbf16gmemalign128oi64281628161_tensorptrbf16gme_0	norm_rope_kv	2.46	-0.22	[3, 1, 1]
687	void sglang::per_token_quant_fp8_cta_kernel<__nv_bfloat16, 8>(__nv_bfloat16 const*, __nv_fp8_e4m3*, float*, unsigned int)	act_quant	1.54	0.06	[12, 1, 1]
688	_ZN7cutlass13device_kernelINS_4gemm6kernel13GemmUniversalIN4cute5tupleIJiiiiEEENS1_10collective13CollectiveMmaINS1_31MainloopSm120TmaWarpSpecializedILi2ELi2ENS5_IJNS4_1CILi1EEESB_SB_EEENS1_40KernelTmaWarpSpecializedCooperativeSm120ILi2EEEEENS5_IJNSA_ILi128EEESG_SG_EEENS_12float_e4m3_tENS5_IJlSB_lEEESI_SJ_NS4_8TiledMMAINS4_8MMA_AtomIJNS4_16SM120_16x8x32_TNISI_SI_fEEEEENS4_6LayoutINS5_IJNSA_ILi4EEENSA_ILi2EEESB_EEENS5_IJSB_SQ_NSA_ILi0EEEEEEEENS5_IJSG_NSA_ILi32EEESW_EEEEENS4_13SM90_TMA_LOADENS4_14ComposedLayoutINS4_7SwizzleILi3ELi4ELi3EEENS4_18smem_ptr_flag_bitsILi8EEENSP_INS5_IJNSA_ILi8EEESG_EEENS5_IJSG_SB_EEEEEEENS4_9Copy_AtomIJNS4_17SM75_U32x4_LDSM_NEhEEENS4_8identityESZ_S19_S1C_S1D_EENS_8epilogue10collective18CollectiveEpilogueINS1F_22Sm90TmaWarpSpecializedILi2ELi2ELi4ELb0ELb1EEEJSH_NS5_IJNSA_ILi64EEESW_EEEvSJ_NS_10bfloat16_tESJ_NS1F_6fusion15Sm90TreeVisitorINS1N_11Sm90ComputeINS_10multipliesES1M_fLNS_15FloatRoundStyleE2EvEEJNS1N_16Sm90ColBroadcastILi0ESH_ffNS5_IJSB_ST_ST_EEELi4ELb1EEENS1O_INS1P_IS1Q_ffLS1R_2EvEEJNS1N_16Sm90RowBroadcastILi0ESH_ffNS5_IJST_SB_ST_EEELi4ELb1EEENS1N_12Sm90AccFetchEEEEEEESZ_NS10_INS11_ILi2ELi4ELi3EEENS13_ILi16EEENSP_INS5_IJS15_SW_EEENS5_IJSW_SB_EEEEEEENS4_17SM75_U32x2_LDSM_NENS4_14SM90_TMA_STOREES28_NS4_17SM90_U32x2_STSM_NENS1A_IJS2B_NS_6half_tEEEEvEEEvvEEEEvNT_6ParamsE	dense_gemm	35.46	0.06	[1, 33, 1]
689	void sglang::act_and_mul_kernel<__nv_bfloat16, (sglang::ActivationKind)2, true, false, false, false>(sglang::ActivationParams)	elementwise_copy	1.47	0.22	[7, 1, 1]
690	void sglang::per_token_quant_fp8_cta_kernel<__nv_bfloat16, 8>(__nv_bfloat16 const*, __nv_fp8_e4m3*, float*, unsigned int)	act_quant	1.50	0.10	[12, 1, 1]
691	_ZN7cutlass13device_kernelINS_4gemm6kernel13GemmUniversalIN4cute5tupleIJiiiiEEENS1_10collective13CollectiveMmaINS1_31MainloopSm120TmaWarpSpecializedILi2ELi2ENS5_IJNS4_1CILi1EEESB_SB_EEENS1_40KernelTmaWarpSpecializedCooperativeSm120ILi2EEEEENS5_IJNSA_ILi128EEESG_SG_EEENS_12float_e4m3_tENS5_IJlSB_lEEESI_SJ_NS4_8TiledMMAINS4_8MMA_AtomIJNS4_16SM120_16x8x32_TNISI_SI_fEEEEENS4_6LayoutINS5_IJNSA_ILi4EEENSA_ILi2EEESB_EEENS5_IJSB_SQ_NSA_ILi0EEEEEEEENS5_IJSG_NSA_ILi32EEESW_EEEEENS4_13SM90_TMA_LOADENS4_14ComposedLayoutINS4_7SwizzleILi3ELi4ELi3EEENS4_18smem_ptr_flag_bitsILi8EEENSP_INS5_IJNSA_ILi8EEESG_EEENS5_IJSG_SB_EEEEEEENS4_9Copy_AtomIJNS4_17SM75_U32x4_LDSM_NEhEEENS4_8identityESZ_S19_S1C_S1D_EENS_8epilogue10collective18CollectiveEpilogueINS1F_22Sm90TmaWarpSpecializedILi2ELi2ELi4ELb0ELb1EEEJSH_NS5_IJNSA_ILi64EEESW_EEEvSJ_NS_10bfloat16_tESJ_NS1F_6fusion15Sm90TreeVisitorINS1N_11Sm90ComputeINS_10multipliesES1M_fLNS_15FloatRoundStyleE2EvEEJNS1N_16Sm90ColBroadcastILi0ESH_ffNS5_IJSB_ST_ST_EEELi4ELb1EEENS1O_INS1P_IS1Q_ffLS1R_2EvEEJNS1N_16Sm90RowBroadcastILi0ESH_ffNS5_IJST_SB_ST_EEELi4ELb1EEENS1N_12Sm90AccFetchEEEEEEESZ_NS10_INS11_ILi2ELi4ELi3EEENS13_ILi16EEENSP_INS5_IJS15_SW_EEENS5_IJSW_SB_EEEEEEENS4_17SM75_U32x2_LDSM_NENS4_14SM90_TMA_STOREES28_NS4_17SM90_U32x2_STSM_NENS1A_IJS2B_NS_6half_tEEEEvEEEvvEEEEvNT_6ParamsE	dense_gemm	28.16	0.06	[1, 22, 1]
692	kernel_cutlass_kernel_flashinfernormkernelsrmsnormRMSNormKernel_object_at__tensorptrbf16gmemalign128oi64281628161_tensorptrbf16gmemalign16o28161_tensorptrbf16gmemalign128oi64281628161___T_0	norm_rope_kv	2.34	0.22	[3, 1, 1]
693	void cutlass::Kernel2<cutlass_80_wmma_tensorop_bf16_s161616gemm_bf16_16x16_128x2_tn_align8>(cutlass_80_wmma_tensorop_bf16_s161616gemm_bf16_16x16_128x2_tn_align8::Params)	dense_gemm	3.30	0.10	[8, 1, 9]
694	void cublasLt::splitKreduce_kernel<32, 16, int, __nv_bfloat16, __nv_bfloat16, float, __nv_bfloat16, false, __nv_bfloat16, __nv_bfloat16, __nv_bfloat16, true, false, false, false>(cublasLt::cublasSplitKParams<float>, __nv_bfloat16 const*, __nv_bfloat16 const*, __nv_bfloat16*, __nv_bfloat16*, float const*, float const*, __nv_bfloat16 const*, __nv_bfloat16 const*, __nv_bfloat16*, void*, long, float*, int*, float*, float*, float const*, float const*, float const*, float const*, float const*)	dense_gemm	1.34	0.10	[4, 1, 1]
695	kernel_cutlass_kernel_flashinfernormkernelsrmsnormRMSNormKernel_object_at__tensorptrbf16gmemalign128oi64281628161_tensorptrbf16gmemalign16o28161_tensorptrbf16gmemalign128oi64281628161___T_0	norm_rope_kv	2.53	-0.38	[3, 1, 1]
696	_gemma4_routing_kernel	moe_route	1.60	0.10	[12, 1, 1]
697	void moe_align_block_size_kernel<int>(int const*, int*, int*, int*, int, int, unsigned long, int*, bool, bool, int, int)	moe_route	2.05	0.10	[2, 1, 1]
698	void count_and_sort_expert_tokens_kernel<int>(int const*, int*, int*, unsigned long, bool)	moe_route	0.96	0.13	[1, 1, 1]
699	void sglang::per_token_quant_fp8_cta_kernel<__nv_bfloat16, 8>(__nv_bfloat16 const*, __nv_fp8_e4m3*, float*, unsigned int)	act_quant	1.66	0.13	[12, 1, 1]
700	fused_moe_kernel	moe_gemm	142.11	-0.19	[4224, 1, 1]
701	void sglang::act_and_mul_kernel<__nv_bfloat16, (sglang::ActivationKind)1, true, false, false, false>(sglang::ActivationParams)	elementwise_copy	15.46	-14.05	[17, 1, 1]
702	void sglang::per_token_quant_fp8_cta_kernel<__nv_bfloat16, 8>(__nv_bfloat16 const*, __nv_fp8_e4m3*, float*, unsigned int)	act_quant	1.41	0.10	[96, 1, 1]
703	fused_moe_kernel	moe_gemm	71.52	-0.22	[8448, 1, 1]
704	_moe_sum_reduce_kernel	moe_route	4.45	-3.23	[12, 2, 1]
705	_gemma_dual_rmsnorm_residual_kernel	norm_rope_kv	2.34	0.06	[12, 1, 1]
706	kernel_cutlass_kernel_flashinfernormkernelsrmsnormRMSNormKernel_object_at__tensorptrbf16gmemalign128oi64281628161_tensorptrbf16gmemalign16o28161_tensorptrbf16gmemalign128oi64281628161___T_0	norm_rope_kv	2.37	0.19	[3, 1, 1]
707	void sglang::per_token_quant_fp8_cta_kernel<__nv_bfloat16, 8>(__nv_bfloat16 const*, __nv_fp8_e4m3*, float*, unsigned int)	act_quant	1.50	0.10	[12, 1, 1]
708	_ZN7cutlass13device_kernelINS_4gemm6kernel13GemmUniversalIN4cute5tupleIJiiiiEEENS1_10collective13CollectiveMmaINS1_31MainloopSm120TmaWarpSpecializedILi2ELi2ENS5_IJNS4_1CILi1EEESB_SB_EEENS1_40KernelTmaWarpSpecializedCooperativeSm120ILi2EEEEENS5_IJNSA_ILi128EEESG_SG_EEENS_12float_e4m3_tENS5_IJlSB_lEEESI_SJ_NS4_8TiledMMAINS4_8MMA_AtomIJNS4_16SM120_16x8x32_TNISI_SI_fEEEEENS4_6LayoutINS5_IJNSA_ILi4EEENSA_ILi2EEESB_EEENS5_IJSB_SQ_NSA_ILi0EEEEEEEENS5_IJSG_NSA_ILi32EEESW_EEEEENS4_13SM90_TMA_LOADENS4_14ComposedLayoutINS4_7SwizzleILi3ELi4ELi3EEENS4_18smem_ptr_flag_bitsILi8EEENSP_INS5_IJNSA_ILi8EEESG_EEENS5_IJSG_SB_EEEEEEENS4_9Copy_AtomIJNS4_17SM75_U32x4_LDSM_NEhEEENS4_8identityESZ_S19_S1C_S1D_EENS_8epilogue10collective18CollectiveEpilogueINS1F_22Sm90TmaWarpSpecializedILi2ELi2ELi4ELb0ELb1EEEJSH_NS5_IJNSA_ILi64EEESW_EEEvSJ_NS_10bfloat16_tESJ_NS1F_6fusion15Sm90TreeVisitorINS1N_11Sm90ComputeINS_10multipliesES1M_fLNS_15FloatRoundStyleE2EvEEJNS1N_16Sm90ColBroadcastILi0ESH_ffNS5_IJSB_ST_ST_EEELi4ELb1EEENS1O_INS1P_IS1Q_ffLS1R_2EvEEJNS1N_16Sm90RowBroadcastILi0ESH_ffNS5_IJST_SB_ST_EEELi4ELb1EEENS1N_12Sm90AccFetchEEEEEEESZ_NS10_INS11_ILi2ELi4ELi3EEENS13_ILi16EEENSP_INS5_IJS15_SW_EEENS5_IJSW_SB_EEEEEEENS4_17SM75_U32x2_LDSM_NENS4_14SM90_TMA_STOREES28_NS4_17SM90_U32x2_STSM_NENS1A_IJS2B_NS_6half_tEEEEvEEEvvEEEEvNT_6ParamsE	dense_gemm	36.06	0.10	[1, 64, 1]
709	_gemma_qkv_rmsnorm_kernel	norm_rope_kv	1.47	0.10	[12, 32, 1]
710	void sglang::fused_rope_kernel<true, 256l, true, __nv_bfloat16, __nv_bfloat16, long, 32u>(sglang::FusedRopeParams)	norm_rope_kv	1.41	0.22	[72, 1, 1]
711	void at::native::elementwise_kernel<128, 4, at::native::gpu_kernel_impl_nocast<at::native::BUnaryFunctor<c10::BFloat16, c10::BFloat16, c10::BFloat16, at::native::binary_internal::MulFunctor<float> > >(at::TensorIteratorBase&, at::native::BUnaryFunctor<c10::BFloat16, c10::BFloat16, c10::BFloat16, at::native::binary_internal::MulFunctor<float> > const&)::{lambda(int)#1}>(int, at::native::gpu_kernel_impl_nocast<at::native::BUnaryFunctor<c10::BFloat16, c10::BFloat16, c10::BFloat16, at::native::binary_internal::MulFunctor<float> > >(at::TensorIteratorBase&, at::native::BUnaryFunctor<c10::BFloat16, c10::BFloat16, c10::BFloat16, at::native::binary_internal::MulFunctor<float> > const&)::{lambda(int)#1})	elementwise_copy	1.70	0.10	[48, 1, 1]
712	void at::native::elementwise_kernel<128, 4, at::native::gpu_kernel_impl_nocast<at::native::BUnaryFunctor<c10::BFloat16, c10::BFloat16, c10::BFloat16, at::native::binary_internal::MulFunctor<float> > >(at::TensorIteratorBase&, at::native::BUnaryFunctor<c10::BFloat16, c10::BFloat16, c10::BFloat16, at::native::binary_internal::MulFunctor<float> > const&)::{lambda(int)#1}>(int, at::native::gpu_kernel_impl_nocast<at::native::BUnaryFunctor<c10::BFloat16, c10::BFloat16, c10::BFloat16, at::native::binary_internal::MulFunctor<float> > >(at::TensorIteratorBase&, at::native::BUnaryFunctor<c10::BFloat16, c10::BFloat16, c10::BFloat16, at::native::binary_internal::MulFunctor<float> > const&)::{lambda(int)#1})	elementwise_copy	1.47	0.10	[48, 1, 1]
713	void at::native::elementwise_kernel<128, 4, at::native::gpu_kernel_impl_nocast<at::native::ConvertToFloat8E4M3fnOp<c10::BFloat16> >(at::TensorIteratorBase&, at::native::ConvertToFloat8E4M3fnOp<c10::BFloat16> const&)::{lambda(int)#1}>(int, at::native::gpu_kernel_impl_nocast<at::native::ConvertToFloat8E4M3fnOp<c10::BFloat16> >(at::TensorIteratorBase&, at::native::ConvertToFloat8E4M3fnOp<c10::BFloat16> const&)::{lambda(int)#1})	elementwise_copy	1.66	0.10	[48, 1, 1]
714	void at::native::elementwise_kernel<128, 4, at::native::gpu_kernel_impl_nocast<at::native::ConvertToFloat8E4M3fnOp<c10::BFloat16> >(at::TensorIteratorBase&, at::native::ConvertToFloat8E4M3fnOp<c10::BFloat16> const&)::{lambda(int)#1}>(int, at::native::gpu_kernel_impl_nocast<at::native::ConvertToFloat8E4M3fnOp<c10::BFloat16> >(at::TensorIteratorBase&, at::native::ConvertToFloat8E4M3fnOp<c10::BFloat16> const&)::{lambda(int)#1})	elementwise_copy	1.60	0.10	[48, 1, 1]
715	void sglang::store_kvcache_kernel<2048l, 2048l, 128u, true, long>(sglang::StoreKVCacheParams)	norm_rope_kv	1.09	0.22	[48, 1, 1]
716	_fwd_grouped_kernel_stage1	attention	39.14	0.13	[12, 8, 8]
717	_fwd_kernel_stage2	attention	2.24	0.19	[12, 16, 1]
718	void sglang::per_token_quant_fp8_cta_kernel<__nv_bfloat16, 8>(__nv_bfloat16 const*, __nv_fp8_e4m3*, float*, unsigned int)	act_quant	1.57	0.10	[12, 1, 1]
719	_ZN7cutlass13device_kernelINS_4gemm6kernel13GemmUniversalIN4cute5tupleIJiiiiEEENS1_10collective13CollectiveMmaINS1_31MainloopSm120TmaWarpSpecializedILi2ELi2ENS5_IJNS4_1CILi1EEESB_SB_EEENS1_40KernelTmaWarpSpecializedCooperativeSm120ILi2EEEEENS5_IJNSA_ILi128EEESG_SG_EEENS_12float_e4m3_tENS5_IJlSB_lEEESI_SJ_NS4_8TiledMMAINS4_8MMA_AtomIJNS4_16SM120_16x8x32_TNISI_SI_fEEEEENS4_6LayoutINS5_IJNSA_ILi4EEENSA_ILi2EEESB_EEENS5_IJSB_SQ_NSA_ILi0EEEEEEEENS5_IJSG_NSA_ILi32EEESW_EEEEENS4_13SM90_TMA_LOADENS4_14ComposedLayoutINS4_7SwizzleILi3ELi4ELi3EEENS4_18smem_ptr_flag_bitsILi8EEENSP_INS5_IJNSA_ILi8EEESG_EEENS5_IJSG_SB_EEEEEEENS4_9Copy_AtomIJNS4_17SM75_U32x4_LDSM_NEhEEENS4_8identityESZ_S19_S1C_S1D_EENS_8epilogue10collective18CollectiveEpilogueINS1F_22Sm90TmaWarpSpecializedILi2ELi2ELi4ELb0ELb1EEEJSH_NS5_IJNSA_ILi64EEESW_EEEvSJ_NS_10bfloat16_tESJ_NS1F_6fusion15Sm90TreeVisitorINS1N_11Sm90ComputeINS_10multipliesES1M_fLNS_15FloatRoundStyleE2EvEEJNS1N_16Sm90ColBroadcastILi0ESH_ffNS5_IJSB_ST_ST_EEELi4ELb1EEENS1O_INS1P_IS1Q_ffLS1R_2EvEEJNS1N_16Sm90RowBroadcastILi0ESH_ffNS5_IJST_SB_ST_EEELi4ELb1EEENS1N_12Sm90AccFetchEEEEEEESZ_NS10_INS11_ILi2ELi4ELi3EEENS13_ILi16EEENSP_INS5_IJS15_SW_EEENS5_IJSW_SB_EEEEEEENS4_17SM75_U32x2_LDSM_NENS4_14SM90_TMA_STOREES28_NS4_17SM90_U32x2_STSM_NENS1A_IJS2B_NS_6half_tEEEEvEEEvvEEEEvNT_6ParamsE	dense_gemm	49.70	0.10	[1, 22, 1]
720	kernel_cutlass_kernel_flashinfernormkernelsrmsnormRMSNormKernel_object_at__tensorptrbf16gmemalign128oi64281628161_tensorptrbf16gmemalign16o28161_tensorptrbf16gmemalign128oi64281628161___T_0	norm_rope_kv	2.72	-0.19	[3, 1, 1]
721	kernel_cutlass_kernel_flashinfernormkernelsfused_add_rmsnormFusedAddRMSNormKernel_object_at__tensorptrbf16gmemalign128oi64281628161_tensorptrbf16gmemalign128oi64281628161_tensorptrbf16gme_0	norm_rope_kv	2.50	-0.29	[3, 1, 1]
722	void sglang::per_token_quant_fp8_cta_kernel<__nv_bfloat16, 8>(__nv_bfloat16 const*, __nv_fp8_e4m3*, float*, unsigned int)	act_quant	1.50	0.10	[12, 1, 1]
723	_ZN7cutlass13device_kernelINS_4gemm6kernel13GemmUniversalIN4cute5tupleIJiiiiEEENS1_10collective13CollectiveMmaINS1_31MainloopSm120TmaWarpSpecializedILi2ELi2ENS5_IJNS4_1CILi1EEESB_SB_EEENS1_40KernelTmaWarpSpecializedCooperativeSm120ILi2EEEEENS5_IJNSA_ILi128EEESG_SG_EEENS_12float_e4m3_tENS5_IJlSB_lEEESI_SJ_NS4_8TiledMMAINS4_8MMA_AtomIJNS4_16SM120_16x8x32_TNISI_SI_fEEEEENS4_6LayoutINS5_IJNSA_ILi4EEENSA_ILi2EEESB_EEENS5_IJSB_SQ_NSA_ILi0EEEEEEEENS5_IJSG_NSA_ILi32EEESW_EEEEENS4_13SM90_TMA_LOADENS4_14ComposedLayoutINS4_7SwizzleILi3ELi4ELi3EEENS4_18smem_ptr_flag_bitsILi8EEENSP_INS5_IJNSA_ILi8EEESG_EEENS5_IJSG_SB_EEEEEEENS4_9Copy_AtomIJNS4_17SM75_U32x4_LDSM_NEhEEENS4_8identityESZ_S19_S1C_S1D_EENS_8epilogue10collective18CollectiveEpilogueINS1F_22Sm90TmaWarpSpecializedILi2ELi2ELi4ELb0ELb1EEEJSH_NS5_IJNSA_ILi64EEESW_EEEvSJ_NS_10bfloat16_tESJ_NS1F_6fusion15Sm90TreeVisitorINS1N_11Sm90ComputeINS_10multipliesES1M_fLNS_15FloatRoundStyleE2EvEEJNS1N_16Sm90ColBroadcastILi0ESH_ffNS5_IJSB_ST_ST_EEELi4ELb1EEENS1O_INS1P_IS1Q_ffLS1R_2EvEEJNS1N_16Sm90RowBroadcastILi0ESH_ffNS5_IJST_SB_ST_EEELi4ELb1EEENS1N_12Sm90AccFetchEEEEEEESZ_NS10_INS11_ILi2ELi4ELi3EEENS13_ILi16EEENSP_INS5_IJS15_SW_EEENS5_IJSW_SB_EEEEEEENS4_17SM75_U32x2_LDSM_NENS4_14SM90_TMA_STOREES28_NS4_17SM90_U32x2_STSM_NENS1A_IJS2B_NS_6half_tEEEEvEEEvvEEEEvNT_6ParamsE	dense_gemm	35.46	0.10	[1, 33, 1]
724	void sglang::act_and_mul_kernel<__nv_bfloat16, (sglang::ActivationKind)2, true, false, false, false>(sglang::ActivationParams)	elementwise_copy	1.47	0.19	[7, 1, 1]
725	void sglang::per_token_quant_fp8_cta_kernel<__nv_bfloat16, 8>(__nv_bfloat16 const*, __nv_fp8_e4m3*, float*, unsigned int)	act_quant	1.50	0.06	[12, 1, 1]
726	_ZN7cutlass13device_kernelINS_4gemm6kernel13GemmUniversalIN4cute5tupleIJiiiiEEENS1_10collective13CollectiveMmaINS1_31MainloopSm120TmaWarpSpecializedILi2ELi2ENS5_IJNS4_1CILi1EEESB_SB_EEENS1_40KernelTmaWarpSpecializedCooperativeSm120ILi2EEEEENS5_IJNSA_ILi128EEESG_SG_EEENS_12float_e4m3_tENS5_IJlSB_lEEESI_SJ_NS4_8TiledMMAINS4_8MMA_AtomIJNS4_16SM120_16x8x32_TNISI_SI_fEEEEENS4_6LayoutINS5_IJNSA_ILi4EEENSA_ILi2EEESB_EEENS5_IJSB_SQ_NSA_ILi0EEEEEEEENS5_IJSG_NSA_ILi32EEESW_EEEEENS4_13SM90_TMA_LOADENS4_14ComposedLayoutINS4_7SwizzleILi3ELi4ELi3EEENS4_18smem_ptr_flag_bitsILi8EEENSP_INS5_IJNSA_ILi8EEESG_EEENS5_IJSG_SB_EEEEEEENS4_9Copy_AtomIJNS4_17SM75_U32x4_LDSM_NEhEEENS4_8identityESZ_S19_S1C_S1D_EENS_8epilogue10collective18CollectiveEpilogueINS1F_22Sm90TmaWarpSpecializedILi2ELi2ELi4ELb0ELb1EEEJSH_NS5_IJNSA_ILi64EEESW_EEEvSJ_NS_10bfloat16_tESJ_NS1F_6fusion15Sm90TreeVisitorINS1N_11Sm90ComputeINS_10multipliesES1M_fLNS_15FloatRoundStyleE2EvEEJNS1N_16Sm90ColBroadcastILi0ESH_ffNS5_IJSB_ST_ST_EEELi4ELb1EEENS1O_INS1P_IS1Q_ffLS1R_2EvEEJNS1N_16Sm90RowBroadcastILi0ESH_ffNS5_IJST_SB_ST_EEELi4ELb1EEENS1N_12Sm90AccFetchEEEEEEESZ_NS10_INS11_ILi2ELi4ELi3EEENS13_ILi16EEENSP_INS5_IJS15_SW_EEENS5_IJSW_SB_EEEEEEENS4_17SM75_U32x2_LDSM_NENS4_14SM90_TMA_STOREES28_NS4_17SM90_U32x2_STSM_NENS1A_IJS2B_NS_6half_tEEEEvEEEvvEEEEvNT_6ParamsE	dense_gemm	27.97	0.10	[1, 22, 1]
727	kernel_cutlass_kernel_flashinfernormkernelsrmsnormRMSNormKernel_object_at__tensorptrbf16gmemalign128oi64281628161_tensorptrbf16gmemalign16o28161_tensorptrbf16gmemalign128oi64281628161___T_0	norm_rope_kv	2.34	0.22	[3, 1, 1]
728	void cutlass::Kernel2<cutlass_80_wmma_tensorop_bf16_s161616gemm_bf16_16x16_128x2_tn_align8>(cutlass_80_wmma_tensorop_bf16_s161616gemm_bf16_16x16_128x2_tn_align8::Params)	dense_gemm	3.33	0.10	[8, 1, 9]
729	void cublasLt::splitKreduce_kernel<32, 16, int, __nv_bfloat16, __nv_bfloat16, float, __nv_bfloat16, false, __nv_bfloat16, __nv_bfloat16, __nv_bfloat16, true, false, false, false>(cublasLt::cublasSplitKParams<float>, __nv_bfloat16 const*, __nv_bfloat16 const*, __nv_bfloat16*, __nv_bfloat16*, float const*, float const*, __nv_bfloat16 const*, __nv_bfloat16 const*, __nv_bfloat16*, void*, long, float*, int*, float*, float*, float const*, float const*, float const*, float const*, float const*)	dense_gemm	1.28	0.10	[4, 1, 1]
730	kernel_cutlass_kernel_flashinfernormkernelsrmsnormRMSNormKernel_object_at__tensorptrbf16gmemalign128oi64281628161_tensorptrbf16gmemalign16o28161_tensorptrbf16gmemalign128oi64281628161___T_0	norm_rope_kv	2.50	-0.32	[3, 1, 1]
731	_gemma4_routing_kernel	moe_route	1.57	0.10	[12, 1, 1]
732	void moe_align_block_size_kernel<int>(int const*, int*, int*, int*, int, int, unsigned long, int*, bool, bool, int, int)	moe_route	2.08	0.10	[2, 1, 1]
733	void count_and_sort_expert_tokens_kernel<int>(int const*, int*, int*, unsigned long, bool)	moe_route	1.02	0.10	[1, 1, 1]
734	void sglang::per_token_quant_fp8_cta_kernel<__nv_bfloat16, 8>(__nv_bfloat16 const*, __nv_fp8_e4m3*, float*, unsigned int)	act_quant	1.70	0.06	[12, 1, 1]
735	fused_moe_kernel	moe_gemm	124.35	-0.19	[4224, 1, 1]
736	void sglang::act_and_mul_kernel<__nv_bfloat16, (sglang::ActivationKind)1, true, false, false, false>(sglang::ActivationParams)	elementwise_copy	47.10	-45.50	[17, 1, 1]
737	void sglang::per_token_quant_fp8_cta_kernel<__nv_bfloat16, 8>(__nv_bfloat16 const*, __nv_fp8_e4m3*, float*, unsigned int)	act_quant	1.38	-0.13	[96, 1, 1]
738	fused_moe_kernel	moe_gemm	63.23	-0.19	[8448, 1, 1]
739	_moe_sum_reduce_kernel	moe_route	3.97	-2.78	[12, 2, 1]
740	_gemma_dual_rmsnorm_residual_kernel	norm_rope_kv	2.30	0.10	[12, 1, 1]
741	kernel_cutlass_kernel_flashinfernormkernelsrmsnormRMSNormKernel_object_at__tensorptrbf16gmemalign128oi64281628161_tensorptrbf16gmemalign16o28161_tensorptrbf16gmemalign128oi64281628161___T_0	norm_rope_kv	2.37	0.19	[3, 1, 1]
742	void sglang::per_token_quant_fp8_cta_kernel<__nv_bfloat16, 8>(__nv_bfloat16 const*, __nv_fp8_e4m3*, float*, unsigned int)	act_quant	1.50	0.06	[12, 1, 1]
743	_ZN7cutlass13device_kernelINS_4gemm6kernel13GemmUniversalIN4cute5tupleIJiiiiEEENS1_10collective13CollectiveMmaINS1_31MainloopSm120TmaWarpSpecializedILi2ELi2ENS5_IJNS4_1CILi1EEESB_SB_EEENS1_40KernelTmaWarpSpecializedCooperativeSm120ILi2EEEEENS5_IJNSA_ILi128EEESG_SG_EEENS_12float_e4m3_tENS5_IJlSB_lEEESI_SJ_NS4_8TiledMMAINS4_8MMA_AtomIJNS4_16SM120_16x8x32_TNISI_SI_fEEEEENS4_6LayoutINS5_IJNSA_ILi4EEENSA_ILi2EEESB_EEENS5_IJSB_SQ_NSA_ILi0EEEEEEEENS5_IJSG_NSA_ILi32EEESW_EEEEENS4_13SM90_TMA_LOADENS4_14ComposedLayoutINS4_7SwizzleILi3ELi4ELi3EEENS4_18smem_ptr_flag_bitsILi8EEENSP_INS5_IJNSA_ILi8EEESG_EEENS5_IJSG_SB_EEEEEEENS4_9Copy_AtomIJNS4_17SM75_U32x4_LDSM_NEhEEENS4_8identityESZ_S19_S1C_S1D_EENS_8epilogue10collective18CollectiveEpilogueINS1F_22Sm90TmaWarpSpecializedILi2ELi2ELi4ELb0ELb1EEEJSH_NS5_IJNSA_ILi64EEESW_EEEvSJ_NS_10bfloat16_tESJ_NS1F_6fusion15Sm90TreeVisitorINS1N_11Sm90ComputeINS_10multipliesES1M_fLNS_15FloatRoundStyleE2EvEEJNS1N_16Sm90ColBroadcastILi0ESH_ffNS5_IJSB_ST_ST_EEELi4ELb1EEENS1O_INS1P_IS1Q_ffLS1R_2EvEEJNS1N_16Sm90RowBroadcastILi0ESH_ffNS5_IJST_SB_ST_EEELi4ELb1EEENS1N_12Sm90AccFetchEEEEEEESZ_NS10_INS11_ILi2ELi4ELi3EEENS13_ILi16EEENSP_INS5_IJS15_SW_EEENS5_IJSW_SB_EEEEEEENS4_17SM75_U32x2_LDSM_NENS4_14SM90_TMA_STOREES28_NS4_17SM90_U32x2_STSM_NENS1A_IJS2B_NS_6half_tEEEEvEEEvvEEEEvNT_6ParamsE	dense_gemm	36.16	0.10	[1, 64, 1]
744	_gemma_qkv_rmsnorm_kernel	norm_rope_kv	1.54	0.09	[12, 32, 1]
745	void sglang::fused_rope_kernel<true, 256l, true, __nv_bfloat16, __nv_bfloat16, long, 32u>(sglang::FusedRopeParams)	norm_rope_kv	1.41	0.19	[72, 1, 1]
746	void at::native::elementwise_kernel<128, 4, at::native::gpu_kernel_impl_nocast<at::native::BUnaryFunctor<c10::BFloat16, c10::BFloat16, c10::BFloat16, at::native::binary_internal::MulFunctor<float> > >(at::TensorIteratorBase&, at::native::BUnaryFunctor<c10::BFloat16, c10::BFloat16, c10::BFloat16, at::native::binary_internal::MulFunctor<float> > const&)::{lambda(int)#1}>(int, at::native::gpu_kernel_impl_nocast<at::native::BUnaryFunctor<c10::BFloat16, c10::BFloat16, c10::BFloat16, at::native::binary_internal::MulFunctor<float> > >(at::TensorIteratorBase&, at::native::BUnaryFunctor<c10::BFloat16, c10::BFloat16, c10::BFloat16, at::native::binary_internal::MulFunctor<float> > const&)::{lambda(int)#1})	elementwise_copy	1.70	0.10	[48, 1, 1]
747	void at::native::elementwise_kernel<128, 4, at::native::gpu_kernel_impl_nocast<at::native::BUnaryFunctor<c10::BFloat16, c10::BFloat16, c10::BFloat16, at::native::binary_internal::MulFunctor<float> > >(at::TensorIteratorBase&, at::native::BUnaryFunctor<c10::BFloat16, c10::BFloat16, c10::BFloat16, at::native::binary_internal::MulFunctor<float> > const&)::{lambda(int)#1}>(int, at::native::gpu_kernel_impl_nocast<at::native::BUnaryFunctor<c10::BFloat16, c10::BFloat16, c10::BFloat16, at::native::binary_internal::MulFunctor<float> > >(at::TensorIteratorBase&, at::native::BUnaryFunctor<c10::BFloat16, c10::BFloat16, c10::BFloat16, at::native::binary_internal::MulFunctor<float> > const&)::{lambda(int)#1})	elementwise_copy	1.50	0.10	[48, 1, 1]
748	void at::native::elementwise_kernel<128, 4, at::native::gpu_kernel_impl_nocast<at::native::ConvertToFloat8E4M3fnOp<c10::BFloat16> >(at::TensorIteratorBase&, at::native::ConvertToFloat8E4M3fnOp<c10::BFloat16> const&)::{lambda(int)#1}>(int, at::native::gpu_kernel_impl_nocast<at::native::ConvertToFloat8E4M3fnOp<c10::BFloat16> >(at::TensorIteratorBase&, at::native::ConvertToFloat8E4M3fnOp<c10::BFloat16> const&)::{lambda(int)#1})	elementwise_copy	1.70	0.06	[48, 1, 1]
749	void at::native::elementwise_kernel<128, 4, at::native::gpu_kernel_impl_nocast<at::native::ConvertToFloat8E4M3fnOp<c10::BFloat16> >(at::TensorIteratorBase&, at::native::ConvertToFloat8E4M3fnOp<c10::BFloat16> const&)::{lambda(int)#1}>(int, at::native::gpu_kernel_impl_nocast<at::native::ConvertToFloat8E4M3fnOp<c10::BFloat16> >(at::TensorIteratorBase&, at::native::ConvertToFloat8E4M3fnOp<c10::BFloat16> const&)::{lambda(int)#1})	elementwise_copy	1.57	0.10	[48, 1, 1]
750	void sglang::store_kvcache_kernel<2048l, 2048l, 128u, true, long>(sglang::StoreKVCacheParams)	norm_rope_kv	1.02	0.22	[48, 1, 1]
751	_fwd_grouped_kernel_stage1	attention	40.29	0.09	[12, 8, 8]
752	_fwd_kernel_stage2	attention	2.24	0.22	[12, 16, 1]
753	void sglang::per_token_quant_fp8_cta_kernel<__nv_bfloat16, 8>(__nv_bfloat16 const*, __nv_fp8_e4m3*, float*, unsigned int)	act_quant	1.57	0.06	[12, 1, 1]
754	_ZN7cutlass13device_kernelINS_4gemm6kernel13GemmUniversalIN4cute5tupleIJiiiiEEENS1_10collective13CollectiveMmaINS1_31MainloopSm120TmaWarpSpecializedILi2ELi2ENS5_IJNS4_1CILi1EEESB_SB_EEENS1_40KernelTmaWarpSpecializedCooperativeSm120ILi2EEEEENS5_IJNSA_ILi128EEESG_SG_EEENS_12float_e4m3_tENS5_IJlSB_lEEESI_SJ_NS4_8TiledMMAINS4_8MMA_AtomIJNS4_16SM120_16x8x32_TNISI_SI_fEEEEENS4_6LayoutINS5_IJNSA_ILi4EEENSA_ILi2EEESB_EEENS5_IJSB_SQ_NSA_ILi0EEEEEEEENS5_IJSG_NSA_ILi32EEESW_EEEEENS4_13SM90_TMA_LOADENS4_14ComposedLayoutINS4_7SwizzleILi3ELi4ELi3EEENS4_18smem_ptr_flag_bitsILi8EEENSP_INS5_IJNSA_ILi8EEESG_EEENS5_IJSG_SB_EEEEEEENS4_9Copy_AtomIJNS4_17SM75_U32x4_LDSM_NEhEEENS4_8identityESZ_S19_S1C_S1D_EENS_8epilogue10collective18CollectiveEpilogueINS1F_22Sm90TmaWarpSpecializedILi2ELi2ELi4ELb0ELb1EEEJSH_NS5_IJNSA_ILi64EEESW_EEEvSJ_NS_10bfloat16_tESJ_NS1F_6fusion15Sm90TreeVisitorINS1N_11Sm90ComputeINS_10multipliesES1M_fLNS_15FloatRoundStyleE2EvEEJNS1N_16Sm90ColBroadcastILi0ESH_ffNS5_IJSB_ST_ST_EEELi4ELb1EEENS1O_INS1P_IS1Q_ffLS1R_2EvEEJNS1N_16Sm90RowBroadcastILi0ESH_ffNS5_IJST_SB_ST_EEELi4ELb1EEENS1N_12Sm90AccFetchEEEEEEESZ_NS10_INS11_ILi2ELi4ELi3EEENS13_ILi16EEENSP_INS5_IJS15_SW_EEENS5_IJSW_SB_EEEEEEENS4_17SM75_U32x2_LDSM_NENS4_14SM90_TMA_STOREES28_NS4_17SM90_U32x2_STSM_NENS1A_IJS2B_NS_6half_tEEEEvEEEvvEEEEvNT_6ParamsE	dense_gemm	49.76	0.10	[1, 22, 1]
755	kernel_cutlass_kernel_flashinfernormkernelsrmsnormRMSNormKernel_object_at__tensorptrbf16gmemalign128oi64281628161_tensorptrbf16gmemalign16o28161_tensorptrbf16gmemalign128oi64281628161___T_0	norm_rope_kv	2.53	-0.22	[3, 1, 1]
756	kernel_cutlass_kernel_flashinfernormkernelsfused_add_rmsnormFusedAddRMSNormKernel_object_at__tensorptrbf16gmemalign128oi64281628161_tensorptrbf16gmemalign128oi64281628161_tensorptrbf16gme_0	norm_rope_kv	2.46	-0.13	[3, 1, 1]
757	void sglang::per_token_quant_fp8_cta_kernel<__nv_bfloat16, 8>(__nv_bfloat16 const*, __nv_fp8_e4m3*, float*, unsigned int)	act_quant	1.54	0.10	[12, 1, 1]
758	_ZN7cutlass13device_kernelINS_4gemm6kernel13GemmUniversalIN4cute5tupleIJiiiiEEENS1_10collective13CollectiveMmaINS1_31MainloopSm120TmaWarpSpecializedILi2ELi2ENS5_IJNS4_1CILi1EEESB_SB_EEENS1_40KernelTmaWarpSpecializedCooperativeSm120ILi2EEEEENS5_IJNSA_ILi128EEESG_SG_EEENS_12float_e4m3_tENS5_IJlSB_lEEESI_SJ_NS4_8TiledMMAINS4_8MMA_AtomIJNS4_16SM120_16x8x32_TNISI_SI_fEEEEENS4_6LayoutINS5_IJNSA_ILi4EEENSA_ILi2EEESB_EEENS5_IJSB_SQ_NSA_ILi0EEEEEEEENS5_IJSG_NSA_ILi32EEESW_EEEEENS4_13SM90_TMA_LOADENS4_14ComposedLayoutINS4_7SwizzleILi3ELi4ELi3EEENS4_18smem_ptr_flag_bitsILi8EEENSP_INS5_IJNSA_ILi8EEESG_EEENS5_IJSG_SB_EEEEEEENS4_9Copy_AtomIJNS4_17SM75_U32x4_LDSM_NEhEEENS4_8identityESZ_S19_S1C_S1D_EENS_8epilogue10collective18CollectiveEpilogueINS1F_22Sm90TmaWarpSpecializedILi2ELi2ELi4ELb0ELb1EEEJSH_NS5_IJNSA_ILi64EEESW_EEEvSJ_NS_10bfloat16_tESJ_NS1F_6fusion15Sm90TreeVisitorINS1N_11Sm90ComputeINS_10multipliesES1M_fLNS_15FloatRoundStyleE2EvEEJNS1N_16Sm90ColBroadcastILi0ESH_ffNS5_IJSB_ST_ST_EEELi4ELb1EEENS1O_INS1P_IS1Q_ffLS1R_2EvEEJNS1N_16Sm90RowBroadcastILi0ESH_ffNS5_IJST_SB_ST_EEELi4ELb1EEENS1N_12Sm90AccFetchEEEEEEESZ_NS10_INS11_ILi2ELi4ELi3EEENS13_ILi16EEENSP_INS5_IJS15_SW_EEENS5_IJSW_SB_EEEEEEENS4_17SM75_U32x2_LDSM_NENS4_14SM90_TMA_STOREES28_NS4_17SM90_U32x2_STSM_NENS1A_IJS2B_NS_6half_tEEEEvEEEvvEEEEvNT_6ParamsE	dense_gemm	35.39	0.06	[1, 33, 1]
759	void sglang::act_and_mul_kernel<__nv_bfloat16, (sglang::ActivationKind)2, true, false, false, false>(sglang::ActivationParams)	elementwise_copy	1.44	0.22	[7, 1, 1]
760	void sglang::per_token_quant_fp8_cta_kernel<__nv_bfloat16, 8>(__nv_bfloat16 const*, __nv_fp8_e4m3*, float*, unsigned int)	act_quant	1.50	0.10	[12, 1, 1]
761	_ZN7cutlass13device_kernelINS_4gemm6kernel13GemmUniversalIN4cute5tupleIJiiiiEEENS1_10collective13CollectiveMmaINS1_31MainloopSm120TmaWarpSpecializedILi2ELi2ENS5_IJNS4_1CILi1EEESB_SB_EEENS1_40KernelTmaWarpSpecializedCooperativeSm120ILi2EEEEENS5_IJNSA_ILi128EEESG_SG_EEENS_12float_e4m3_tENS5_IJlSB_lEEESI_SJ_NS4_8TiledMMAINS4_8MMA_AtomIJNS4_16SM120_16x8x32_TNISI_SI_fEEEEENS4_6LayoutINS5_IJNSA_ILi4EEENSA_ILi2EEESB_EEENS5_IJSB_SQ_NSA_ILi0EEEEEEEENS5_IJSG_NSA_ILi32EEESW_EEEEENS4_13SM90_TMA_LOADENS4_14ComposedLayoutINS4_7SwizzleILi3ELi4ELi3EEENS4_18smem_ptr_flag_bitsILi8EEENSP_INS5_IJNSA_ILi8EEESG_EEENS5_IJSG_SB_EEEEEEENS4_9Copy_AtomIJNS4_17SM75_U32x4_LDSM_NEhEEENS4_8identityESZ_S19_S1C_S1D_EENS_8epilogue10collective18CollectiveEpilogueINS1F_22Sm90TmaWarpSpecializedILi2ELi2ELi4ELb0ELb1EEEJSH_NS5_IJNSA_ILi64EEESW_EEEvSJ_NS_10bfloat16_tESJ_NS1F_6fusion15Sm90TreeVisitorINS1N_11Sm90ComputeINS_10multipliesES1M_fLNS_15FloatRoundStyleE2EvEEJNS1N_16Sm90ColBroadcastILi0ESH_ffNS5_IJSB_ST_ST_EEELi4ELb1EEENS1O_INS1P_IS1Q_ffLS1R_2EvEEJNS1N_16Sm90RowBroadcastILi0ESH_ffNS5_IJST_SB_ST_EEELi4ELb1EEENS1N_12Sm90AccFetchEEEEEEESZ_NS10_INS11_ILi2ELi4ELi3EEENS13_ILi16EEENSP_INS5_IJS15_SW_EEENS5_IJSW_SB_EEEEEEENS4_17SM75_U32x2_LDSM_NENS4_14SM90_TMA_STOREES28_NS4_17SM90_U32x2_STSM_NENS1A_IJS2B_NS_6half_tEEEEvEEEvvEEEEvNT_6ParamsE	dense_gemm	28.06	0.10	[1, 22, 1]
762	kernel_cutlass_kernel_flashinfernormkernelsrmsnormRMSNormKernel_object_at__tensorptrbf16gmemalign128oi64281628161_tensorptrbf16gmemalign16o28161_tensorptrbf16gmemalign128oi64281628161___T_0	norm_rope_kv	2.37	0.22	[3, 1, 1]
763	void cutlass::Kernel2<cutlass_80_wmma_tensorop_bf16_s161616gemm_bf16_16x16_128x2_tn_align8>(cutlass_80_wmma_tensorop_bf16_s161616gemm_bf16_16x16_128x2_tn_align8::Params)	dense_gemm	3.49	0.06	[8, 1, 9]
764	void cublasLt::splitKreduce_kernel<32, 16, int, __nv_bfloat16, __nv_bfloat16, float, __nv_bfloat16, false, __nv_bfloat16, __nv_bfloat16, __nv_bfloat16, true, false, false, false>(cublasLt::cublasSplitKParams<float>, __nv_bfloat16 const*, __nv_bfloat16 const*, __nv_bfloat16*, __nv_bfloat16*, float const*, float const*, __nv_bfloat16 const*, __nv_bfloat16 const*, __nv_bfloat16*, void*, long, float*, int*, float*, float*, float const*, float const*, float const*, float const*, float const*)	dense_gemm	1.34	0.06	[4, 1, 1]
765	kernel_cutlass_kernel_flashinfernormkernelsrmsnormRMSNormKernel_object_at__tensorptrbf16gmemalign128oi64281628161_tensorptrbf16gmemalign16o28161_tensorptrbf16gmemalign128oi64281628161___T_0	norm_rope_kv	2.56	-0.38	[3, 1, 1]
766	_gemma4_routing_kernel	moe_route	1.60	0.10	[12, 1, 1]
767	void moe_align_block_size_kernel<int>(int const*, int*, int*, int*, int, int, unsigned long, int*, bool, bool, int, int)	moe_route	2.05	0.10	[2, 1, 1]
768	void count_and_sort_expert_tokens_kernel<int>(int const*, int*, int*, unsigned long, bool)	moe_route	0.99	0.10	[1, 1, 1]
769	void sglang::per_token_quant_fp8_cta_kernel<__nv_bfloat16, 8>(__nv_bfloat16 const*, __nv_fp8_e4m3*, float*, unsigned int)	act_quant	1.66	0.10	[12, 1, 1]
770	fused_moe_kernel	moe_gemm	126.53	-0.19	[4224, 1, 1]
771	void sglang::act_and_mul_kernel<__nv_bfloat16, (sglang::ActivationKind)1, true, false, false, false>(sglang::ActivationParams)	elementwise_copy	45.28	-44.16	[17, 1, 1]
772	void sglang::per_token_quant_fp8_cta_kernel<__nv_bfloat16, 8>(__nv_bfloat16 const*, __nv_fp8_e4m3*, float*, unsigned int)	act_quant	1.38	0.10	[96, 1, 1]
773	fused_moe_kernel	moe_gemm	64.22	-0.19	[8448, 1, 1]
774	_moe_sum_reduce_kernel	moe_route	4.38	-3.23	[12, 2, 1]
775	_gemma_dual_rmsnorm_residual_kernel	norm_rope_kv	2.27	0.09	[12, 1, 1]
776	kernel_cutlass_kernel_flashinfernormkernelsrmsnormRMSNormKernel_object_at__tensorptrbf16gmemalign128oi64281628161_tensorptrbf16gmemalign16o28161_tensorptrbf16gmemalign128oi64281628161___T_0	norm_rope_kv	2.56	0.22	[3, 1, 1]
777	void sglang::per_token_quant_fp8_cta_kernel<__nv_bfloat16, 8>(__nv_bfloat16 const*, __nv_fp8_e4m3*, float*, unsigned int)	act_quant	1.50	0.10	[12, 1, 1]
778	_ZN7cutlass13device_kernelINS_4gemm6kernel13GemmUniversalIN4cute5tupleIJiiiiEEENS1_10collective13CollectiveMmaINS1_31MainloopSm120TmaWarpSpecializedILi2ELi2ENS5_IJNS4_1CILi1EEESB_SB_EEENS1_40KernelTmaWarpSpecializedCooperativeSm120ILi2EEEEENS5_IJNSA_ILi128EEESG_SG_EEENS_12float_e4m3_tENS5_IJlSB_lEEESI_SJ_NS4_8TiledMMAINS4_8MMA_AtomIJNS4_16SM120_16x8x32_TNISI_SI_fEEEEENS4_6LayoutINS5_IJNSA_ILi4EEENSA_ILi2EEESB_EEENS5_IJSB_SQ_NSA_ILi0EEEEEEEENS5_IJSG_NSA_ILi32EEESW_EEEEENS4_13SM90_TMA_LOADENS4_14ComposedLayoutINS4_7SwizzleILi3ELi4ELi3EEENS4_18smem_ptr_flag_bitsILi8EEENSP_INS5_IJNSA_ILi8EEESG_EEENS5_IJSG_SB_EEEEEEENS4_9Copy_AtomIJNS4_17SM75_U32x4_LDSM_NEhEEENS4_8identityESZ_S19_S1C_S1D_EENS_8epilogue10collective18CollectiveEpilogueINS1F_22Sm90TmaWarpSpecializedILi2ELi2ELi4ELb0ELb1EEEJSH_NS5_IJNSA_ILi64EEESW_EEEvSJ_NS_10bfloat16_tESJ_NS1F_6fusion15Sm90TreeVisitorINS1N_11Sm90ComputeINS_10multipliesES1M_fLNS_15FloatRoundStyleE2EvEEJNS1N_16Sm90ColBroadcastILi0ESH_ffNS5_IJSB_ST_ST_EEELi4ELb1EEENS1O_INS1P_IS1Q_ffLS1R_2EvEEJNS1N_16Sm90RowBroadcastILi0ESH_ffNS5_IJST_SB_ST_EEELi4ELb1EEENS1N_12Sm90AccFetchEEEEEEESZ_NS10_INS11_ILi2ELi4ELi3EEENS13_ILi16EEENSP_INS5_IJS15_SW_EEENS5_IJSW_SB_EEEEEEENS4_17SM75_U32x2_LDSM_NENS4_14SM90_TMA_STOREES28_NS4_17SM90_U32x2_STSM_NENS1A_IJS2B_NS_6half_tEEEEvEEEvvEEEEvNT_6ParamsE	dense_gemm	36.19	0.10	[1, 64, 1]
779	_gemma_qkv_rmsnorm_kernel	norm_rope_kv	1.53	0.13	[12, 32, 1]
780	void sglang::fused_rope_kernel<true, 256l, true, __nv_bfloat16, __nv_bfloat16, long, 32u>(sglang::FusedRopeParams)	norm_rope_kv	1.50	0.19	[72, 1, 1]
781	void at::native::elementwise_kernel<128, 4, at::native::gpu_kernel_impl_nocast<at::native::BUnaryFunctor<c10::BFloat16, c10::BFloat16, c10::BFloat16, at::native::binary_internal::MulFunctor<float> > >(at::TensorIteratorBase&, at::native::BUnaryFunctor<c10::BFloat16, c10::BFloat16, c10::BFloat16, at::native::binary_internal::MulFunctor<float> > const&)::{lambda(int)#1}>(int, at::native::gpu_kernel_impl_nocast<at::native::BUnaryFunctor<c10::BFloat16, c10::BFloat16, c10::BFloat16, at::native::binary_internal::MulFunctor<float> > >(at::TensorIteratorBase&, at::native::BUnaryFunctor<c10::BFloat16, c10::BFloat16, c10::BFloat16, at::native::binary_internal::MulFunctor<float> > const&)::{lambda(int)#1})	elementwise_copy	1.70	0.10	[48, 1, 1]
782	void at::native::elementwise_kernel<128, 4, at::native::gpu_kernel_impl_nocast<at::native::BUnaryFunctor<c10::BFloat16, c10::BFloat16, c10::BFloat16, at::native::binary_internal::MulFunctor<float> > >(at::TensorIteratorBase&, at::native::BUnaryFunctor<c10::BFloat16, c10::BFloat16, c10::BFloat16, at::native::binary_internal::MulFunctor<float> > const&)::{lambda(int)#1}>(int, at::native::gpu_kernel_impl_nocast<at::native::BUnaryFunctor<c10::BFloat16, c10::BFloat16, c10::BFloat16, at::native::binary_internal::MulFunctor<float> > >(at::TensorIteratorBase&, at::native::BUnaryFunctor<c10::BFloat16, c10::BFloat16, c10::BFloat16, at::native::binary_internal::MulFunctor<float> > const&)::{lambda(int)#1})	elementwise_copy	1.47	0.10	[48, 1, 1]
783	void at::native::elementwise_kernel<128, 4, at::native::gpu_kernel_impl_nocast<at::native::ConvertToFloat8E4M3fnOp<c10::BFloat16> >(at::TensorIteratorBase&, at::native::ConvertToFloat8E4M3fnOp<c10::BFloat16> const&)::{lambda(int)#1}>(int, at::native::gpu_kernel_impl_nocast<at::native::ConvertToFloat8E4M3fnOp<c10::BFloat16> >(at::TensorIteratorBase&, at::native::ConvertToFloat8E4M3fnOp<c10::BFloat16> const&)::{lambda(int)#1})	elementwise_copy	1.66	0.10	[48, 1, 1]
784	void at::native::elementwise_kernel<128, 4, at::native::gpu_kernel_impl_nocast<at::native::ConvertToFloat8E4M3fnOp<c10::BFloat16> >(at::TensorIteratorBase&, at::native::ConvertToFloat8E4M3fnOp<c10::BFloat16> const&)::{lambda(int)#1}>(int, at::native::gpu_kernel_impl_nocast<at::native::ConvertToFloat8E4M3fnOp<c10::BFloat16> >(at::TensorIteratorBase&, at::native::ConvertToFloat8E4M3fnOp<c10::BFloat16> const&)::{lambda(int)#1})	elementwise_copy	1.70	0.10	[48, 1, 1]
785	void sglang::store_kvcache_kernel<2048l, 2048l, 128u, true, long>(sglang::StoreKVCacheParams)	norm_rope_kv	1.02	0.22	[48, 1, 1]
786	_fwd_grouped_kernel_stage1	attention	39.42	0.10	[12, 8, 8]
787	_fwd_kernel_stage2	attention	2.24	0.22	[12, 16, 1]
788	void sglang::per_token_quant_fp8_cta_kernel<__nv_bfloat16, 8>(__nv_bfloat16 const*, __nv_fp8_e4m3*, float*, unsigned int)	act_quant	1.57	0.10	[12, 1, 1]
789	_ZN7cutlass13device_kernelINS_4gemm6kernel13GemmUniversalIN4cute5tupleIJiiiiEEENS1_10collective13CollectiveMmaINS1_31MainloopSm120TmaWarpSpecializedILi2ELi2ENS5_IJNS4_1CILi1EEESB_SB_EEENS1_40KernelTmaWarpSpecializedCooperativeSm120ILi2EEEEENS5_IJNSA_ILi128EEESG_SG_EEENS_12float_e4m3_tENS5_IJlSB_lEEESI_SJ_NS4_8TiledMMAINS4_8MMA_AtomIJNS4_16SM120_16x8x32_TNISI_SI_fEEEEENS4_6LayoutINS5_IJNSA_ILi4EEENSA_ILi2EEESB_EEENS5_IJSB_SQ_NSA_ILi0EEEEEEEENS5_IJSG_NSA_ILi32EEESW_EEEEENS4_13SM90_TMA_LOADENS4_14ComposedLayoutINS4_7SwizzleILi3ELi4ELi3EEENS4_18smem_ptr_flag_bitsILi8EEENSP_INS5_IJNSA_ILi8EEESG_EEENS5_IJSG_SB_EEEEEEENS4_9Copy_AtomIJNS4_17SM75_U32x4_LDSM_NEhEEENS4_8identityESZ_S19_S1C_S1D_EENS_8epilogue10collective18CollectiveEpilogueINS1F_22Sm90TmaWarpSpecializedILi2ELi2ELi4ELb0ELb1EEEJSH_NS5_IJNSA_ILi64EEESW_EEEvSJ_NS_10bfloat16_tESJ_NS1F_6fusion15Sm90TreeVisitorINS1N_11Sm90ComputeINS_10multipliesES1M_fLNS_15FloatRoundStyleE2EvEEJNS1N_16Sm90ColBroadcastILi0ESH_ffNS5_IJSB_ST_ST_EEELi4ELb1EEENS1O_INS1P_IS1Q_ffLS1R_2EvEEJNS1N_16Sm90RowBroadcastILi0ESH_ffNS5_IJST_SB_ST_EEELi4ELb1EEENS1N_12Sm90AccFetchEEEEEEESZ_NS10_INS11_ILi2ELi4ELi3EEENS13_ILi16EEENSP_INS5_IJS15_SW_EEENS5_IJSW_SB_EEEEEEENS4_17SM75_U32x2_LDSM_NENS4_14SM90_TMA_STOREES28_NS4_17SM90_U32x2_STSM_NENS1A_IJS2B_NS_6half_tEEEEvEEEvvEEEEvNT_6ParamsE	dense_gemm	49.63	0.06	[1, 22, 1]
790	kernel_cutlass_kernel_flashinfernormkernelsrmsnormRMSNormKernel_object_at__tensorptrbf16gmemalign128oi64281628161_tensorptrbf16gmemalign16o28161_tensorptrbf16gmemalign128oi64281628161___T_0	norm_rope_kv	2.59	-0.19	[3, 1, 1]
791	kernel_cutlass_kernel_flashinfernormkernelsfused_add_rmsnormFusedAddRMSNormKernel_object_at__tensorptrbf16gmemalign128oi64281628161_tensorptrbf16gmemalign128oi64281628161_tensorptrbf16gme_0	norm_rope_kv	2.46	-0.16	[3, 1, 1]
792	void sglang::per_token_quant_fp8_cta_kernel<__nv_bfloat16, 8>(__nv_bfloat16 const*, __nv_fp8_e4m3*, float*, unsigned int)	act_quant	1.50	0.10	[12, 1, 1]
793	_ZN7cutlass13device_kernelINS_4gemm6kernel13GemmUniversalIN4cute5tupleIJiiiiEEENS1_10collective13CollectiveMmaINS1_31MainloopSm120TmaWarpSpecializedILi2ELi2ENS5_IJNS4_1CILi1EEESB_SB_EEENS1_40KernelTmaWarpSpecializedCooperativeSm120ILi2EEEEENS5_IJNSA_ILi128EEESG_SG_EEENS_12float_e4m3_tENS5_IJlSB_lEEESI_SJ_NS4_8TiledMMAINS4_8MMA_AtomIJNS4_16SM120_16x8x32_TNISI_SI_fEEEEENS4_6LayoutINS5_IJNSA_ILi4EEENSA_ILi2EEESB_EEENS5_IJSB_SQ_NSA_ILi0EEEEEEEENS5_IJSG_NSA_ILi32EEESW_EEEEENS4_13SM90_TMA_LOADENS4_14ComposedLayoutINS4_7SwizzleILi3ELi4ELi3EEENS4_18smem_ptr_flag_bitsILi8EEENSP_INS5_IJNSA_ILi8EEESG_EEENS5_IJSG_SB_EEEEEEENS4_9Copy_AtomIJNS4_17SM75_U32x4_LDSM_NEhEEENS4_8identityESZ_S19_S1C_S1D_EENS_8epilogue10collective18CollectiveEpilogueINS1F_22Sm90TmaWarpSpecializedILi2ELi2ELi4ELb0ELb1EEEJSH_NS5_IJNSA_ILi64EEESW_EEEvSJ_NS_10bfloat16_tESJ_NS1F_6fusion15Sm90TreeVisitorINS1N_11Sm90ComputeINS_10multipliesES1M_fLNS_15FloatRoundStyleE2EvEEJNS1N_16Sm90ColBroadcastILi0ESH_ffNS5_IJSB_ST_ST_EEELi4ELb1EEENS1O_INS1P_IS1Q_ffLS1R_2EvEEJNS1N_16Sm90RowBroadcastILi0ESH_ffNS5_IJST_SB_ST_EEELi4ELb1EEENS1N_12Sm90AccFetchEEEEEEESZ_NS10_INS11_ILi2ELi4ELi3EEENS13_ILi16EEENSP_INS5_IJS15_SW_EEENS5_IJSW_SB_EEEEEEENS4_17SM75_U32x2_LDSM_NENS4_14SM90_TMA_STOREES28_NS4_17SM90_U32x2_STSM_NENS1A_IJS2B_NS_6half_tEEEEvEEEvvEEEEvNT_6ParamsE	dense_gemm	35.42	0.10	[1, 33, 1]
794	void sglang::act_and_mul_kernel<__nv_bfloat16, (sglang::ActivationKind)2, true, false, false, false>(sglang::ActivationParams)	elementwise_copy	1.47	0.19	[7, 1, 1]
795	void sglang::per_token_quant_fp8_cta_kernel<__nv_bfloat16, 8>(__nv_bfloat16 const*, __nv_fp8_e4m3*, float*, unsigned int)	act_quant	1.47	0.10	[12, 1, 1]
796	_ZN7cutlass13device_kernelINS_4gemm6kernel13GemmUniversalIN4cute5tupleIJiiiiEEENS1_10collective13CollectiveMmaINS1_31MainloopSm120TmaWarpSpecializedILi2ELi2ENS5_IJNS4_1CILi1EEESB_SB_EEENS1_40KernelTmaWarpSpecializedCooperativeSm120ILi2EEEEENS5_IJNSA_ILi128EEESG_SG_EEENS_12float_e4m3_tENS5_IJlSB_lEEESI_SJ_NS4_8TiledMMAINS4_8MMA_AtomIJNS4_16SM120_16x8x32_TNISI_SI_fEEEEENS4_6LayoutINS5_IJNSA_ILi4EEENSA_ILi2EEESB_EEENS5_IJSB_SQ_NSA_ILi0EEEEEEEENS5_IJSG_NSA_ILi32EEESW_EEEEENS4_13SM90_TMA_LOADENS4_14ComposedLayoutINS4_7SwizzleILi3ELi4ELi3EEENS4_18smem_ptr_flag_bitsILi8EEENSP_INS5_IJNSA_ILi8EEESG_EEENS5_IJSG_SB_EEEEEEENS4_9Copy_AtomIJNS4_17SM75_U32x4_LDSM_NEhEEENS4_8identityESZ_S19_S1C_S1D_EENS_8epilogue10collective18CollectiveEpilogueINS1F_22Sm90TmaWarpSpecializedILi2ELi2ELi4ELb0ELb1EEEJSH_NS5_IJNSA_ILi64EEESW_EEEvSJ_NS_10bfloat16_tESJ_NS1F_6fusion15Sm90TreeVisitorINS1N_11Sm90ComputeINS_10multipliesES1M_fLNS_15FloatRoundStyleE2EvEEJNS1N_16Sm90ColBroadcastILi0ESH_ffNS5_IJSB_ST_ST_EEELi4ELb1EEENS1O_INS1P_IS1Q_ffLS1R_2EvEEJNS1N_16Sm90RowBroadcastILi0ESH_ffNS5_IJST_SB_ST_EEELi4ELb1EEENS1N_12Sm90AccFetchEEEEEEESZ_NS10_INS11_ILi2ELi4ELi3EEENS13_ILi16EEENSP_INS5_IJS15_SW_EEENS5_IJSW_SB_EEEEEEENS4_17SM75_U32x2_LDSM_NENS4_14SM90_TMA_STOREES28_NS4_17SM90_U32x2_STSM_NENS1A_IJS2B_NS_6half_tEEEEvEEEvvEEEEvNT_6ParamsE	dense_gemm	28.19	0.10	[1, 22, 1]
797	kernel_cutlass_kernel_flashinfernormkernelsrmsnormRMSNormKernel_object_at__tensorptrbf16gmemalign128oi64281628161_tensorptrbf16gmemalign16o28161_tensorptrbf16gmemalign128oi64281628161___T_0	norm_rope_kv	2.30	0.22	[3, 1, 1]
798	void cutlass::Kernel2<cutlass_80_wmma_tensorop_bf16_s161616gemm_bf16_16x16_128x2_tn_align8>(cutlass_80_wmma_tensorop_bf16_s161616gemm_bf16_16x16_128x2_tn_align8::Params)	dense_gemm	3.33	0.10	[8, 1, 9]
799	void cublasLt::splitKreduce_kernel<32, 16, int, __nv_bfloat16, __nv_bfloat16, float, __nv_bfloat16, false, __nv_bfloat16, __nv_bfloat16, __nv_bfloat16, true, false, false, false>(cublasLt::cublasSplitKParams<float>, __nv_bfloat16 const*, __nv_bfloat16 const*, __nv_bfloat16*, __nv_bfloat16*, float const*, float const*, __nv_bfloat16 const*, __nv_bfloat16 const*, __nv_bfloat16*, void*, long, float*, int*, float*, float*, float const*, float const*, float const*, float const*, float const*)	dense_gemm	1.31	0.10	[4, 1, 1]
800	kernel_cutlass_kernel_flashinfernormkernelsrmsnormRMSNormKernel_object_at__tensorptrbf16gmemalign128oi64281628161_tensorptrbf16gmemalign16o28161_tensorptrbf16gmemalign128oi64281628161___T_0	norm_rope_kv	2.50	-0.32	[3, 1, 1]
801	_gemma4_routing_kernel	moe_route	1.60	0.10	[12, 1, 1]
802	void moe_align_block_size_kernel<int>(int const*, int*, int*, int*, int, int, unsigned long, int*, bool, bool, int, int)	moe_route	2.08	0.10	[2, 1, 1]
803	void count_and_sort_expert_tokens_kernel<int>(int const*, int*, int*, unsigned long, bool)	moe_route	1.02	0.10	[1, 1, 1]
804	void sglang::per_token_quant_fp8_cta_kernel<__nv_bfloat16, 8>(__nv_bfloat16 const*, __nv_fp8_e4m3*, float*, unsigned int)	act_quant	1.70	0.06	[12, 1, 1]
805	fused_moe_kernel	moe_gemm	124.42	-0.19	[4224, 1, 1]
806	void sglang::act_and_mul_kernel<__nv_bfloat16, (sglang::ActivationKind)1, true, false, false, false>(sglang::ActivationParams)	elementwise_copy	48.00	-46.62	[17, 1, 1]
807	void sglang::per_token_quant_fp8_cta_kernel<__nv_bfloat16, 8>(__nv_bfloat16 const*, __nv_fp8_e4m3*, float*, unsigned int)	act_quant	1.54	0.10	[96, 1, 1]
808	fused_moe_kernel	moe_gemm	63.04	-0.35	[8448, 1, 1]
809	_moe_sum_reduce_kernel	moe_route	3.81	-2.59	[12, 2, 1]
810	_gemma_dual_rmsnorm_residual_kernel	norm_rope_kv	2.30	0.10	[12, 1, 1]
811	kernel_cutlass_kernel_flashinfernormkernelsrmsnormRMSNormKernel_object_at__tensorptrbf16gmemalign128oi64281628161_tensorptrbf16gmemalign16o28161_tensorptrbf16gmemalign128oi64281628161___T_0	norm_rope_kv	2.34	0.22	[3, 1, 1]
812	void sglang::per_token_quant_fp8_cta_kernel<__nv_bfloat16, 8>(__nv_bfloat16 const*, __nv_fp8_e4m3*, float*, unsigned int)	act_quant	1.50	0.10	[12, 1, 1]
813	_ZN7cutlass13device_kernelINS_4gemm6kernel13GemmUniversalIN4cute5tupleIJiiiiEEENS1_10collective13CollectiveMmaINS1_31MainloopSm120TmaWarpSpecializedILi2ELi2ENS5_IJNS4_1CILi1EEESB_SB_EEENS1_40KernelTmaWarpSpecializedCooperativeSm120ILi2EEEEENS5_IJNSA_ILi128EEESG_SG_EEENS_12float_e4m3_tENS5_IJlSB_lEEESI_SJ_NS4_8TiledMMAINS4_8MMA_AtomIJNS4_16SM120_16x8x32_TNISI_SI_fEEEEENS4_6LayoutINS5_IJNSA_ILi4EEENSA_ILi2EEESB_EEENS5_IJSB_SQ_NSA_ILi0EEEEEEEENS5_IJSG_NSA_ILi32EEESW_EEEEENS4_13SM90_TMA_LOADENS4_14ComposedLayoutINS4_7SwizzleILi3ELi4ELi3EEENS4_18smem_ptr_flag_bitsILi8EEENSP_INS5_IJNSA_ILi8EEESG_EEENS5_IJSG_SB_EEEEEEENS4_9Copy_AtomIJNS4_17SM75_U32x4_LDSM_NEhEEENS4_8identityESZ_S19_S1C_S1D_EENS_8epilogue10collective18CollectiveEpilogueINS1F_22Sm90TmaWarpSpecializedILi2ELi2ELi4ELb0ELb1EEEJSH_NS5_IJNSA_ILi64EEESW_EEEvSJ_NS_10bfloat16_tESJ_NS1F_6fusion15Sm90TreeVisitorINS1N_11Sm90ComputeINS_10multipliesES1M_fLNS_15FloatRoundStyleE2EvEEJNS1N_16Sm90ColBroadcastILi0ESH_ffNS5_IJSB_ST_ST_EEELi4ELb1EEENS1O_INS1P_IS1Q_ffLS1R_2EvEEJNS1N_16Sm90RowBroadcastILi0ESH_ffNS5_IJST_SB_ST_EEELi4ELb1EEENS1N_12Sm90AccFetchEEEEEEESZ_NS10_INS11_ILi2ELi4ELi3EEENS13_ILi16EEENSP_INS5_IJS15_SW_EEENS5_IJSW_SB_EEEEEEENS4_17SM75_U32x2_LDSM_NENS4_14SM90_TMA_STOREES28_NS4_17SM90_U32x2_STSM_NENS1A_IJS2B_NS_6half_tEEEEvEEEvvEEEEvNT_6ParamsE	dense_gemm	36.77	0.10	[1, 80, 1]
814	_gemma_qkv_rmsnorm_kernel	norm_rope_kv	1.60	0.10	[12, 20, 1]
815	void sglang::fused_rope_kernel<true, 512l, true, __nv_bfloat16, __nv_bfloat16, long, 64u>(sglang::FusedRopeParams)	norm_rope_kv	1.41	0.22	[108, 1, 1]
816	void at::native::elementwise_kernel<128, 4, at::native::gpu_kernel_impl_nocast<at::native::BUnaryFunctor<c10::BFloat16, c10::BFloat16, c10::BFloat16, at::native::binary_internal::MulFunctor<float> > >(at::TensorIteratorBase&, at::native::BUnaryFunctor<c10::BFloat16, c10::BFloat16, c10::BFloat16, at::native::binary_internal::MulFunctor<float> > const&)::{lambda(int)#1}>(int, at::native::gpu_kernel_impl_nocast<at::native::BUnaryFunctor<c10::BFloat16, c10::BFloat16, c10::BFloat16, at::native::binary_internal::MulFunctor<float> > >(at::TensorIteratorBase&, at::native::BUnaryFunctor<c10::BFloat16, c10::BFloat16, c10::BFloat16, at::native::binary_internal::MulFunctor<float> > const&)::{lambda(int)#1})	elementwise_copy	1.73	0.06	[24, 1, 1]
817	void at::native::elementwise_kernel<128, 4, at::native::gpu_kernel_impl_nocast<at::native::BUnaryFunctor<c10::BFloat16, c10::BFloat16, c10::BFloat16, at::native::binary_internal::MulFunctor<float> > >(at::TensorIteratorBase&, at::native::BUnaryFunctor<c10::BFloat16, c10::BFloat16, c10::BFloat16, at::native::binary_internal::MulFunctor<float> > const&)::{lambda(int)#1}>(int, at::native::gpu_kernel_impl_nocast<at::native::BUnaryFunctor<c10::BFloat16, c10::BFloat16, c10::BFloat16, at::native::binary_internal::MulFunctor<float> > >(at::TensorIteratorBase&, at::native::BUnaryFunctor<c10::BFloat16, c10::BFloat16, c10::BFloat16, at::native::binary_internal::MulFunctor<float> > const&)::{lambda(int)#1})	elementwise_copy	1.47	0.10	[24, 1, 1]
818	void at::native::elementwise_kernel<128, 4, at::native::gpu_kernel_impl_nocast<at::native::ConvertToFloat8E4M3fnOp<c10::BFloat16> >(at::TensorIteratorBase&, at::native::ConvertToFloat8E4M3fnOp<c10::BFloat16> const&)::{lambda(int)#1}>(int, at::native::gpu_kernel_impl_nocast<at::native::ConvertToFloat8E4M3fnOp<c10::BFloat16> >(at::TensorIteratorBase&, at::native::ConvertToFloat8E4M3fnOp<c10::BFloat16> const&)::{lambda(int)#1})	elementwise_copy	1.66	0.10	[24, 1, 1]
819	void at::native::elementwise_kernel<128, 4, at::native::gpu_kernel_impl_nocast<at::native::ConvertToFloat8E4M3fnOp<c10::BFloat16> >(at::TensorIteratorBase&, at::native::ConvertToFloat8E4M3fnOp<c10::BFloat16> const&)::{lambda(int)#1}>(int, at::native::gpu_kernel_impl_nocast<at::native::ConvertToFloat8E4M3fnOp<c10::BFloat16> >(at::TensorIteratorBase&, at::native::ConvertToFloat8E4M3fnOp<c10::BFloat16> const&)::{lambda(int)#1})	elementwise_copy	1.60	0.10	[24, 1, 1]
820	void sglang::store_kvcache_kernel<1024l, 1024l, 64u, true, long>(sglang::StoreKVCacheParams)	norm_rope_kv	1.02	0.22	[24, 1, 1]
821	_fwd_grouped_kernel_stage1	attention	122.88	0.10	[12, 2, 8]
822	_fwd_kernel_stage2	attention	2.66	0.19	[12, 16, 1]
823	void sglang::per_token_quant_fp8_cta_kernel<__nv_bfloat16, 8>(__nv_bfloat16 const*, __nv_fp8_e4m3*, float*, unsigned int)	act_quant	1.82	0.10	[12, 1, 1]
824	_ZN7cutlass13device_kernelINS_4gemm6kernel13GemmUniversalIN4cute5tupleIJiiiiEEENS1_10collective13CollectiveMmaINS1_31MainloopSm120TmaWarpSpecializedILi2ELi2ENS5_IJNS4_1CILi1EEESB_SB_EEENS1_40KernelTmaWarpSpecializedCooperativeSm120ILi2EEEEENS5_IJNSA_ILi128EEESG_SG_EEENS_12float_e4m3_tENS5_IJlSB_lEEESI_SJ_NS4_8TiledMMAINS4_8MMA_AtomIJNS4_16SM120_16x8x32_TNISI_SI_fEEEEENS4_6LayoutINS5_IJNSA_ILi4EEENSA_ILi2EEESB_EEENS5_IJSB_SQ_NSA_ILi0EEEEEEEENS5_IJSG_NSA_ILi32EEESW_EEEEENS4_13SM90_TMA_LOADENS4_14ComposedLayoutINS4_7SwizzleILi3ELi4ELi3EEENS4_18smem_ptr_flag_bitsILi8EEENSP_INS5_IJNSA_ILi8EEESG_EEENS5_IJSG_SB_EEEEEEENS4_9Copy_AtomIJNS4_17SM75_U32x4_LDSM_NEhEEENS4_8identityESZ_S19_S1C_S1D_EENS_8epilogue10collective18CollectiveEpilogueINS1F_22Sm90TmaWarpSpecializedILi2ELi2ELi4ELb0ELb1EEEJSH_NS5_IJNSA_ILi64EEESW_EEEvSJ_NS_10bfloat16_tESJ_NS1F_6fusion15Sm90TreeVisitorINS1N_11Sm90ComputeINS_10multipliesES1M_fLNS_15FloatRoundStyleE2EvEEJNS1N_16Sm90ColBroadcastILi0ESH_ffNS5_IJSB_ST_ST_EEELi4ELb1EEENS1O_INS1P_IS1Q_ffLS1R_2EvEEJNS1N_16Sm90RowBroadcastILi0ESH_ffNS5_IJST_SB_ST_EEELi4ELb1EEENS1N_12Sm90AccFetchEEEEEEESZ_NS10_INS11_ILi2ELi4ELi3EEENS13_ILi16EEENSP_INS5_IJS15_SW_EEENS5_IJSW_SB_EEEEEEENS4_17SM75_U32x2_LDSM_NENS4_14SM90_TMA_STOREES28_NS4_17SM90_U32x2_STSM_NENS1A_IJS2B_NS_6half_tEEEEvEEEvvEEEEvNT_6ParamsE	dense_gemm	95.87	0.10	[1, 22, 1]
825	kernel_cutlass_kernel_flashinfernormkernelsrmsnormRMSNormKernel_object_at__tensorptrbf16gmemalign128oi64281628161_tensorptrbf16gmemalign16o28161_tensorptrbf16gmemalign128oi64281628161___T_0	norm_rope_kv	2.69	-0.19	[3, 1, 1]
826	kernel_cutlass_kernel_flashinfernormkernelsfused_add_rmsnormFusedAddRMSNormKernel_object_at__tensorptrbf16gmemalign128oi64281628161_tensorptrbf16gmemalign128oi64281628161_tensorptrbf16gme_0	norm_rope_kv	2.59	-0.22	[3, 1, 1]
827	void sglang::per_token_quant_fp8_cta_kernel<__nv_bfloat16, 8>(__nv_bfloat16 const*, __nv_fp8_e4m3*, float*, unsigned int)	act_quant	1.50	0.10	[12, 1, 1]
828	_ZN7cutlass13device_kernelINS_4gemm6kernel13GemmUniversalIN4cute5tupleIJiiiiEEENS1_10collective13CollectiveMmaINS1_31MainloopSm120TmaWarpSpecializedILi2ELi2ENS5_IJNS4_1CILi1EEESB_SB_EEENS1_40KernelTmaWarpSpecializedCooperativeSm120ILi2EEEEENS5_IJNSA_ILi128EEESG_SG_EEENS_12float_e4m3_tENS5_IJlSB_lEEESI_SJ_NS4_8TiledMMAINS4_8MMA_AtomIJNS4_16SM120_16x8x32_TNISI_SI_fEEEEENS4_6LayoutINS5_IJNSA_ILi4EEENSA_ILi2EEESB_EEENS5_IJSB_SQ_NSA_ILi0EEEEEEEENS5_IJSG_NSA_ILi32EEESW_EEEEENS4_13SM90_TMA_LOADENS4_14ComposedLayoutINS4_7SwizzleILi3ELi4ELi3EEENS4_18smem_ptr_flag_bitsILi8EEENSP_INS5_IJNSA_ILi8EEESG_EEENS5_IJSG_SB_EEEEEEENS4_9Copy_AtomIJNS4_17SM75_U32x4_LDSM_NEhEEENS4_8identityESZ_S19_S1C_S1D_EENS_8epilogue10collective18CollectiveEpilogueINS1F_22Sm90TmaWarpSpecializedILi2ELi2ELi4ELb0ELb1EEEJSH_NS5_IJNSA_ILi64EEESW_EEEvSJ_NS_10bfloat16_tESJ_NS1F_6fusion15Sm90TreeVisitorINS1N_11Sm90ComputeINS_10multipliesES1M_fLNS_15FloatRoundStyleE2EvEEJNS1N_16Sm90ColBroadcastILi0ESH_ffNS5_IJSB_ST_ST_EEELi4ELb1EEENS1O_INS1P_IS1Q_ffLS1R_2EvEEJNS1N_16Sm90RowBroadcastILi0ESH_ffNS5_IJST_SB_ST_EEELi4ELb1EEENS1N_12Sm90AccFetchEEEEEEESZ_NS10_INS11_ILi2ELi4ELi3EEENS13_ILi16EEENSP_INS5_IJS15_SW_EEENS5_IJSW_SB_EEEEEEENS4_17SM75_U32x2_LDSM_NENS4_14SM90_TMA_STOREES28_NS4_17SM90_U32x2_STSM_NENS1A_IJS2B_NS_6half_tEEEEvEEEvvEEEEvNT_6ParamsE	dense_gemm	35.49	0.10	[1, 33, 1]
829	void sglang::act_and_mul_kernel<__nv_bfloat16, (sglang::ActivationKind)2, true, false, false, false>(sglang::ActivationParams)	elementwise_copy	1.47	0.22	[7, 1, 1]
830	void sglang::per_token_quant_fp8_cta_kernel<__nv_bfloat16, 8>(__nv_bfloat16 const*, __nv_fp8_e4m3*, float*, unsigned int)	act_quant	1.50	0.06	[12, 1, 1]
831	_ZN7cutlass13device_kernelINS_4gemm6kernel13GemmUniversalIN4cute5tupleIJiiiiEEENS1_10collective13CollectiveMmaINS1_31MainloopSm120TmaWarpSpecializedILi2ELi2ENS5_IJNS4_1CILi1EEESB_SB_EEENS1_40KernelTmaWarpSpecializedCooperativeSm120ILi2EEEEENS5_IJNSA_ILi128EEESG_SG_EEENS_12float_e4m3_tENS5_IJlSB_lEEESI_SJ_NS4_8TiledMMAINS4_8MMA_AtomIJNS4_16SM120_16x8x32_TNISI_SI_fEEEEENS4_6LayoutINS5_IJNSA_ILi4EEENSA_ILi2EEESB_EEENS5_IJSB_SQ_NSA_ILi0EEEEEEEENS5_IJSG_NSA_ILi32EEESW_EEEEENS4_13SM90_TMA_LOADENS4_14ComposedLayoutINS4_7SwizzleILi3ELi4ELi3EEENS4_18smem_ptr_flag_bitsILi8EEENSP_INS5_IJNSA_ILi8EEESG_EEENS5_IJSG_SB_EEEEEEENS4_9Copy_AtomIJNS4_17SM75_U32x4_LDSM_NEhEEENS4_8identityESZ_S19_S1C_S1D_EENS_8epilogue10collective18CollectiveEpilogueINS1F_22Sm90TmaWarpSpecializedILi2ELi2ELi4ELb0ELb1EEEJSH_NS5_IJNSA_ILi64EEESW_EEEvSJ_NS_10bfloat16_tESJ_NS1F_6fusion15Sm90TreeVisitorINS1N_11Sm90ComputeINS_10multipliesES1M_fLNS_15FloatRoundStyleE2EvEEJNS1N_16Sm90ColBroadcastILi0ESH_ffNS5_IJSB_ST_ST_EEELi4ELb1EEENS1O_INS1P_IS1Q_ffLS1R_2EvEEJNS1N_16Sm90RowBroadcastILi0ESH_ffNS5_IJST_SB_ST_EEELi4ELb1EEENS1N_12Sm90AccFetchEEEEEEESZ_NS10_INS11_ILi2ELi4ELi3EEENS13_ILi16EEENSP_INS5_IJS15_SW_EEENS5_IJSW_SB_EEEEEEENS4_17SM75_U32x2_LDSM_NENS4_14SM90_TMA_STOREES28_NS4_17SM90_U32x2_STSM_NENS1A_IJS2B_NS_6half_tEEEEvEEEvvEEEEvNT_6ParamsE	dense_gemm	28.10	0.10	[1, 22, 1]
832	kernel_cutlass_kernel_flashinfernormkernelsrmsnormRMSNormKernel_object_at__tensorptrbf16gmemalign128oi64281628161_tensorptrbf16gmemalign16o28161_tensorptrbf16gmemalign128oi64281628161___T_0	norm_rope_kv	2.40	0.19	[3, 1, 1]
833	void cutlass::Kernel2<cutlass_80_wmma_tensorop_bf16_s161616gemm_bf16_16x16_128x2_tn_align8>(cutlass_80_wmma_tensorop_bf16_s161616gemm_bf16_16x16_128x2_tn_align8::Params)	dense_gemm	3.62	0.06	[8, 1, 9]
834	void cublasLt::splitKreduce_kernel<32, 16, int, __nv_bfloat16, __nv_bfloat16, float, __nv_bfloat16, false, __nv_bfloat16, __nv_bfloat16, __nv_bfloat16, true, false, false, false>(cublasLt::cublasSplitKParams<float>, __nv_bfloat16 const*, __nv_bfloat16 const*, __nv_bfloat16*, __nv_bfloat16*, float const*, float const*, __nv_bfloat16 const*, __nv_bfloat16 const*, __nv_bfloat16*, void*, long, float*, int*, float*, float*, float const*, float const*, float const*, float const*, float const*)	dense_gemm	1.31	0.10	[4, 1, 1]
835	kernel_cutlass_kernel_flashinfernormkernelsrmsnormRMSNormKernel_object_at__tensorptrbf16gmemalign128oi64281628161_tensorptrbf16gmemalign16o28161_tensorptrbf16gmemalign128oi64281628161___T_0	norm_rope_kv	2.50	-0.39	[3, 1, 1]
836	_gemma4_routing_kernel	moe_route	1.63	0.06	[12, 1, 1]
837	void moe_align_block_size_kernel<int>(int const*, int*, int*, int*, int, int, unsigned long, int*, bool, bool, int, int)	moe_route	2.08	0.06	[2, 1, 1]
838	void count_and_sort_expert_tokens_kernel<int>(int const*, int*, int*, unsigned long, bool)	moe_route	1.02	0.10	[1, 1, 1]
839	void sglang::per_token_quant_fp8_cta_kernel<__nv_bfloat16, 8>(__nv_bfloat16 const*, __nv_fp8_e4m3*, float*, unsigned int)	act_quant	1.66	0.10	[12, 1, 1]
840	fused_moe_kernel	moe_gemm	127.81	-0.19	[4224, 1, 1]
841	void sglang::act_and_mul_kernel<__nv_bfloat16, (sglang::ActivationKind)1, true, false, false, false>(sglang::ActivationParams)	elementwise_copy	45.86	-44.54	[17, 1, 1]
842	void sglang::per_token_quant_fp8_cta_kernel<__nv_bfloat16, 8>(__nv_bfloat16 const*, __nv_fp8_e4m3*, float*, unsigned int)	act_quant	1.38	0.10	[96, 1, 1]
843	fused_moe_kernel	moe_gemm	64.22	-0.19	[8448, 1, 1]
844	_moe_sum_reduce_kernel	moe_route	4.10	-3.01	[12, 2, 1]
845	_gemma_dual_rmsnorm_residual_kernel	norm_rope_kv	2.34	0.10	[12, 1, 1]
846	kernel_cutlass_kernel_flashinfernormkernelsrmsnormRMSNormKernel_object_at__tensorptrbf16gmemalign128oi64281628161_tensorptrbf16gmemalign16o28161_tensorptrbf16gmemalign128oi64281628161___T_0	norm_rope_kv	2.30	0.19	[3, 1, 1]
847	void sglang::per_token_quant_fp8_cta_kernel<__nv_bfloat16, 8>(__nv_bfloat16 const*, __nv_fp8_e4m3*, float*, unsigned int)	act_quant	1.50	0.10	[12, 1, 1]
848	_ZN7cutlass13device_kernelINS_4gemm6kernel13GemmUniversalIN4cute5tupleIJiiiiEEENS1_10collective13CollectiveMmaINS1_31MainloopSm120TmaWarpSpecializedILi2ELi2ENS5_IJNS4_1CILi1EEESB_SB_EEENS1_40KernelTmaWarpSpecializedCooperativeSm120ILi2EEEEENS5_IJNSA_ILi128EEESG_SG_EEENS_12float_e4m3_tENS5_IJlSB_lEEESI_SJ_NS4_8TiledMMAINS4_8MMA_AtomIJNS4_16SM120_16x8x32_TNISI_SI_fEEEEENS4_6LayoutINS5_IJNSA_ILi4EEENSA_ILi2EEESB_EEENS5_IJSB_SQ_NSA_ILi0EEEEEEEENS5_IJSG_NSA_ILi32EEESW_EEEEENS4_13SM90_TMA_LOADENS4_14ComposedLayoutINS4_7SwizzleILi3ELi4ELi3EEENS4_18smem_ptr_flag_bitsILi8EEENSP_INS5_IJNSA_ILi8EEESG_EEENS5_IJSG_SB_EEEEEEENS4_9Copy_AtomIJNS4_17SM75_U32x4_LDSM_NEhEEENS4_8identityESZ_S19_S1C_S1D_EENS_8epilogue10collective18CollectiveEpilogueINS1F_22Sm90TmaWarpSpecializedILi2ELi2ELi4ELb0ELb1EEEJSH_NS5_IJNSA_ILi64EEESW_EEEvSJ_NS_10bfloat16_tESJ_NS1F_6fusion15Sm90TreeVisitorINS1N_11Sm90ComputeINS_10multipliesES1M_fLNS_15FloatRoundStyleE2EvEEJNS1N_16Sm90ColBroadcastILi0ESH_ffNS5_IJSB_ST_ST_EEELi4ELb1EEENS1O_INS1P_IS1Q_ffLS1R_2EvEEJNS1N_16Sm90RowBroadcastILi0ESH_ffNS5_IJST_SB_ST_EEELi4ELb1EEENS1N_12Sm90AccFetchEEEEEEESZ_NS10_INS11_ILi2ELi4ELi3EEENS13_ILi16EEENSP_INS5_IJS15_SW_EEENS5_IJSW_SB_EEEEEEENS4_17SM75_U32x2_LDSM_NENS4_14SM90_TMA_STOREES28_NS4_17SM90_U32x2_STSM_NENS1A_IJS2B_NS_6half_tEEEEvEEEvvEEEEvNT_6ParamsE	dense_gemm	35.97	0.10	[1, 64, 1]
849	_gemma_qkv_rmsnorm_kernel	norm_rope_kv	1.66	0.10	[12, 32, 1]
850	void sglang::fused_rope_kernel<true, 256l, true, __nv_bfloat16, __nv_bfloat16, long, 32u>(sglang::FusedRopeParams)	norm_rope_kv	1.41	0.22	[72, 1, 1]
851	void at::native::elementwise_kernel<128, 4, at::native::gpu_kernel_impl_nocast<at::native::BUnaryFunctor<c10::BFloat16, c10::BFloat16, c10::BFloat16, at::native::binary_internal::MulFunctor<float> > >(at::TensorIteratorBase&, at::native::BUnaryFunctor<c10::BFloat16, c10::BFloat16, c10::BFloat16, at::native::binary_internal::MulFunctor<float> > const&)::{lambda(int)#1}>(int, at::native::gpu_kernel_impl_nocast<at::native::BUnaryFunctor<c10::BFloat16, c10::BFloat16, c10::BFloat16, at::native::binary_internal::MulFunctor<float> > >(at::TensorIteratorBase&, at::native::BUnaryFunctor<c10::BFloat16, c10::BFloat16, c10::BFloat16, at::native::binary_internal::MulFunctor<float> > const&)::{lambda(int)#1})	elementwise_copy	1.73	0.10	[48, 1, 1]
852	void at::native::elementwise_kernel<128, 4, at::native::gpu_kernel_impl_nocast<at::native::BUnaryFunctor<c10::BFloat16, c10::BFloat16, c10::BFloat16, at::native::binary_internal::MulFunctor<float> > >(at::TensorIteratorBase&, at::native::BUnaryFunctor<c10::BFloat16, c10::BFloat16, c10::BFloat16, at::native::binary_internal::MulFunctor<float> > const&)::{lambda(int)#1}>(int, at::native::gpu_kernel_impl_nocast<at::native::BUnaryFunctor<c10::BFloat16, c10::BFloat16, c10::BFloat16, at::native::binary_internal::MulFunctor<float> > >(at::TensorIteratorBase&, at::native::BUnaryFunctor<c10::BFloat16, c10::BFloat16, c10::BFloat16, at::native::binary_internal::MulFunctor<float> > const&)::{lambda(int)#1})	elementwise_copy	1.47	0.06	[48, 1, 1]
853	void at::native::elementwise_kernel<128, 4, at::native::gpu_kernel_impl_nocast<at::native::ConvertToFloat8E4M3fnOp<c10::BFloat16> >(at::TensorIteratorBase&, at::native::ConvertToFloat8E4M3fnOp<c10::BFloat16> const&)::{lambda(int)#1}>(int, at::native::gpu_kernel_impl_nocast<at::native::ConvertToFloat8E4M3fnOp<c10::BFloat16> >(at::TensorIteratorBase&, at::native::ConvertToFloat8E4M3fnOp<c10::BFloat16> const&)::{lambda(int)#1})	elementwise_copy	1.66	0.10	[48, 1, 1]
854	void at::native::elementwise_kernel<128, 4, at::native::gpu_kernel_impl_nocast<at::native::ConvertToFloat8E4M3fnOp<c10::BFloat16> >(at::TensorIteratorBase&, at::native::ConvertToFloat8E4M3fnOp<c10::BFloat16> const&)::{lambda(int)#1}>(int, at::native::gpu_kernel_impl_nocast<at::native::ConvertToFloat8E4M3fnOp<c10::BFloat16> >(at::TensorIteratorBase&, at::native::ConvertToFloat8E4M3fnOp<c10::BFloat16> const&)::{lambda(int)#1})	elementwise_copy	1.60	0.10	[48, 1, 1]
855	void sglang::store_kvcache_kernel<2048l, 2048l, 128u, true, long>(sglang::StoreKVCacheParams)	norm_rope_kv	1.02	0.22	[48, 1, 1]
856	_fwd_grouped_kernel_stage1	attention	39.68	0.10	[12, 8, 8]
857	_fwd_kernel_stage2	attention	2.24	0.19	[12, 16, 1]
858	void sglang::per_token_quant_fp8_cta_kernel<__nv_bfloat16, 8>(__nv_bfloat16 const*, __nv_fp8_e4m3*, float*, unsigned int)	act_quant	1.57	0.10	[12, 1, 1]
859	_ZN7cutlass13device_kernelINS_4gemm6kernel13GemmUniversalIN4cute5tupleIJiiiiEEENS1_10collective13CollectiveMmaINS1_31MainloopSm120TmaWarpSpecializedILi2ELi2ENS5_IJNS4_1CILi1EEESB_SB_EEENS1_40KernelTmaWarpSpecializedCooperativeSm120ILi2EEEEENS5_IJNSA_ILi128EEESG_SG_EEENS_12float_e4m3_tENS5_IJlSB_lEEESI_SJ_NS4_8TiledMMAINS4_8MMA_AtomIJNS4_16SM120_16x8x32_TNISI_SI_fEEEEENS4_6LayoutINS5_IJNSA_ILi4EEENSA_ILi2EEESB_EEENS5_IJSB_SQ_NSA_ILi0EEEEEEEENS5_IJSG_NSA_ILi32EEESW_EEEEENS4_13SM90_TMA_LOADENS4_14ComposedLayoutINS4_7SwizzleILi3ELi4ELi3EEENS4_18smem_ptr_flag_bitsILi8EEENSP_INS5_IJNSA_ILi8EEESG_EEENS5_IJSG_SB_EEEEEEENS4_9Copy_AtomIJNS4_17SM75_U32x4_LDSM_NEhEEENS4_8identityESZ_S19_S1C_S1D_EENS_8epilogue10collective18CollectiveEpilogueINS1F_22Sm90TmaWarpSpecializedILi2ELi2ELi4ELb0ELb1EEEJSH_NS5_IJNSA_ILi64EEESW_EEEvSJ_NS_10bfloat16_tESJ_NS1F_6fusion15Sm90TreeVisitorINS1N_11Sm90ComputeINS_10multipliesES1M_fLNS_15FloatRoundStyleE2EvEEJNS1N_16Sm90ColBroadcastILi0ESH_ffNS5_IJSB_ST_ST_EEELi4ELb1EEENS1O_INS1P_IS1Q_ffLS1R_2EvEEJNS1N_16Sm90RowBroadcastILi0ESH_ffNS5_IJST_SB_ST_EEELi4ELb1EEENS1N_12Sm90AccFetchEEEEEEESZ_NS10_INS11_ILi2ELi4ELi3EEENS13_ILi16EEENSP_INS5_IJS15_SW_EEENS5_IJSW_SB_EEEEEEENS4_17SM75_U32x2_LDSM_NENS4_14SM90_TMA_STOREES28_NS4_17SM90_U32x2_STSM_NENS1A_IJS2B_NS_6half_tEEEEvEEEvvEEEEvNT_6ParamsE	dense_gemm	49.89	0.10	[1, 22, 1]
860	kernel_cutlass_kernel_flashinfernormkernelsrmsnormRMSNormKernel_object_at__tensorptrbf16gmemalign128oi64281628161_tensorptrbf16gmemalign16o28161_tensorptrbf16gmemalign128oi64281628161___T_0	norm_rope_kv	2.72	-0.22	[3, 1, 1]
861	kernel_cutlass_kernel_flashinfernormkernelsfused_add_rmsnormFusedAddRMSNormKernel_object_at__tensorptrbf16gmemalign128oi64281628161_tensorptrbf16gmemalign128oi64281628161_tensorptrbf16gme_0	norm_rope_kv	2.40	-0.19	[3, 1, 1]
862	void sglang::per_token_quant_fp8_cta_kernel<__nv_bfloat16, 8>(__nv_bfloat16 const*, __nv_fp8_e4m3*, float*, unsigned int)	act_quant	1.50	0.10	[12, 1, 1]
863	_ZN7cutlass13device_kernelINS_4gemm6kernel13GemmUniversalIN4cute5tupleIJiiiiEEENS1_10collective13CollectiveMmaINS1_31MainloopSm120TmaWarpSpecializedILi2ELi2ENS5_IJNS4_1CILi1EEESB_SB_EEENS1_40KernelTmaWarpSpecializedCooperativeSm120ILi2EEEEENS5_IJNSA_ILi128EEESG_SG_EEENS_12float_e4m3_tENS5_IJlSB_lEEESI_SJ_NS4_8TiledMMAINS4_8MMA_AtomIJNS4_16SM120_16x8x32_TNISI_SI_fEEEEENS4_6LayoutINS5_IJNSA_ILi4EEENSA_ILi2EEESB_EEENS5_IJSB_SQ_NSA_ILi0EEEEEEEENS5_IJSG_NSA_ILi32EEESW_EEEEENS4_13SM90_TMA_LOADENS4_14ComposedLayoutINS4_7SwizzleILi3ELi4ELi3EEENS4_18smem_ptr_flag_bitsILi8EEENSP_INS5_IJNSA_ILi8EEESG_EEENS5_IJSG_SB_EEEEEEENS4_9Copy_AtomIJNS4_17SM75_U32x4_LDSM_NEhEEENS4_8identityESZ_S19_S1C_S1D_EENS_8epilogue10collective18CollectiveEpilogueINS1F_22Sm90TmaWarpSpecializedILi2ELi2ELi4ELb0ELb1EEEJSH_NS5_IJNSA_ILi64EEESW_EEEvSJ_NS_10bfloat16_tESJ_NS1F_6fusion15Sm90TreeVisitorINS1N_11Sm90ComputeINS_10multipliesES1M_fLNS_15FloatRoundStyleE2EvEEJNS1N_16Sm90ColBroadcastILi0ESH_ffNS5_IJSB_ST_ST_EEELi4ELb1EEENS1O_INS1P_IS1Q_ffLS1R_2EvEEJNS1N_16Sm90RowBroadcastILi0ESH_ffNS5_IJST_SB_ST_EEELi4ELb1EEENS1N_12Sm90AccFetchEEEEEEESZ_NS10_INS11_ILi2ELi4ELi3EEENS13_ILi16EEENSP_INS5_IJS15_SW_EEENS5_IJSW_SB_EEEEEEENS4_17SM75_U32x2_LDSM_NENS4_14SM90_TMA_STOREES28_NS4_17SM90_U32x2_STSM_NENS1A_IJS2B_NS_6half_tEEEEvEEEvvEEEEvNT_6ParamsE	dense_gemm	35.52	0.09	[1, 33, 1]
864	void sglang::act_and_mul_kernel<__nv_bfloat16, (sglang::ActivationKind)2, true, false, false, false>(sglang::ActivationParams)	elementwise_copy	1.50	0.19	[7, 1, 1]
865	void sglang::per_token_quant_fp8_cta_kernel<__nv_bfloat16, 8>(__nv_bfloat16 const*, __nv_fp8_e4m3*, float*, unsigned int)	act_quant	1.47	0.06	[12, 1, 1]
866	_ZN7cutlass13device_kernelINS_4gemm6kernel13GemmUniversalIN4cute5tupleIJiiiiEEENS1_10collective13CollectiveMmaINS1_31MainloopSm120TmaWarpSpecializedILi2ELi2ENS5_IJNS4_1CILi1EEESB_SB_EEENS1_40KernelTmaWarpSpecializedCooperativeSm120ILi2EEEEENS5_IJNSA_ILi128EEESG_SG_EEENS_12float_e4m3_tENS5_IJlSB_lEEESI_SJ_NS4_8TiledMMAINS4_8MMA_AtomIJNS4_16SM120_16x8x32_TNISI_SI_fEEEEENS4_6LayoutINS5_IJNSA_ILi4EEENSA_ILi2EEESB_EEENS5_IJSB_SQ_NSA_ILi0EEEEEEEENS5_IJSG_NSA_ILi32EEESW_EEEEENS4_13SM90_TMA_LOADENS4_14ComposedLayoutINS4_7SwizzleILi3ELi4ELi3EEENS4_18smem_ptr_flag_bitsILi8EEENSP_INS5_IJNSA_ILi8EEESG_EEENS5_IJSG_SB_EEEEEEENS4_9Copy_AtomIJNS4_17SM75_U32x4_LDSM_NEhEEENS4_8identityESZ_S19_S1C_S1D_EENS_8epilogue10collective18CollectiveEpilogueINS1F_22Sm90TmaWarpSpecializedILi2ELi2ELi4ELb0ELb1EEEJSH_NS5_IJNSA_ILi64EEESW_EEEvSJ_NS_10bfloat16_tESJ_NS1F_6fusion15Sm90TreeVisitorINS1N_11Sm90ComputeINS_10multipliesES1M_fLNS_15FloatRoundStyleE2EvEEJNS1N_16Sm90ColBroadcastILi0ESH_ffNS5_IJSB_ST_ST_EEELi4ELb1EEENS1O_INS1P_IS1Q_ffLS1R_2EvEEJNS1N_16Sm90RowBroadcastILi0ESH_ffNS5_IJST_SB_ST_EEELi4ELb1EEENS1N_12Sm90AccFetchEEEEEEESZ_NS10_INS11_ILi2ELi4ELi3EEENS13_ILi16EEENSP_INS5_IJS15_SW_EEENS5_IJSW_SB_EEEEEEENS4_17SM75_U32x2_LDSM_NENS4_14SM90_TMA_STOREES28_NS4_17SM90_U32x2_STSM_NENS1A_IJS2B_NS_6half_tEEEEvEEEvvEEEEvNT_6ParamsE	dense_gemm	28.00	0.10	[1, 22, 1]
867	kernel_cutlass_kernel_flashinfernormkernelsrmsnormRMSNormKernel_object_at__tensorptrbf16gmemalign128oi64281628161_tensorptrbf16gmemalign16o28161_tensorptrbf16gmemalign128oi64281628161___T_0	norm_rope_kv	2.34	0.22	[3, 1, 1]
868	void cutlass::Kernel2<cutlass_80_wmma_tensorop_bf16_s161616gemm_bf16_16x16_128x2_tn_align8>(cutlass_80_wmma_tensorop_bf16_s161616gemm_bf16_16x16_128x2_tn_align8::Params)	dense_gemm	3.52	0.06	[8, 1, 9]
869	void cublasLt::splitKreduce_kernel<32, 16, int, __nv_bfloat16, __nv_bfloat16, float, __nv_bfloat16, false, __nv_bfloat16, __nv_bfloat16, __nv_bfloat16, true, false, false, false>(cublasLt::cublasSplitKParams<float>, __nv_bfloat16 const*, __nv_bfloat16 const*, __nv_bfloat16*, __nv_bfloat16*, float const*, float const*, __nv_bfloat16 const*, __nv_bfloat16 const*, __nv_bfloat16*, void*, long, float*, int*, float*, float*, float const*, float const*, float const*, float const*, float const*)	dense_gemm	1.31	0.10	[4, 1, 1]
870	kernel_cutlass_kernel_flashinfernormkernelsrmsnormRMSNormKernel_object_at__tensorptrbf16gmemalign128oi64281628161_tensorptrbf16gmemalign16o28161_tensorptrbf16gmemalign128oi64281628161___T_0	norm_rope_kv	2.62	-0.38	[3, 1, 1]
871	_gemma4_routing_kernel	moe_route	1.63	0.10	[12, 1, 1]
872	void moe_align_block_size_kernel<int>(int const*, int*, int*, int*, int, int, unsigned long, int*, bool, bool, int, int)	moe_route	2.08	0.10	[2, 1, 1]
873	void count_and_sort_expert_tokens_kernel<int>(int const*, int*, int*, unsigned long, bool)	moe_route	1.02	0.06	[1, 1, 1]
874	void sglang::per_token_quant_fp8_cta_kernel<__nv_bfloat16, 8>(__nv_bfloat16 const*, __nv_fp8_e4m3*, float*, unsigned int)	act_quant	1.66	0.10	[12, 1, 1]
875	fused_moe_kernel	moe_gemm	131.33	-0.19	[4224, 1, 1]
876	void sglang::act_and_mul_kernel<__nv_bfloat16, (sglang::ActivationKind)1, true, false, false, false>(sglang::ActivationParams)	elementwise_copy	14.66	-13.44	[17, 1, 1]
877	void sglang::per_token_quant_fp8_cta_kernel<__nv_bfloat16, 8>(__nv_bfloat16 const*, __nv_fp8_e4m3*, float*, unsigned int)	act_quant	1.41	0.10	[96, 1, 1]
878	fused_moe_kernel	moe_gemm	66.53	-0.22	[8448, 1, 1]
879	_moe_sum_reduce_kernel	moe_route	3.90	-2.82	[12, 2, 1]
880	_gemma_dual_rmsnorm_residual_kernel	norm_rope_kv	2.30	0.10	[12, 1, 1]
881	kernel_cutlass_kernel_flashinfernormkernelsrmsnormRMSNormKernel_object_at__tensorptrbf16gmemalign128oi64281628161_tensorptrbf16gmemalign16o28161_tensorptrbf16gmemalign128oi64281628161___T_0	norm_rope_kv	2.37	0.22	[3, 1, 1]
882	void sglang::per_token_quant_fp8_cta_kernel<__nv_bfloat16, 8>(__nv_bfloat16 const*, __nv_fp8_e4m3*, float*, unsigned int)	act_quant	1.50	0.10	[12, 1, 1]
883	_ZN7cutlass13device_kernelINS_4gemm6kernel13GemmUniversalIN4cute5tupleIJiiiiEEENS1_10collective13CollectiveMmaINS1_31MainloopSm120TmaWarpSpecializedILi2ELi2ENS5_IJNS4_1CILi1EEESB_SB_EEENS1_40KernelTmaWarpSpecializedCooperativeSm120ILi2EEEEENS5_IJNSA_ILi128EEESG_SG_EEENS_12float_e4m3_tENS5_IJlSB_lEEESI_SJ_NS4_8TiledMMAINS4_8MMA_AtomIJNS4_16SM120_16x8x32_TNISI_SI_fEEEEENS4_6LayoutINS5_IJNSA_ILi4EEENSA_ILi2EEESB_EEENS5_IJSB_SQ_NSA_ILi0EEEEEEEENS5_IJSG_NSA_ILi32EEESW_EEEEENS4_13SM90_TMA_LOADENS4_14ComposedLayoutINS4_7SwizzleILi3ELi4ELi3EEENS4_18smem_ptr_flag_bitsILi8EEENSP_INS5_IJNSA_ILi8EEESG_EEENS5_IJSG_SB_EEEEEEENS4_9Copy_AtomIJNS4_17SM75_U32x4_LDSM_NEhEEENS4_8identityESZ_S19_S1C_S1D_EENS_8epilogue10collective18CollectiveEpilogueINS1F_22Sm90TmaWarpSpecializedILi2ELi2ELi4ELb0ELb1EEEJSH_NS5_IJNSA_ILi64EEESW_EEEvSJ_NS_10bfloat16_tESJ_NS1F_6fusion15Sm90TreeVisitorINS1N_11Sm90ComputeINS_10multipliesES1M_fLNS_15FloatRoundStyleE2EvEEJNS1N_16Sm90ColBroadcastILi0ESH_ffNS5_IJSB_ST_ST_EEELi4ELb1EEENS1O_INS1P_IS1Q_ffLS1R_2EvEEJNS1N_16Sm90RowBroadcastILi0ESH_ffNS5_IJST_SB_ST_EEELi4ELb1EEENS1N_12Sm90AccFetchEEEEEEESZ_NS10_INS11_ILi2ELi4ELi3EEENS13_ILi16EEENSP_INS5_IJS15_SW_EEENS5_IJSW_SB_EEEEEEENS4_17SM75_U32x2_LDSM_NENS4_14SM90_TMA_STOREES28_NS4_17SM90_U32x2_STSM_NENS1A_IJS2B_NS_6half_tEEEEvEEEvvEEEEvNT_6ParamsE	dense_gemm	36.13	0.10	[1, 64, 1]
884	_gemma_qkv_rmsnorm_kernel	norm_rope_kv	1.73	0.10	[12, 32, 1]
885	void sglang::fused_rope_kernel<true, 256l, true, __nv_bfloat16, __nv_bfloat16, long, 32u>(sglang::FusedRopeParams)	norm_rope_kv	1.41	0.22	[72, 1, 1]
886	void at::native::elementwise_kernel<128, 4, at::native::gpu_kernel_impl_nocast<at::native::BUnaryFunctor<c10::BFloat16, c10::BFloat16, c10::BFloat16, at::native::binary_internal::MulFunctor<float> > >(at::TensorIteratorBase&, at::native::BUnaryFunctor<c10::BFloat16, c10::BFloat16, c10::BFloat16, at::native::binary_internal::MulFunctor<float> > const&)::{lambda(int)#1}>(int, at::native::gpu_kernel_impl_nocast<at::native::BUnaryFunctor<c10::BFloat16, c10::BFloat16, c10::BFloat16, at::native::binary_internal::MulFunctor<float> > >(at::TensorIteratorBase&, at::native::BUnaryFunctor<c10::BFloat16, c10::BFloat16, c10::BFloat16, at::native::binary_internal::MulFunctor<float> > const&)::{lambda(int)#1})	elementwise_copy	1.73	0.10	[48, 1, 1]
887	void at::native::elementwise_kernel<128, 4, at::native::gpu_kernel_impl_nocast<at::native::BUnaryFunctor<c10::BFloat16, c10::BFloat16, c10::BFloat16, at::native::binary_internal::MulFunctor<float> > >(at::TensorIteratorBase&, at::native::BUnaryFunctor<c10::BFloat16, c10::BFloat16, c10::BFloat16, at::native::binary_internal::MulFunctor<float> > const&)::{lambda(int)#1}>(int, at::native::gpu_kernel_impl_nocast<at::native::BUnaryFunctor<c10::BFloat16, c10::BFloat16, c10::BFloat16, at::native::binary_internal::MulFunctor<float> > >(at::TensorIteratorBase&, at::native::BUnaryFunctor<c10::BFloat16, c10::BFloat16, c10::BFloat16, at::native::binary_internal::MulFunctor<float> > const&)::{lambda(int)#1})	elementwise_copy	1.47	0.10	[48, 1, 1]
888	void at::native::elementwise_kernel<128, 4, at::native::gpu_kernel_impl_nocast<at::native::ConvertToFloat8E4M3fnOp<c10::BFloat16> >(at::TensorIteratorBase&, at::native::ConvertToFloat8E4M3fnOp<c10::BFloat16> const&)::{lambda(int)#1}>(int, at::native::gpu_kernel_impl_nocast<at::native::ConvertToFloat8E4M3fnOp<c10::BFloat16> >(at::TensorIteratorBase&, at::native::ConvertToFloat8E4M3fnOp<c10::BFloat16> const&)::{lambda(int)#1})	elementwise_copy	1.70	0.10	[48, 1, 1]
889	void at::native::elementwise_kernel<128, 4, at::native::gpu_kernel_impl_nocast<at::native::ConvertToFloat8E4M3fnOp<c10::BFloat16> >(at::TensorIteratorBase&, at::native::ConvertToFloat8E4M3fnOp<c10::BFloat16> const&)::{lambda(int)#1}>(int, at::native::gpu_kernel_impl_nocast<at::native::ConvertToFloat8E4M3fnOp<c10::BFloat16> >(at::TensorIteratorBase&, at::native::ConvertToFloat8E4M3fnOp<c10::BFloat16> const&)::{lambda(int)#1})	elementwise_copy	1.60	0.06	[48, 1, 1]
890	void sglang::store_kvcache_kernel<2048l, 2048l, 128u, true, long>(sglang::StoreKVCacheParams)	norm_rope_kv	1.02	0.22	[48, 1, 1]
891	_fwd_grouped_kernel_stage1	attention	37.89	0.10	[12, 8, 8]
892	_fwd_kernel_stage2	attention	2.21	0.22	[12, 16, 1]
893	void sglang::per_token_quant_fp8_cta_kernel<__nv_bfloat16, 8>(__nv_bfloat16 const*, __nv_fp8_e4m3*, float*, unsigned int)	act_quant	1.57	0.10	[12, 1, 1]
894	_ZN7cutlass13device_kernelINS_4gemm6kernel13GemmUniversalIN4cute5tupleIJiiiiEEENS1_10collective13CollectiveMmaINS1_31MainloopSm120TmaWarpSpecializedILi2ELi2ENS5_IJNS4_1CILi1EEESB_SB_EEENS1_40KernelTmaWarpSpecializedCooperativeSm120ILi2EEEEENS5_IJNSA_ILi128EEESG_SG_EEENS_12float_e4m3_tENS5_IJlSB_lEEESI_SJ_NS4_8TiledMMAINS4_8MMA_AtomIJNS4_16SM120_16x8x32_TNISI_SI_fEEEEENS4_6LayoutINS5_IJNSA_ILi4EEENSA_ILi2EEESB_EEENS5_IJSB_SQ_NSA_ILi0EEEEEEEENS5_IJSG_NSA_ILi32EEESW_EEEEENS4_13SM90_TMA_LOADENS4_14ComposedLayoutINS4_7SwizzleILi3ELi4ELi3EEENS4_18smem_ptr_flag_bitsILi8EEENSP_INS5_IJNSA_ILi8EEESG_EEENS5_IJSG_SB_EEEEEEENS4_9Copy_AtomIJNS4_17SM75_U32x4_LDSM_NEhEEENS4_8identityESZ_S19_S1C_S1D_EENS_8epilogue10collective18CollectiveEpilogueINS1F_22Sm90TmaWarpSpecializedILi2ELi2ELi4ELb0ELb1EEEJSH_NS5_IJNSA_ILi64EEESW_EEEvSJ_NS_10bfloat16_tESJ_NS1F_6fusion15Sm90TreeVisitorINS1N_11Sm90ComputeINS_10multipliesES1M_fLNS_15FloatRoundStyleE2EvEEJNS1N_16Sm90ColBroadcastILi0ESH_ffNS5_IJSB_ST_ST_EEELi4ELb1EEENS1O_INS1P_IS1Q_ffLS1R_2EvEEJNS1N_16Sm90RowBroadcastILi0ESH_ffNS5_IJST_SB_ST_EEELi4ELb1EEENS1N_12Sm90AccFetchEEEEEEESZ_NS10_INS11_ILi2ELi4ELi3EEENS13_ILi16EEENSP_INS5_IJS15_SW_EEENS5_IJSW_SB_EEEEEEENS4_17SM75_U32x2_LDSM_NENS4_14SM90_TMA_STOREES28_NS4_17SM90_U32x2_STSM_NENS1A_IJS2B_NS_6half_tEEEEvEEEvvEEEEvNT_6ParamsE	dense_gemm	49.60	0.10	[1, 22, 1]
895	kernel_cutlass_kernel_flashinfernormkernelsrmsnormRMSNormKernel_object_at__tensorptrbf16gmemalign128oi64281628161_tensorptrbf16gmemalign16o28161_tensorptrbf16gmemalign128oi64281628161___T_0	norm_rope_kv	2.53	-0.19	[3, 1, 1]
896	kernel_cutlass_kernel_flashinfernormkernelsfused_add_rmsnormFusedAddRMSNormKernel_object_at__tensorptrbf16gmemalign128oi64281628161_tensorptrbf16gmemalign128oi64281628161_tensorptrbf16gme_0	norm_rope_kv	2.46	-0.19	[3, 1, 1]
897	void sglang::per_token_quant_fp8_cta_kernel<__nv_bfloat16, 8>(__nv_bfloat16 const*, __nv_fp8_e4m3*, float*, unsigned int)	act_quant	1.50	0.10	[12, 1, 1]
898	_ZN7cutlass13device_kernelINS_4gemm6kernel13GemmUniversalIN4cute5tupleIJiiiiEEENS1_10collective13CollectiveMmaINS1_31MainloopSm120TmaWarpSpecializedILi2ELi2ENS5_IJNS4_1CILi1EEESB_SB_EEENS1_40KernelTmaWarpSpecializedCooperativeSm120ILi2EEEEENS5_IJNSA_ILi128EEESG_SG_EEENS_12float_e4m3_tENS5_IJlSB_lEEESI_SJ_NS4_8TiledMMAINS4_8MMA_AtomIJNS4_16SM120_16x8x32_TNISI_SI_fEEEEENS4_6LayoutINS5_IJNSA_ILi4EEENSA_ILi2EEESB_EEENS5_IJSB_SQ_NSA_ILi0EEEEEEEENS5_IJSG_NSA_ILi32EEESW_EEEEENS4_13SM90_TMA_LOADENS4_14ComposedLayoutINS4_7SwizzleILi3ELi4ELi3EEENS4_18smem_ptr_flag_bitsILi8EEENSP_INS5_IJNSA_ILi8EEESG_EEENS5_IJSG_SB_EEEEEEENS4_9Copy_AtomIJNS4_17SM75_U32x4_LDSM_NEhEEENS4_8identityESZ_S19_S1C_S1D_EENS_8epilogue10collective18CollectiveEpilogueINS1F_22Sm90TmaWarpSpecializedILi2ELi2ELi4ELb0ELb1EEEJSH_NS5_IJNSA_ILi64EEESW_EEEvSJ_NS_10bfloat16_tESJ_NS1F_6fusion15Sm90TreeVisitorINS1N_11Sm90ComputeINS_10multipliesES1M_fLNS_15FloatRoundStyleE2EvEEJNS1N_16Sm90ColBroadcastILi0ESH_ffNS5_IJSB_ST_ST_EEELi4ELb1EEENS1O_INS1P_IS1Q_ffLS1R_2EvEEJNS1N_16Sm90RowBroadcastILi0ESH_ffNS5_IJST_SB_ST_EEELi4ELb1EEENS1N_12Sm90AccFetchEEEEEEESZ_NS10_INS11_ILi2ELi4ELi3EEENS13_ILi16EEENSP_INS5_IJS15_SW_EEENS5_IJSW_SB_EEEEEEENS4_17SM75_U32x2_LDSM_NENS4_14SM90_TMA_STOREES28_NS4_17SM90_U32x2_STSM_NENS1A_IJS2B_NS_6half_tEEEEvEEEvvEEEEvNT_6ParamsE	dense_gemm	35.55	0.10	[1, 33, 1]
899	void sglang::act_and_mul_kernel<__nv_bfloat16, (sglang::ActivationKind)2, true, false, false, false>(sglang::ActivationParams)	elementwise_copy	1.47	0.19	[7, 1, 1]
900	void sglang::per_token_quant_fp8_cta_kernel<__nv_bfloat16, 8>(__nv_bfloat16 const*, __nv_fp8_e4m3*, float*, unsigned int)	act_quant	1.54	0.06	[12, 1, 1]
901	_ZN7cutlass13device_kernelINS_4gemm6kernel13GemmUniversalIN4cute5tupleIJiiiiEEENS1_10collective13CollectiveMmaINS1_31MainloopSm120TmaWarpSpecializedILi2ELi2ENS5_IJNS4_1CILi1EEESB_SB_EEENS1_40KernelTmaWarpSpecializedCooperativeSm120ILi2EEEEENS5_IJNSA_ILi128EEESG_SG_EEENS_12float_e4m3_tENS5_IJlSB_lEEESI_SJ_NS4_8TiledMMAINS4_8MMA_AtomIJNS4_16SM120_16x8x32_TNISI_SI_fEEEEENS4_6LayoutINS5_IJNSA_ILi4EEENSA_ILi2EEESB_EEENS5_IJSB_SQ_NSA_ILi0EEEEEEEENS5_IJSG_NSA_ILi32EEESW_EEEEENS4_13SM90_TMA_LOADENS4_14ComposedLayoutINS4_7SwizzleILi3ELi4ELi3EEENS4_18smem_ptr_flag_bitsILi8EEENSP_INS5_IJNSA_ILi8EEESG_EEENS5_IJSG_SB_EEEEEEENS4_9Copy_AtomIJNS4_17SM75_U32x4_LDSM_NEhEEENS4_8identityESZ_S19_S1C_S1D_EENS_8epilogue10collective18CollectiveEpilogueINS1F_22Sm90TmaWarpSpecializedILi2ELi2ELi4ELb0ELb1EEEJSH_NS5_IJNSA_ILi64EEESW_EEEvSJ_NS_10bfloat16_tESJ_NS1F_6fusion15Sm90TreeVisitorINS1N_11Sm90ComputeINS_10multipliesES1M_fLNS_15FloatRoundStyleE2EvEEJNS1N_16Sm90ColBroadcastILi0ESH_ffNS5_IJSB_ST_ST_EEELi4ELb1EEENS1O_INS1P_IS1Q_ffLS1R_2EvEEJNS1N_16Sm90RowBroadcastILi0ESH_ffNS5_IJST_SB_ST_EEELi4ELb1EEENS1N_12Sm90AccFetchEEEEEEESZ_NS10_INS11_ILi2ELi4ELi3EEENS13_ILi16EEENSP_INS5_IJS15_SW_EEENS5_IJSW_SB_EEEEEEENS4_17SM75_U32x2_LDSM_NENS4_14SM90_TMA_STOREES28_NS4_17SM90_U32x2_STSM_NENS1A_IJS2B_NS_6half_tEEEEvEEEvvEEEEvNT_6ParamsE	dense_gemm	28.29	0.06	[1, 22, 1]
902	kernel_cutlass_kernel_flashinfernormkernelsrmsnormRMSNormKernel_object_at__tensorptrbf16gmemalign128oi64281628161_tensorptrbf16gmemalign16o28161_tensorptrbf16gmemalign128oi64281628161___T_0	norm_rope_kv	2.34	0.22	[3, 1, 1]
903	void cutlass::Kernel2<cutlass_80_wmma_tensorop_bf16_s161616gemm_bf16_16x16_128x2_tn_align8>(cutlass_80_wmma_tensorop_bf16_s161616gemm_bf16_16x16_128x2_tn_align8::Params)	dense_gemm	3.36	0.06	[8, 1, 9]
904	void cublasLt::splitKreduce_kernel<32, 16, int, __nv_bfloat16, __nv_bfloat16, float, __nv_bfloat16, false, __nv_bfloat16, __nv_bfloat16, __nv_bfloat16, true, false, false, false>(cublasLt::cublasSplitKParams<float>, __nv_bfloat16 const*, __nv_bfloat16 const*, __nv_bfloat16*, __nv_bfloat16*, float const*, float const*, __nv_bfloat16 const*, __nv_bfloat16 const*, __nv_bfloat16*, void*, long, float*, int*, float*, float*, float const*, float const*, float const*, float const*, float const*)	dense_gemm	1.31	0.06	[4, 1, 1]
905	kernel_cutlass_kernel_flashinfernormkernelsrmsnormRMSNormKernel_object_at__tensorptrbf16gmemalign128oi64281628161_tensorptrbf16gmemalign16o28161_tensorptrbf16gmemalign128oi64281628161___T_0	norm_rope_kv	2.46	-0.32	[3, 1, 1]
906	_gemma4_routing_kernel	moe_route	1.60	0.10	[12, 1, 1]
907	void moe_align_block_size_kernel<int>(int const*, int*, int*, int*, int, int, unsigned long, int*, bool, bool, int, int)	moe_route	2.05	0.10	[2, 1, 1]
908	void count_and_sort_expert_tokens_kernel<int>(int const*, int*, int*, unsigned long, bool)	moe_route	0.99	0.10	[1, 1, 1]
909	void sglang::per_token_quant_fp8_cta_kernel<__nv_bfloat16, 8>(__nv_bfloat16 const*, __nv_fp8_e4m3*, float*, unsigned int)	act_quant	1.79	0.10	[12, 1, 1]
910	fused_moe_kernel	moe_gemm	125.50	-0.19	[4224, 1, 1]
911	void sglang::act_and_mul_kernel<__nv_bfloat16, (sglang::ActivationKind)1, true, false, false, false>(sglang::ActivationParams)	elementwise_copy	48.19	-46.75	[17, 1, 1]
912	void sglang::per_token_quant_fp8_cta_kernel<__nv_bfloat16, 8>(__nv_bfloat16 const*, __nv_fp8_e4m3*, float*, unsigned int)	act_quant	1.44	-0.10	[96, 1, 1]
913	fused_moe_kernel	moe_gemm	63.10	-0.26	[8448, 1, 1]
914	_moe_sum_reduce_kernel	moe_route	4.61	-3.52	[12, 2, 1]
915	_gemma_dual_rmsnorm_residual_kernel	norm_rope_kv	2.50	0.10	[12, 1, 1]
916	kernel_cutlass_kernel_flashinfernormkernelsrmsnormRMSNormKernel_object_at__tensorptrbf16gmemalign128oi64281628161_tensorptrbf16gmemalign16o28161_tensorptrbf16gmemalign128oi64281628161___T_0	norm_rope_kv	2.37	0.22	[3, 1, 1]
917	void sglang::per_token_quant_fp8_cta_kernel<__nv_bfloat16, 8>(__nv_bfloat16 const*, __nv_fp8_e4m3*, float*, unsigned int)	act_quant	1.47	0.10	[12, 1, 1]
918	_ZN7cutlass13device_kernelINS_4gemm6kernel13GemmUniversalIN4cute5tupleIJiiiiEEENS1_10collective13CollectiveMmaINS1_31MainloopSm120TmaWarpSpecializedILi2ELi2ENS5_IJNS4_1CILi1EEESB_SB_EEENS1_40KernelTmaWarpSpecializedCooperativeSm120ILi2EEEEENS5_IJNSA_ILi128EEESG_SG_EEENS_12float_e4m3_tENS5_IJlSB_lEEESI_SJ_NS4_8TiledMMAINS4_8MMA_AtomIJNS4_16SM120_16x8x32_TNISI_SI_fEEEEENS4_6LayoutINS5_IJNSA_ILi4EEENSA_ILi2EEESB_EEENS5_IJSB_SQ_NSA_ILi0EEEEEEEENS5_IJSG_NSA_ILi32EEESW_EEEEENS4_13SM90_TMA_LOADENS4_14ComposedLayoutINS4_7SwizzleILi3ELi4ELi3EEENS4_18smem_ptr_flag_bitsILi8EEENSP_INS5_IJNSA_ILi8EEESG_EEENS5_IJSG_SB_EEEEEEENS4_9Copy_AtomIJNS4_17SM75_U32x4_LDSM_NEhEEENS4_8identityESZ_S19_S1C_S1D_EENS_8epilogue10collective18CollectiveEpilogueINS1F_22Sm90TmaWarpSpecializedILi2ELi2ELi4ELb0ELb1EEEJSH_NS5_IJNSA_ILi64EEESW_EEEvSJ_NS_10bfloat16_tESJ_NS1F_6fusion15Sm90TreeVisitorINS1N_11Sm90ComputeINS_10multipliesES1M_fLNS_15FloatRoundStyleE2EvEEJNS1N_16Sm90ColBroadcastILi0ESH_ffNS5_IJSB_ST_ST_EEELi4ELb1EEENS1O_INS1P_IS1Q_ffLS1R_2EvEEJNS1N_16Sm90RowBroadcastILi0ESH_ffNS5_IJST_SB_ST_EEELi4ELb1EEENS1N_12Sm90AccFetchEEEEEEESZ_NS10_INS11_ILi2ELi4ELi3EEENS13_ILi16EEENSP_INS5_IJS15_SW_EEENS5_IJSW_SB_EEEEEEENS4_17SM75_U32x2_LDSM_NENS4_14SM90_TMA_STOREES28_NS4_17SM90_U32x2_STSM_NENS1A_IJS2B_NS_6half_tEEEEvEEEvvEEEEvNT_6ParamsE	dense_gemm	36.03	0.10	[1, 64, 1]
919	_gemma_qkv_rmsnorm_kernel	norm_rope_kv	1.70	0.13	[12, 32, 1]
920	void sglang::fused_rope_kernel<true, 256l, true, __nv_bfloat16, __nv_bfloat16, long, 32u>(sglang::FusedRopeParams)	norm_rope_kv	1.38	0.22	[72, 1, 1]
921	void at::native::elementwise_kernel<128, 4, at::native::gpu_kernel_impl_nocast<at::native::BUnaryFunctor<c10::BFloat16, c10::BFloat16, c10::BFloat16, at::native::binary_internal::MulFunctor<float> > >(at::TensorIteratorBase&, at::native::BUnaryFunctor<c10::BFloat16, c10::BFloat16, c10::BFloat16, at::native::binary_internal::MulFunctor<float> > const&)::{lambda(int)#1}>(int, at::native::gpu_kernel_impl_nocast<at::native::BUnaryFunctor<c10::BFloat16, c10::BFloat16, c10::BFloat16, at::native::binary_internal::MulFunctor<float> > >(at::TensorIteratorBase&, at::native::BUnaryFunctor<c10::BFloat16, c10::BFloat16, c10::BFloat16, at::native::binary_internal::MulFunctor<float> > const&)::{lambda(int)#1})	elementwise_copy	1.73	0.13	[48, 1, 1]
922	void at::native::elementwise_kernel<128, 4, at::native::gpu_kernel_impl_nocast<at::native::BUnaryFunctor<c10::BFloat16, c10::BFloat16, c10::BFloat16, at::native::binary_internal::MulFunctor<float> > >(at::TensorIteratorBase&, at::native::BUnaryFunctor<c10::BFloat16, c10::BFloat16, c10::BFloat16, at::native::binary_internal::MulFunctor<float> > const&)::{lambda(int)#1}>(int, at::native::gpu_kernel_impl_nocast<at::native::BUnaryFunctor<c10::BFloat16, c10::BFloat16, c10::BFloat16, at::native::binary_internal::MulFunctor<float> > >(at::TensorIteratorBase&, at::native::BUnaryFunctor<c10::BFloat16, c10::BFloat16, c10::BFloat16, at::native::binary_internal::MulFunctor<float> > const&)::{lambda(int)#1})	elementwise_copy	1.54	0.06	[48, 1, 1]
923	void at::native::elementwise_kernel<128, 4, at::native::gpu_kernel_impl_nocast<at::native::ConvertToFloat8E4M3fnOp<c10::BFloat16> >(at::TensorIteratorBase&, at::native::ConvertToFloat8E4M3fnOp<c10::BFloat16> const&)::{lambda(int)#1}>(int, at::native::gpu_kernel_impl_nocast<at::native::ConvertToFloat8E4M3fnOp<c10::BFloat16> >(at::TensorIteratorBase&, at::native::ConvertToFloat8E4M3fnOp<c10::BFloat16> const&)::{lambda(int)#1})	elementwise_copy	1.70	0.06	[48, 1, 1]
924	void at::native::elementwise_kernel<128, 4, at::native::gpu_kernel_impl_nocast<at::native::ConvertToFloat8E4M3fnOp<c10::BFloat16> >(at::TensorIteratorBase&, at::native::ConvertToFloat8E4M3fnOp<c10::BFloat16> const&)::{lambda(int)#1}>(int, at::native::gpu_kernel_impl_nocast<at::native::ConvertToFloat8E4M3fnOp<c10::BFloat16> >(at::TensorIteratorBase&, at::native::ConvertToFloat8E4M3fnOp<c10::BFloat16> const&)::{lambda(int)#1})	elementwise_copy	1.60	0.06	[48, 1, 1]
925	void sglang::store_kvcache_kernel<2048l, 2048l, 128u, true, long>(sglang::StoreKVCacheParams)	norm_rope_kv	1.09	0.22	[48, 1, 1]
926	_fwd_grouped_kernel_stage1	attention	39.27	0.10	[12, 8, 8]
927	_fwd_kernel_stage2	attention	2.21	0.22	[12, 16, 1]
928	void sglang::per_token_quant_fp8_cta_kernel<__nv_bfloat16, 8>(__nv_bfloat16 const*, __nv_fp8_e4m3*, float*, unsigned int)	act_quant	1.57	0.10	[12, 1, 1]
929	_ZN7cutlass13device_kernelINS_4gemm6kernel13GemmUniversalIN4cute5tupleIJiiiiEEENS1_10collective13CollectiveMmaINS1_31MainloopSm120TmaWarpSpecializedILi2ELi2ENS5_IJNS4_1CILi1EEESB_SB_EEENS1_40KernelTmaWarpSpecializedCooperativeSm120ILi2EEEEENS5_IJNSA_ILi128EEESG_SG_EEENS_12float_e4m3_tENS5_IJlSB_lEEESI_SJ_NS4_8TiledMMAINS4_8MMA_AtomIJNS4_16SM120_16x8x32_TNISI_SI_fEEEEENS4_6LayoutINS5_IJNSA_ILi4EEENSA_ILi2EEESB_EEENS5_IJSB_SQ_NSA_ILi0EEEEEEEENS5_IJSG_NSA_ILi32EEESW_EEEEENS4_13SM90_TMA_LOADENS4_14ComposedLayoutINS4_7SwizzleILi3ELi4ELi3EEENS4_18smem_ptr_flag_bitsILi8EEENSP_INS5_IJNSA_ILi8EEESG_EEENS5_IJSG_SB_EEEEEEENS4_9Copy_AtomIJNS4_17SM75_U32x4_LDSM_NEhEEENS4_8identityESZ_S19_S1C_S1D_EENS_8epilogue10collective18CollectiveEpilogueINS1F_22Sm90TmaWarpSpecializedILi2ELi2ELi4ELb0ELb1EEEJSH_NS5_IJNSA_ILi64EEESW_EEEvSJ_NS_10bfloat16_tESJ_NS1F_6fusion15Sm90TreeVisitorINS1N_11Sm90ComputeINS_10multipliesES1M_fLNS_15FloatRoundStyleE2EvEEJNS1N_16Sm90ColBroadcastILi0ESH_ffNS5_IJSB_ST_ST_EEELi4ELb1EEENS1O_INS1P_IS1Q_ffLS1R_2EvEEJNS1N_16Sm90RowBroadcastILi0ESH_ffNS5_IJST_SB_ST_EEELi4ELb1EEENS1N_12Sm90AccFetchEEEEEEESZ_NS10_INS11_ILi2ELi4ELi3EEENS13_ILi16EEENSP_INS5_IJS15_SW_EEENS5_IJSW_SB_EEEEEEENS4_17SM75_U32x2_LDSM_NENS4_14SM90_TMA_STOREES28_NS4_17SM90_U32x2_STSM_NENS1A_IJS2B_NS_6half_tEEEEvEEEvvEEEEvNT_6ParamsE	dense_gemm	49.86	0.10	[1, 22, 1]
930	kernel_cutlass_kernel_flashinfernormkernelsrmsnormRMSNormKernel_object_at__tensorptrbf16gmemalign128oi64281628161_tensorptrbf16gmemalign16o28161_tensorptrbf16gmemalign128oi64281628161___T_0	norm_rope_kv	2.59	-0.19	[3, 1, 1]
931	kernel_cutlass_kernel_flashinfernormkernelsfused_add_rmsnormFusedAddRMSNormKernel_object_at__tensorptrbf16gmemalign128oi64281628161_tensorptrbf16gmemalign128oi64281628161_tensorptrbf16gme_0	norm_rope_kv	2.43	-0.22	[3, 1, 1]
932	void sglang::per_token_quant_fp8_cta_kernel<__nv_bfloat16, 8>(__nv_bfloat16 const*, __nv_fp8_e4m3*, float*, unsigned int)	act_quant	1.50	0.10	[12, 1, 1]
933	_ZN7cutlass13device_kernelINS_4gemm6kernel13GemmUniversalIN4cute5tupleIJiiiiEEENS1_10collective13CollectiveMmaINS1_31MainloopSm120TmaWarpSpecializedILi2ELi2ENS5_IJNS4_1CILi1EEESB_SB_EEENS1_40KernelTmaWarpSpecializedCooperativeSm120ILi2EEEEENS5_IJNSA_ILi128EEESG_SG_EEENS_12float_e4m3_tENS5_IJlSB_lEEESI_SJ_NS4_8TiledMMAINS4_8MMA_AtomIJNS4_16SM120_16x8x32_TNISI_SI_fEEEEENS4_6LayoutINS5_IJNSA_ILi4EEENSA_ILi2EEESB_EEENS5_IJSB_SQ_NSA_ILi0EEEEEEEENS5_IJSG_NSA_ILi32EEESW_EEEEENS4_13SM90_TMA_LOADENS4_14ComposedLayoutINS4_7SwizzleILi3ELi4ELi3EEENS4_18smem_ptr_flag_bitsILi8EEENSP_INS5_IJNSA_ILi8EEESG_EEENS5_IJSG_SB_EEEEEEENS4_9Copy_AtomIJNS4_17SM75_U32x4_LDSM_NEhEEENS4_8identityESZ_S19_S1C_S1D_EENS_8epilogue10collective18CollectiveEpilogueINS1F_22Sm90TmaWarpSpecializedILi2ELi2ELi4ELb0ELb1EEEJSH_NS5_IJNSA_ILi64EEESW_EEEvSJ_NS_10bfloat16_tESJ_NS1F_6fusion15Sm90TreeVisitorINS1N_11Sm90ComputeINS_10multipliesES1M_fLNS_15FloatRoundStyleE2EvEEJNS1N_16Sm90ColBroadcastILi0ESH_ffNS5_IJSB_ST_ST_EEELi4ELb1EEENS1O_INS1P_IS1Q_ffLS1R_2EvEEJNS1N_16Sm90RowBroadcastILi0ESH_ffNS5_IJST_SB_ST_EEELi4ELb1EEENS1N_12Sm90AccFetchEEEEEEESZ_NS10_INS11_ILi2ELi4ELi3EEENS13_ILi16EEENSP_INS5_IJS15_SW_EEENS5_IJSW_SB_EEEEEEENS4_17SM75_U32x2_LDSM_NENS4_14SM90_TMA_STOREES28_NS4_17SM90_U32x2_STSM_NENS1A_IJS2B_NS_6half_tEEEEvEEEvvEEEEvNT_6ParamsE	dense_gemm	35.52	0.10	[1, 33, 1]
934	void sglang::act_and_mul_kernel<__nv_bfloat16, (sglang::ActivationKind)2, true, false, false, false>(sglang::ActivationParams)	elementwise_copy	1.47	0.19	[7, 1, 1]
935	void sglang::per_token_quant_fp8_cta_kernel<__nv_bfloat16, 8>(__nv_bfloat16 const*, __nv_fp8_e4m3*, float*, unsigned int)	act_quant	1.47	0.10	[12, 1, 1]
936	_ZN7cutlass13device_kernelINS_4gemm6kernel13GemmUniversalIN4cute5tupleIJiiiiEEENS1_10collective13CollectiveMmaINS1_31MainloopSm120TmaWarpSpecializedILi2ELi2ENS5_IJNS4_1CILi1EEESB_SB_EEENS1_40KernelTmaWarpSpecializedCooperativeSm120ILi2EEEEENS5_IJNSA_ILi128EEESG_SG_EEENS_12float_e4m3_tENS5_IJlSB_lEEESI_SJ_NS4_8TiledMMAINS4_8MMA_AtomIJNS4_16SM120_16x8x32_TNISI_SI_fEEEEENS4_6LayoutINS5_IJNSA_ILi4EEENSA_ILi2EEESB_EEENS5_IJSB_SQ_NSA_ILi0EEEEEEEENS5_IJSG_NSA_ILi32EEESW_EEEEENS4_13SM90_TMA_LOADENS4_14ComposedLayoutINS4_7SwizzleILi3ELi4ELi3EEENS4_18smem_ptr_flag_bitsILi8EEENSP_INS5_IJNSA_ILi8EEESG_EEENS5_IJSG_SB_EEEEEEENS4_9Copy_AtomIJNS4_17SM75_U32x4_LDSM_NEhEEENS4_8identityESZ_S19_S1C_S1D_EENS_8epilogue10collective18CollectiveEpilogueINS1F_22Sm90TmaWarpSpecializedILi2ELi2ELi4ELb0ELb1EEEJSH_NS5_IJNSA_ILi64EEESW_EEEvSJ_NS_10bfloat16_tESJ_NS1F_6fusion15Sm90TreeVisitorINS1N_11Sm90ComputeINS_10multipliesES1M_fLNS_15FloatRoundStyleE2EvEEJNS1N_16Sm90ColBroadcastILi0ESH_ffNS5_IJSB_ST_ST_EEELi4ELb1EEENS1O_INS1P_IS1Q_ffLS1R_2EvEEJNS1N_16Sm90RowBroadcastILi0ESH_ffNS5_IJST_SB_ST_EEELi4ELb1EEENS1N_12Sm90AccFetchEEEEEEESZ_NS10_INS11_ILi2ELi4ELi3EEENS13_ILi16EEENSP_INS5_IJS15_SW_EEENS5_IJSW_SB_EEEEEEENS4_17SM75_U32x2_LDSM_NENS4_14SM90_TMA_STOREES28_NS4_17SM90_U32x2_STSM_NENS1A_IJS2B_NS_6half_tEEEEvEEEvvEEEEvNT_6ParamsE	dense_gemm	28.13	0.10	[1, 22, 1]
937	kernel_cutlass_kernel_flashinfernormkernelsrmsnormRMSNormKernel_object_at__tensorptrbf16gmemalign128oi64281628161_tensorptrbf16gmemalign16o28161_tensorptrbf16gmemalign128oi64281628161___T_0	norm_rope_kv	2.34	0.19	[3, 1, 1]
938	void cutlass::Kernel2<cutlass_80_wmma_tensorop_bf16_s161616gemm_bf16_16x16_128x2_tn_align8>(cutlass_80_wmma_tensorop_bf16_s161616gemm_bf16_16x16_128x2_tn_align8::Params)	dense_gemm	3.33	0.06	[8, 1, 9]
939	void cublasLt::splitKreduce_kernel<32, 16, int, __nv_bfloat16, __nv_bfloat16, float, __nv_bfloat16, false, __nv_bfloat16, __nv_bfloat16, __nv_bfloat16, true, false, false, false>(cublasLt::cublasSplitKParams<float>, __nv_bfloat16 const*, __nv_bfloat16 const*, __nv_bfloat16*, __nv_bfloat16*, float const*, float const*, __nv_bfloat16 const*, __nv_bfloat16 const*, __nv_bfloat16*, void*, long, float*, int*, float*, float*, float const*, float const*, float const*, float const*, float const*)	dense_gemm	1.34	0.10	[4, 1, 1]
940	kernel_cutlass_kernel_flashinfernormkernelsrmsnormRMSNormKernel_object_at__tensorptrbf16gmemalign128oi64281628161_tensorptrbf16gmemalign16o28161_tensorptrbf16gmemalign128oi64281628161___T_0	norm_rope_kv	2.59	-0.38	[3, 1, 1]
941	_gemma4_routing_kernel	moe_route	1.57	0.10	[12, 1, 1]
942	void moe_align_block_size_kernel<int>(int const*, int*, int*, int*, int, int, unsigned long, int*, bool, bool, int, int)	moe_route	2.05	0.13	[2, 1, 1]
943	void count_and_sort_expert_tokens_kernel<int>(int const*, int*, int*, unsigned long, bool)	moe_route	1.02	0.10	[1, 1, 1]
944	void sglang::per_token_quant_fp8_cta_kernel<__nv_bfloat16, 8>(__nv_bfloat16 const*, __nv_fp8_e4m3*, float*, unsigned int)	act_quant	1.66	0.10	[12, 1, 1]
945	fused_moe_kernel	moe_gemm	115.23	-0.19	[4224, 1, 1]
946	void sglang::act_and_mul_kernel<__nv_bfloat16, (sglang::ActivationKind)1, true, false, false, false>(sglang::ActivationParams)	elementwise_copy	43.01	-41.60	[17, 1, 1]
947	void sglang::per_token_quant_fp8_cta_kernel<__nv_bfloat16, 8>(__nv_bfloat16 const*, __nv_fp8_e4m3*, float*, unsigned int)	act_quant	1.38	0.10	[96, 1, 1]
948	fused_moe_kernel	moe_gemm	58.34	-0.19	[8448, 1, 1]
949	_moe_sum_reduce_kernel	moe_route	4.38	-3.26	[12, 2, 1]
950	_gemma_dual_rmsnorm_residual_kernel	norm_rope_kv	2.50	0.10	[12, 1, 1]
951	kernel_cutlass_kernel_flashinfernormkernelsrmsnormRMSNormKernel_object_at__tensorptrbf16gmemalign128oi64281628161_tensorptrbf16gmemalign16o28161_tensorptrbf16gmemalign128oi64281628161___T_0	norm_rope_kv	2.30	0.22	[3, 1, 1]
952	void sglang::per_token_quant_fp8_cta_kernel<__nv_bfloat16, 8>(__nv_bfloat16 const*, __nv_fp8_e4m3*, float*, unsigned int)	act_quant	1.50	0.10	[12, 1, 1]
953	_ZN7cutlass13device_kernelINS_4gemm6kernel13GemmUniversalIN4cute5tupleIJiiiiEEENS1_10collective13CollectiveMmaINS1_31MainloopSm120TmaWarpSpecializedILi2ELi2ENS5_IJNS4_1CILi1EEESB_SB_EEENS1_40KernelTmaWarpSpecializedCooperativeSm120ILi2EEEEENS5_IJNSA_ILi128EEESG_SG_EEENS_12float_e4m3_tENS5_IJlSB_lEEESI_SJ_NS4_8TiledMMAINS4_8MMA_AtomIJNS4_16SM120_16x8x32_TNISI_SI_fEEEEENS4_6LayoutINS5_IJNSA_ILi4EEENSA_ILi2EEESB_EEENS5_IJSB_SQ_NSA_ILi0EEEEEEEENS5_IJSG_NSA_ILi32EEESW_EEEEENS4_13SM90_TMA_LOADENS4_14ComposedLayoutINS4_7SwizzleILi3ELi4ELi3EEENS4_18smem_ptr_flag_bitsILi8EEENSP_INS5_IJNSA_ILi8EEESG_EEENS5_IJSG_SB_EEEEEEENS4_9Copy_AtomIJNS4_17SM75_U32x4_LDSM_NEhEEENS4_8identityESZ_S19_S1C_S1D_EENS_8epilogue10collective18CollectiveEpilogueINS1F_22Sm90TmaWarpSpecializedILi2ELi2ELi4ELb0ELb1EEEJSH_NS5_IJNSA_ILi64EEESW_EEEvSJ_NS_10bfloat16_tESJ_NS1F_6fusion15Sm90TreeVisitorINS1N_11Sm90ComputeINS_10multipliesES1M_fLNS_15FloatRoundStyleE2EvEEJNS1N_16Sm90ColBroadcastILi0ESH_ffNS5_IJSB_ST_ST_EEELi4ELb1EEENS1O_INS1P_IS1Q_ffLS1R_2EvEEJNS1N_16Sm90RowBroadcastILi0ESH_ffNS5_IJST_SB_ST_EEELi4ELb1EEENS1N_12Sm90AccFetchEEEEEEESZ_NS10_INS11_ILi2ELi4ELi3EEENS13_ILi16EEENSP_INS5_IJS15_SW_EEENS5_IJSW_SB_EEEEEEENS4_17SM75_U32x2_LDSM_NENS4_14SM90_TMA_STOREES28_NS4_17SM90_U32x2_STSM_NENS1A_IJS2B_NS_6half_tEEEEvEEEvvEEEEvNT_6ParamsE	dense_gemm	36.06	0.10	[1, 64, 1]
954	_gemma_qkv_rmsnorm_kernel	norm_rope_kv	1.67	0.09	[12, 32, 1]
955	void sglang::fused_rope_kernel<true, 256l, true, __nv_bfloat16, __nv_bfloat16, long, 32u>(sglang::FusedRopeParams)	norm_rope_kv	1.50	0.22	[72, 1, 1]
956	void at::native::elementwise_kernel<128, 4, at::native::gpu_kernel_impl_nocast<at::native::BUnaryFunctor<c10::BFloat16, c10::BFloat16, c10::BFloat16, at::native::binary_internal::MulFunctor<float> > >(at::TensorIteratorBase&, at::native::BUnaryFunctor<c10::BFloat16, c10::BFloat16, c10::BFloat16, at::native::binary_internal::MulFunctor<float> > const&)::{lambda(int)#1}>(int, at::native::gpu_kernel_impl_nocast<at::native::BUnaryFunctor<c10::BFloat16, c10::BFloat16, c10::BFloat16, at::native::binary_internal::MulFunctor<float> > >(at::TensorIteratorBase&, at::native::BUnaryFunctor<c10::BFloat16, c10::BFloat16, c10::BFloat16, at::native::binary_internal::MulFunctor<float> > const&)::{lambda(int)#1})	elementwise_copy	1.73	0.06	[48, 1, 1]
957	void at::native::elementwise_kernel<128, 4, at::native::gpu_kernel_impl_nocast<at::native::BUnaryFunctor<c10::BFloat16, c10::BFloat16, c10::BFloat16, at::native::binary_internal::MulFunctor<float> > >(at::TensorIteratorBase&, at::native::BUnaryFunctor<c10::BFloat16, c10::BFloat16, c10::BFloat16, at::native::binary_internal::MulFunctor<float> > const&)::{lambda(int)#1}>(int, at::native::gpu_kernel_impl_nocast<at::native::BUnaryFunctor<c10::BFloat16, c10::BFloat16, c10::BFloat16, at::native::binary_internal::MulFunctor<float> > >(at::TensorIteratorBase&, at::native::BUnaryFunctor<c10::BFloat16, c10::BFloat16, c10::BFloat16, at::native::binary_internal::MulFunctor<float> > const&)::{lambda(int)#1})	elementwise_copy	1.47	0.10	[48, 1, 1]
958	void at::native::elementwise_kernel<128, 4, at::native::gpu_kernel_impl_nocast<at::native::ConvertToFloat8E4M3fnOp<c10::BFloat16> >(at::TensorIteratorBase&, at::native::ConvertToFloat8E4M3fnOp<c10::BFloat16> const&)::{lambda(int)#1}>(int, at::native::gpu_kernel_impl_nocast<at::native::ConvertToFloat8E4M3fnOp<c10::BFloat16> >(at::TensorIteratorBase&, at::native::ConvertToFloat8E4M3fnOp<c10::BFloat16> const&)::{lambda(int)#1})	elementwise_copy	1.66	0.10	[48, 1, 1]
959	void at::native::elementwise_kernel<128, 4, at::native::gpu_kernel_impl_nocast<at::native::ConvertToFloat8E4M3fnOp<c10::BFloat16> >(at::TensorIteratorBase&, at::native::ConvertToFloat8E4M3fnOp<c10::BFloat16> const&)::{lambda(int)#1}>(int, at::native::gpu_kernel_impl_nocast<at::native::ConvertToFloat8E4M3fnOp<c10::BFloat16> >(at::TensorIteratorBase&, at::native::ConvertToFloat8E4M3fnOp<c10::BFloat16> const&)::{lambda(int)#1})	elementwise_copy	1.63	0.10	[48, 1, 1]
960	void sglang::store_kvcache_kernel<2048l, 2048l, 128u, true, long>(sglang::StoreKVCacheParams)	norm_rope_kv	1.06	0.19	[48, 1, 1]
961	_fwd_grouped_kernel_stage1	attention	38.47	0.10	[12, 8, 8]
962	_fwd_kernel_stage2	attention	2.21	0.22	[12, 16, 1]
963	void sglang::per_token_quant_fp8_cta_kernel<__nv_bfloat16, 8>(__nv_bfloat16 const*, __nv_fp8_e4m3*, float*, unsigned int)	act_quant	1.57	0.10	[12, 1, 1]
964	_ZN7cutlass13device_kernelINS_4gemm6kernel13GemmUniversalIN4cute5tupleIJiiiiEEENS1_10collective13CollectiveMmaINS1_31MainloopSm120TmaWarpSpecializedILi2ELi2ENS5_IJNS4_1CILi1EEESB_SB_EEENS1_40KernelTmaWarpSpecializedCooperativeSm120ILi2EEEEENS5_IJNSA_ILi128EEESG_SG_EEENS_12float_e4m3_tENS5_IJlSB_lEEESI_SJ_NS4_8TiledMMAINS4_8MMA_AtomIJNS4_16SM120_16x8x32_TNISI_SI_fEEEEENS4_6LayoutINS5_IJNSA_ILi4EEENSA_ILi2EEESB_EEENS5_IJSB_SQ_NSA_ILi0EEEEEEEENS5_IJSG_NSA_ILi32EEESW_EEEEENS4_13SM90_TMA_LOADENS4_14ComposedLayoutINS4_7SwizzleILi3ELi4ELi3EEENS4_18smem_ptr_flag_bitsILi8EEENSP_INS5_IJNSA_ILi8EEESG_EEENS5_IJSG_SB_EEEEEEENS4_9Copy_AtomIJNS4_17SM75_U32x4_LDSM_NEhEEENS4_8identityESZ_S19_S1C_S1D_EENS_8epilogue10collective18CollectiveEpilogueINS1F_22Sm90TmaWarpSpecializedILi2ELi2ELi4ELb0ELb1EEEJSH_NS5_IJNSA_ILi64EEESW_EEEvSJ_NS_10bfloat16_tESJ_NS1F_6fusion15Sm90TreeVisitorINS1N_11Sm90ComputeINS_10multipliesES1M_fLNS_15FloatRoundStyleE2EvEEJNS1N_16Sm90ColBroadcastILi0ESH_ffNS5_IJSB_ST_ST_EEELi4ELb1EEENS1O_INS1P_IS1Q_ffLS1R_2EvEEJNS1N_16Sm90RowBroadcastILi0ESH_ffNS5_IJST_SB_ST_EEELi4ELb1EEENS1N_12Sm90AccFetchEEEEEEESZ_NS10_INS11_ILi2ELi4ELi3EEENS13_ILi16EEENSP_INS5_IJS15_SW_EEENS5_IJSW_SB_EEEEEEENS4_17SM75_U32x2_LDSM_NENS4_14SM90_TMA_STOREES28_NS4_17SM90_U32x2_STSM_NENS1A_IJS2B_NS_6half_tEEEEvEEEvvEEEEvNT_6ParamsE	dense_gemm	49.79	0.10	[1, 22, 1]
965	kernel_cutlass_kernel_flashinfernormkernelsrmsnormRMSNormKernel_object_at__tensorptrbf16gmemalign128oi64281628161_tensorptrbf16gmemalign16o28161_tensorptrbf16gmemalign128oi64281628161___T_0	norm_rope_kv	2.72	-0.19	[3, 1, 1]
966	kernel_cutlass_kernel_flashinfernormkernelsfused_add_rmsnormFusedAddRMSNormKernel_object_at__tensorptrbf16gmemalign128oi64281628161_tensorptrbf16gmemalign128oi64281628161_tensorptrbf16gme_0	norm_rope_kv	2.43	-0.19	[3, 1, 1]
967	void sglang::per_token_quant_fp8_cta_kernel<__nv_bfloat16, 8>(__nv_bfloat16 const*, __nv_fp8_e4m3*, float*, unsigned int)	act_quant	1.50	0.10	[12, 1, 1]
968	_ZN7cutlass13device_kernelINS_4gemm6kernel13GemmUniversalIN4cute5tupleIJiiiiEEENS1_10collective13CollectiveMmaINS1_31MainloopSm120TmaWarpSpecializedILi2ELi2ENS5_IJNS4_1CILi1EEESB_SB_EEENS1_40KernelTmaWarpSpecializedCooperativeSm120ILi2EEEEENS5_IJNSA_ILi128EEESG_SG_EEENS_12float_e4m3_tENS5_IJlSB_lEEESI_SJ_NS4_8TiledMMAINS4_8MMA_AtomIJNS4_16SM120_16x8x32_TNISI_SI_fEEEEENS4_6LayoutINS5_IJNSA_ILi4EEENSA_ILi2EEESB_EEENS5_IJSB_SQ_NSA_ILi0EEEEEEEENS5_IJSG_NSA_ILi32EEESW_EEEEENS4_13SM90_TMA_LOADENS4_14ComposedLayoutINS4_7SwizzleILi3ELi4ELi3EEENS4_18smem_ptr_flag_bitsILi8EEENSP_INS5_IJNSA_ILi8EEESG_EEENS5_IJSG_SB_EEEEEEENS4_9Copy_AtomIJNS4_17SM75_U32x4_LDSM_NEhEEENS4_8identityESZ_S19_S1C_S1D_EENS_8epilogue10collective18CollectiveEpilogueINS1F_22Sm90TmaWarpSpecializedILi2ELi2ELi4ELb0ELb1EEEJSH_NS5_IJNSA_ILi64EEESW_EEEvSJ_NS_10bfloat16_tESJ_NS1F_6fusion15Sm90TreeVisitorINS1N_11Sm90ComputeINS_10multipliesES1M_fLNS_15FloatRoundStyleE2EvEEJNS1N_16Sm90ColBroadcastILi0ESH_ffNS5_IJSB_ST_ST_EEELi4ELb1EEENS1O_INS1P_IS1Q_ffLS1R_2EvEEJNS1N_16Sm90RowBroadcastILi0ESH_ffNS5_IJST_SB_ST_EEELi4ELb1EEENS1N_12Sm90AccFetchEEEEEEESZ_NS10_INS11_ILi2ELi4ELi3EEENS13_ILi16EEENSP_INS5_IJS15_SW_EEENS5_IJSW_SB_EEEEEEENS4_17SM75_U32x2_LDSM_NENS4_14SM90_TMA_STOREES28_NS4_17SM90_U32x2_STSM_NENS1A_IJS2B_NS_6half_tEEEEvEEEvvEEEEvNT_6ParamsE	dense_gemm	35.39	0.10	[1, 33, 1]
969	void sglang::act_and_mul_kernel<__nv_bfloat16, (sglang::ActivationKind)2, true, false, false, false>(sglang::ActivationParams)	elementwise_copy	1.50	0.19	[7, 1, 1]
970	void sglang::per_token_quant_fp8_cta_kernel<__nv_bfloat16, 8>(__nv_bfloat16 const*, __nv_fp8_e4m3*, float*, unsigned int)	act_quant	1.47	0.10	[12, 1, 1]
971	_ZN7cutlass13device_kernelINS_4gemm6kernel13GemmUniversalIN4cute5tupleIJiiiiEEENS1_10collective13CollectiveMmaINS1_31MainloopSm120TmaWarpSpecializedILi2ELi2ENS5_IJNS4_1CILi1EEESB_SB_EEENS1_40KernelTmaWarpSpecializedCooperativeSm120ILi2EEEEENS5_IJNSA_ILi128EEESG_SG_EEENS_12float_e4m3_tENS5_IJlSB_lEEESI_SJ_NS4_8TiledMMAINS4_8MMA_AtomIJNS4_16SM120_16x8x32_TNISI_SI_fEEEEENS4_6LayoutINS5_IJNSA_ILi4EEENSA_ILi2EEESB_EEENS5_IJSB_SQ_NSA_ILi0EEEEEEEENS5_IJSG_NSA_ILi32EEESW_EEEEENS4_13SM90_TMA_LOADENS4_14ComposedLayoutINS4_7SwizzleILi3ELi4ELi3EEENS4_18smem_ptr_flag_bitsILi8EEENSP_INS5_IJNSA_ILi8EEESG_EEENS5_IJSG_SB_EEEEEEENS4_9Copy_AtomIJNS4_17SM75_U32x4_LDSM_NEhEEENS4_8identityESZ_S19_S1C_S1D_EENS_8epilogue10collective18CollectiveEpilogueINS1F_22Sm90TmaWarpSpecializedILi2ELi2ELi4ELb0ELb1EEEJSH_NS5_IJNSA_ILi64EEESW_EEEvSJ_NS_10bfloat16_tESJ_NS1F_6fusion15Sm90TreeVisitorINS1N_11Sm90ComputeINS_10multipliesES1M_fLNS_15FloatRoundStyleE2EvEEJNS1N_16Sm90ColBroadcastILi0ESH_ffNS5_IJSB_ST_ST_EEELi4ELb1EEENS1O_INS1P_IS1Q_ffLS1R_2EvEEJNS1N_16Sm90RowBroadcastILi0ESH_ffNS5_IJST_SB_ST_EEELi4ELb1EEENS1N_12Sm90AccFetchEEEEEEESZ_NS10_INS11_ILi2ELi4ELi3EEENS13_ILi16EEENSP_INS5_IJS15_SW_EEENS5_IJSW_SB_EEEEEEENS4_17SM75_U32x2_LDSM_NENS4_14SM90_TMA_STOREES28_NS4_17SM90_U32x2_STSM_NENS1A_IJS2B_NS_6half_tEEEEvEEEvvEEEEvNT_6ParamsE	dense_gemm	28.19	0.10	[1, 22, 1]
972	kernel_cutlass_kernel_flashinfernormkernelsrmsnormRMSNormKernel_object_at__tensorptrbf16gmemalign128oi64281628161_tensorptrbf16gmemalign16o28161_tensorptrbf16gmemalign128oi64281628161___T_0	norm_rope_kv	2.37	0.19	[3, 1, 1]
973	void cutlass::Kernel2<cutlass_80_wmma_tensorop_bf16_s161616gemm_bf16_16x16_128x2_tn_align8>(cutlass_80_wmma_tensorop_bf16_s161616gemm_bf16_16x16_128x2_tn_align8::Params)	dense_gemm	3.33	0.10	[8, 1, 9]
974	void cublasLt::splitKreduce_kernel<32, 16, int, __nv_bfloat16, __nv_bfloat16, float, __nv_bfloat16, false, __nv_bfloat16, __nv_bfloat16, __nv_bfloat16, true, false, false, false>(cublasLt::cublasSplitKParams<float>, __nv_bfloat16 const*, __nv_bfloat16 const*, __nv_bfloat16*, __nv_bfloat16*, float const*, float const*, __nv_bfloat16 const*, __nv_bfloat16 const*, __nv_bfloat16*, void*, long, float*, int*, float*, float*, float const*, float const*, float const*, float const*, float const*)	dense_gemm	1.28	0.10	[4, 1, 1]
975	kernel_cutlass_kernel_flashinfernormkernelsrmsnormRMSNormKernel_object_at__tensorptrbf16gmemalign128oi64281628161_tensorptrbf16gmemalign16o28161_tensorptrbf16gmemalign128oi64281628161___T_0	norm_rope_kv	2.50	-0.32	[3, 1, 1]
976	_gemma4_routing_kernel	moe_route	1.63	0.06	[12, 1, 1]
977	void moe_align_block_size_kernel<int>(int const*, int*, int*, int*, int, int, unsigned long, int*, bool, bool, int, int)	moe_route	2.05	0.10	[2, 1, 1]
978	void count_and_sort_expert_tokens_kernel<int>(int const*, int*, int*, unsigned long, bool)	moe_route	0.99	0.10	[1, 1, 1]
979	void sglang::per_token_quant_fp8_cta_kernel<__nv_bfloat16, 8>(__nv_bfloat16 const*, __nv_fp8_e4m3*, float*, unsigned int)	act_quant	1.66	0.10	[12, 1, 1]
980	fused_moe_kernel	moe_gemm	124.45	-0.19	[4224, 1, 1]
981	void sglang::act_and_mul_kernel<__nv_bfloat16, (sglang::ActivationKind)1, true, false, false, false>(sglang::ActivationParams)	elementwise_copy	44.99	-43.62	[17, 1, 1]
982	void sglang::per_token_quant_fp8_cta_kernel<__nv_bfloat16, 8>(__nv_bfloat16 const*, __nv_fp8_e4m3*, float*, unsigned int)	act_quant	1.44	0.10	[96, 1, 1]
983	fused_moe_kernel	moe_gemm	62.53	-0.26	[8448, 1, 1]
984	_moe_sum_reduce_kernel	moe_route	4.74	-3.65	[12, 2, 1]
985	_gemma_dual_rmsnorm_residual_kernel	norm_rope_kv	2.34	0.10	[12, 1, 1]
986	kernel_cutlass_kernel_flashinfernormkernelsrmsnormRMSNormKernel_object_at__tensorptrbf16gmemalign128oi64281628161_tensorptrbf16gmemalign16o28161_tensorptrbf16gmemalign128oi64281628161___T_0	norm_rope_kv	2.40	0.22	[3, 1, 1]
987	void sglang::per_token_quant_fp8_cta_kernel<__nv_bfloat16, 8>(__nv_bfloat16 const*, __nv_fp8_e4m3*, float*, unsigned int)	act_quant	1.50	0.10	[12, 1, 1]
988	_ZN7cutlass13device_kernelINS_4gemm6kernel13GemmUniversalIN4cute5tupleIJiiiiEEENS1_10collective13CollectiveMmaINS1_31MainloopSm120TmaWarpSpecializedILi2ELi2ENS5_IJNS4_1CILi1EEESB_SB_EEENS1_40KernelTmaWarpSpecializedCooperativeSm120ILi2EEEEENS5_IJNSA_ILi128EEESG_SG_EEENS_12float_e4m3_tENS5_IJlSB_lEEESI_SJ_NS4_8TiledMMAINS4_8MMA_AtomIJNS4_16SM120_16x8x32_TNISI_SI_fEEEEENS4_6LayoutINS5_IJNSA_ILi4EEENSA_ILi2EEESB_EEENS5_IJSB_SQ_NSA_ILi0EEEEEEEENS5_IJSG_NSA_ILi32EEESW_EEEEENS4_13SM90_TMA_LOADENS4_14ComposedLayoutINS4_7SwizzleILi3ELi4ELi3EEENS4_18smem_ptr_flag_bitsILi8EEENSP_INS5_IJNSA_ILi8EEESG_EEENS5_IJSG_SB_EEEEEEENS4_9Copy_AtomIJNS4_17SM75_U32x4_LDSM_NEhEEENS4_8identityESZ_S19_S1C_S1D_EENS_8epilogue10collective18CollectiveEpilogueINS1F_22Sm90TmaWarpSpecializedILi2ELi2ELi4ELb0ELb1EEEJSH_NS5_IJNSA_ILi64EEESW_EEEvSJ_NS_10bfloat16_tESJ_NS1F_6fusion15Sm90TreeVisitorINS1N_11Sm90ComputeINS_10multipliesES1M_fLNS_15FloatRoundStyleE2EvEEJNS1N_16Sm90ColBroadcastILi0ESH_ffNS5_IJSB_ST_ST_EEELi4ELb1EEENS1O_INS1P_IS1Q_ffLS1R_2EvEEJNS1N_16Sm90RowBroadcastILi0ESH_ffNS5_IJST_SB_ST_EEELi4ELb1EEENS1N_12Sm90AccFetchEEEEEEESZ_NS10_INS11_ILi2ELi4ELi3EEENS13_ILi16EEENSP_INS5_IJS15_SW_EEENS5_IJSW_SB_EEEEEEENS4_17SM75_U32x2_LDSM_NENS4_14SM90_TMA_STOREES28_NS4_17SM90_U32x2_STSM_NENS1A_IJS2B_NS_6half_tEEEEvEEEvvEEEEvNT_6ParamsE	dense_gemm	36.03	0.10	[1, 64, 1]
989	_gemma_qkv_rmsnorm_kernel	norm_rope_kv	1.70	0.10	[12, 32, 1]
990	void sglang::fused_rope_kernel<true, 256l, true, __nv_bfloat16, __nv_bfloat16, long, 32u>(sglang::FusedRopeParams)	norm_rope_kv	1.41	0.22	[72, 1, 1]
991	void at::native::elementwise_kernel<128, 4, at::native::gpu_kernel_impl_nocast<at::native::BUnaryFunctor<c10::BFloat16, c10::BFloat16, c10::BFloat16, at::native::binary_internal::MulFunctor<float> > >(at::TensorIteratorBase&, at::native::BUnaryFunctor<c10::BFloat16, c10::BFloat16, c10::BFloat16, at::native::binary_internal::MulFunctor<float> > const&)::{lambda(int)#1}>(int, at::native::gpu_kernel_impl_nocast<at::native::BUnaryFunctor<c10::BFloat16, c10::BFloat16, c10::BFloat16, at::native::binary_internal::MulFunctor<float> > >(at::TensorIteratorBase&, at::native::BUnaryFunctor<c10::BFloat16, c10::BFloat16, c10::BFloat16, at::native::binary_internal::MulFunctor<float> > const&)::{lambda(int)#1})	elementwise_copy	1.70	0.10	[48, 1, 1]
992	void at::native::elementwise_kernel<128, 4, at::native::gpu_kernel_impl_nocast<at::native::BUnaryFunctor<c10::BFloat16, c10::BFloat16, c10::BFloat16, at::native::binary_internal::MulFunctor<float> > >(at::TensorIteratorBase&, at::native::BUnaryFunctor<c10::BFloat16, c10::BFloat16, c10::BFloat16, at::native::binary_internal::MulFunctor<float> > const&)::{lambda(int)#1}>(int, at::native::gpu_kernel_impl_nocast<at::native::BUnaryFunctor<c10::BFloat16, c10::BFloat16, c10::BFloat16, at::native::binary_internal::MulFunctor<float> > >(at::TensorIteratorBase&, at::native::BUnaryFunctor<c10::BFloat16, c10::BFloat16, c10::BFloat16, at::native::binary_internal::MulFunctor<float> > const&)::{lambda(int)#1})	elementwise_copy	1.47	0.10	[48, 1, 1]
993	void at::native::elementwise_kernel<128, 4, at::native::gpu_kernel_impl_nocast<at::native::ConvertToFloat8E4M3fnOp<c10::BFloat16> >(at::TensorIteratorBase&, at::native::ConvertToFloat8E4M3fnOp<c10::BFloat16> const&)::{lambda(int)#1}>(int, at::native::gpu_kernel_impl_nocast<at::native::ConvertToFloat8E4M3fnOp<c10::BFloat16> >(at::TensorIteratorBase&, at::native::ConvertToFloat8E4M3fnOp<c10::BFloat16> const&)::{lambda(int)#1})	elementwise_copy	1.67	0.09	[48, 1, 1]
994	void at::native::elementwise_kernel<128, 4, at::native::gpu_kernel_impl_nocast<at::native::ConvertToFloat8E4M3fnOp<c10::BFloat16> >(at::TensorIteratorBase&, at::native::ConvertToFloat8E4M3fnOp<c10::BFloat16> const&)::{lambda(int)#1}>(int, at::native::gpu_kernel_impl_nocast<at::native::ConvertToFloat8E4M3fnOp<c10::BFloat16> >(at::TensorIteratorBase&, at::native::ConvertToFloat8E4M3fnOp<c10::BFloat16> const&)::{lambda(int)#1})	elementwise_copy	1.60	0.10	[48, 1, 1]
995	void sglang::store_kvcache_kernel<2048l, 2048l, 128u, true, long>(sglang::StoreKVCacheParams)	norm_rope_kv	1.02	0.23	[48, 1, 1]
996	_fwd_grouped_kernel_stage1	attention	40.03	0.10	[12, 8, 8]
997	_fwd_kernel_stage2	attention	2.24	0.22	[12, 16, 1]
998	void sglang::per_token_quant_fp8_cta_kernel<__nv_bfloat16, 8>(__nv_bfloat16 const*, __nv_fp8_e4m3*, float*, unsigned int)	act_quant	1.60	0.06	[12, 1, 1]
999	_ZN7cutlass13device_kernelINS_4gemm6kernel13GemmUniversalIN4cute5tupleIJiiiiEEENS1_10collective13CollectiveMmaINS1_31MainloopSm120TmaWarpSpecializedILi2ELi2ENS5_IJNS4_1CILi1EEESB_SB_EEENS1_40KernelTmaWarpSpecializedCooperativeSm120ILi2EEEEENS5_IJNSA_ILi128EEESG_SG_EEENS_12float_e4m3_tENS5_IJlSB_lEEESI_SJ_NS4_8TiledMMAINS4_8MMA_AtomIJNS4_16SM120_16x8x32_TNISI_SI_fEEEEENS4_6LayoutINS5_IJNSA_ILi4EEENSA_ILi2EEESB_EEENS5_IJSB_SQ_NSA_ILi0EEEEEEEENS5_IJSG_NSA_ILi32EEESW_EEEEENS4_13SM90_TMA_LOADENS4_14ComposedLayoutINS4_7SwizzleILi3ELi4ELi3EEENS4_18smem_ptr_flag_bitsILi8EEENSP_INS5_IJNSA_ILi8EEESG_EEENS5_IJSG_SB_EEEEEEENS4_9Copy_AtomIJNS4_17SM75_U32x4_LDSM_NEhEEENS4_8identityESZ_S19_S1C_S1D_EENS_8epilogue10collective18CollectiveEpilogueINS1F_22Sm90TmaWarpSpecializedILi2ELi2ELi4ELb0ELb1EEEJSH_NS5_IJNSA_ILi64EEESW_EEEvSJ_NS_10bfloat16_tESJ_NS1F_6fusion15Sm90TreeVisitorINS1N_11Sm90ComputeINS_10multipliesES1M_fLNS_15FloatRoundStyleE2EvEEJNS1N_16Sm90ColBroadcastILi0ESH_ffNS5_IJSB_ST_ST_EEELi4ELb1EEENS1O_INS1P_IS1Q_ffLS1R_2EvEEJNS1N_16Sm90RowBroadcastILi0ESH_ffNS5_IJST_SB_ST_EEELi4ELb1EEENS1N_12Sm90AccFetchEEEEEEESZ_NS10_INS11_ILi2ELi4ELi3EEENS13_ILi16EEENSP_INS5_IJS15_SW_EEENS5_IJSW_SB_EEEEEEENS4_17SM75_U32x2_LDSM_NENS4_14SM90_TMA_STOREES28_NS4_17SM90_U32x2_STSM_NENS1A_IJS2B_NS_6half_tEEEEvEEEvvEEEEvNT_6ParamsE	dense_gemm	49.86	0.06	[1, 22, 1]
1000	kernel_cutlass_kernel_flashinfernormkernelsrmsnormRMSNormKernel_object_at__tensorptrbf16gmemalign128oi64281628161_tensorptrbf16gmemalign16o28161_tensorptrbf16gmemalign128oi64281628161___T_0	norm_rope_kv	2.62	-0.22	[3, 1, 1]
1001	kernel_cutlass_kernel_flashinfernormkernelsfused_add_rmsnormFusedAddRMSNormKernel_object_at__tensorptrbf16gmemalign128oi64281628161_tensorptrbf16gmemalign128oi64281628161_tensorptrbf16gme_0	norm_rope_kv	2.50	-0.22	[3, 1, 1]
1002	void sglang::per_token_quant_fp8_cta_kernel<__nv_bfloat16, 8>(__nv_bfloat16 const*, __nv_fp8_e4m3*, float*, unsigned int)	act_quant	1.50	0.06	[12, 1, 1]
1003	_ZN7cutlass13device_kernelINS_4gemm6kernel13GemmUniversalIN4cute5tupleIJiiiiEEENS1_10collective13CollectiveMmaINS1_31MainloopSm120TmaWarpSpecializedILi2ELi2ENS5_IJNS4_1CILi1EEESB_SB_EEENS1_40KernelTmaWarpSpecializedCooperativeSm120ILi2EEEEENS5_IJNSA_ILi128EEESG_SG_EEENS_12float_e4m3_tENS5_IJlSB_lEEESI_SJ_NS4_8TiledMMAINS4_8MMA_AtomIJNS4_16SM120_16x8x32_TNISI_SI_fEEEEENS4_6LayoutINS5_IJNSA_ILi4EEENSA_ILi2EEESB_EEENS5_IJSB_SQ_NSA_ILi0EEEEEEEENS5_IJSG_NSA_ILi32EEESW_EEEEENS4_13SM90_TMA_LOADENS4_14ComposedLayoutINS4_7SwizzleILi3ELi4ELi3EEENS4_18smem_ptr_flag_bitsILi8EEENSP_INS5_IJNSA_ILi8EEESG_EEENS5_IJSG_SB_EEEEEEENS4_9Copy_AtomIJNS4_17SM75_U32x4_LDSM_NEhEEENS4_8identityESZ_S19_S1C_S1D_EENS_8epilogue10collective18CollectiveEpilogueINS1F_22Sm90TmaWarpSpecializedILi2ELi2ELi4ELb0ELb1EEEJSH_NS5_IJNSA_ILi64EEESW_EEEvSJ_NS_10bfloat16_tESJ_NS1F_6fusion15Sm90TreeVisitorINS1N_11Sm90ComputeINS_10multipliesES1M_fLNS_15FloatRoundStyleE2EvEEJNS1N_16Sm90ColBroadcastILi0ESH_ffNS5_IJSB_ST_ST_EEELi4ELb1EEENS1O_INS1P_IS1Q_ffLS1R_2EvEEJNS1N_16Sm90RowBroadcastILi0ESH_ffNS5_IJST_SB_ST_EEELi4ELb1EEENS1N_12Sm90AccFetchEEEEEEESZ_NS10_INS11_ILi2ELi4ELi3EEENS13_ILi16EEENSP_INS5_IJS15_SW_EEENS5_IJSW_SB_EEEEEEENS4_17SM75_U32x2_LDSM_NENS4_14SM90_TMA_STOREES28_NS4_17SM90_U32x2_STSM_NENS1A_IJS2B_NS_6half_tEEEEvEEEvvEEEEvNT_6ParamsE	dense_gemm	35.49	0.10	[1, 33, 1]
1004	void sglang::act_and_mul_kernel<__nv_bfloat16, (sglang::ActivationKind)2, true, false, false, false>(sglang::ActivationParams)	elementwise_copy	1.44	0.22	[7, 1, 1]
1005	void sglang::per_token_quant_fp8_cta_kernel<__nv_bfloat16, 8>(__nv_bfloat16 const*, __nv_fp8_e4m3*, float*, unsigned int)	act_quant	1.47	0.10	[12, 1, 1]
1006	_ZN7cutlass13device_kernelINS_4gemm6kernel13GemmUniversalIN4cute5tupleIJiiiiEEENS1_10collective13CollectiveMmaINS1_31MainloopSm120TmaWarpSpecializedILi2ELi2ENS5_IJNS4_1CILi1EEESB_SB_EEENS1_40KernelTmaWarpSpecializedCooperativeSm120ILi2EEEEENS5_IJNSA_ILi128EEESG_SG_EEENS_12float_e4m3_tENS5_IJlSB_lEEESI_SJ_NS4_8TiledMMAINS4_8MMA_AtomIJNS4_16SM120_16x8x32_TNISI_SI_fEEEEENS4_6LayoutINS5_IJNSA_ILi4EEENSA_ILi2EEESB_EEENS5_IJSB_SQ_NSA_ILi0EEEEEEEENS5_IJSG_NSA_ILi32EEESW_EEEEENS4_13SM90_TMA_LOADENS4_14ComposedLayoutINS4_7SwizzleILi3ELi4ELi3EEENS4_18smem_ptr_flag_bitsILi8EEENSP_INS5_IJNSA_ILi8EEESG_EEENS5_IJSG_SB_EEEEEEENS4_9Copy_AtomIJNS4_17SM75_U32x4_LDSM_NEhEEENS4_8identityESZ_S19_S1C_S1D_EENS_8epilogue10collective18CollectiveEpilogueINS1F_22Sm90TmaWarpSpecializedILi2ELi2ELi4ELb0ELb1EEEJSH_NS5_IJNSA_ILi64EEESW_EEEvSJ_NS_10bfloat16_tESJ_NS1F_6fusion15Sm90TreeVisitorINS1N_11Sm90ComputeINS_10multipliesES1M_fLNS_15FloatRoundStyleE2EvEEJNS1N_16Sm90ColBroadcastILi0ESH_ffNS5_IJSB_ST_ST_EEELi4ELb1EEENS1O_INS1P_IS1Q_ffLS1R_2EvEEJNS1N_16Sm90RowBroadcastILi0ESH_ffNS5_IJST_SB_ST_EEELi4ELb1EEENS1N_12Sm90AccFetchEEEEEEESZ_NS10_INS11_ILi2ELi4ELi3EEENS13_ILi16EEENSP_INS5_IJS15_SW_EEENS5_IJSW_SB_EEEEEEENS4_17SM75_U32x2_LDSM_NENS4_14SM90_TMA_STOREES28_NS4_17SM90_U32x2_STSM_NENS1A_IJS2B_NS_6half_tEEEEvEEEvvEEEEvNT_6ParamsE	dense_gemm	28.00	0.10	[1, 22, 1]
1007	kernel_cutlass_kernel_flashinfernormkernelsrmsnormRMSNormKernel_object_at__tensorptrbf16gmemalign128oi64281628161_tensorptrbf16gmemalign16o28161_tensorptrbf16gmemalign128oi64281628161___T_0	norm_rope_kv	2.30	0.22	[3, 1, 1]
1008	void cutlass::Kernel2<cutlass_80_wmma_tensorop_bf16_s161616gemm_bf16_16x16_128x2_tn_align8>(cutlass_80_wmma_tensorop_bf16_s161616gemm_bf16_16x16_128x2_tn_align8::Params)	dense_gemm	3.46	0.10	[8, 1, 9]
1009	void cublasLt::splitKreduce_kernel<32, 16, int, __nv_bfloat16, __nv_bfloat16, float, __nv_bfloat16, false, __nv_bfloat16, __nv_bfloat16, __nv_bfloat16, true, false, false, false>(cublasLt::cublasSplitKParams<float>, __nv_bfloat16 const*, __nv_bfloat16 const*, __nv_bfloat16*, __nv_bfloat16*, float const*, float const*, __nv_bfloat16 const*, __nv_bfloat16 const*, __nv_bfloat16*, void*, long, float*, int*, float*, float*, float const*, float const*, float const*, float const*, float const*)	dense_gemm	1.31	0.10	[4, 1, 1]
1010	kernel_cutlass_kernel_flashinfernormkernelsrmsnormRMSNormKernel_object_at__tensorptrbf16gmemalign128oi64281628161_tensorptrbf16gmemalign16o28161_tensorptrbf16gmemalign128oi64281628161___T_0	norm_rope_kv	2.59	-0.38	[3, 1, 1]
1011	_gemma4_routing_kernel	moe_route	1.60	0.10	[12, 1, 1]
1012	void moe_align_block_size_kernel<int>(int const*, int*, int*, int*, int, int, unsigned long, int*, bool, bool, int, int)	moe_route	2.08	0.06	[2, 1, 1]
1013	void count_and_sort_expert_tokens_kernel<int>(int const*, int*, int*, unsigned long, bool)	moe_route	0.99	0.10	[1, 1, 1]
1014	void sglang::per_token_quant_fp8_cta_kernel<__nv_bfloat16, 8>(__nv_bfloat16 const*, __nv_fp8_e4m3*, float*, unsigned int)	act_quant	1.66	0.10	[12, 1, 1]
1015	fused_moe_kernel	moe_gemm	117.41	-0.19	[4224, 1, 1]
1016	void sglang::act_and_mul_kernel<__nv_bfloat16, (sglang::ActivationKind)1, true, false, false, false>(sglang::ActivationParams)	elementwise_copy	43.36	-41.98	[17, 1, 1]
1017	void sglang::per_token_quant_fp8_cta_kernel<__nv_bfloat16, 8>(__nv_bfloat16 const*, __nv_fp8_e4m3*, float*, unsigned int)	act_quant	1.38	0.10	[96, 1, 1]
1018	fused_moe_kernel	moe_gemm	59.52	-0.19	[8448, 1, 1]
1019	_moe_sum_reduce_kernel	moe_route	3.94	-2.75	[12, 2, 1]
1020	_gemma_dual_rmsnorm_residual_kernel	norm_rope_kv	2.46	0.10	[12, 1, 1]
1021	kernel_cutlass_kernel_flashinfernormkernelsrmsnormRMSNormKernel_object_at__tensorptrbf16gmemalign128oi64281628161_tensorptrbf16gmemalign16o28161_tensorptrbf16gmemalign128oi64281628161___T_0	norm_rope_kv	2.37	0.22	[3, 1, 1]
1022	void sglang::per_token_quant_fp8_cta_kernel<__nv_bfloat16, 8>(__nv_bfloat16 const*, __nv_fp8_e4m3*, float*, unsigned int)	act_quant	1.47	0.10	[12, 1, 1]
1023	_ZN7cutlass13device_kernelINS_4gemm6kernel13GemmUniversalIN4cute5tupleIJiiiiEEENS1_10collective13CollectiveMmaINS1_31MainloopSm120TmaWarpSpecializedILi2ELi2ENS5_IJNS4_1CILi1EEESB_SB_EEENS1_40KernelTmaWarpSpecializedCooperativeSm120ILi2EEEEENS5_IJNSA_ILi128EEESG_SG_EEENS_12float_e4m3_tENS5_IJlSB_lEEESI_SJ_NS4_8TiledMMAINS4_8MMA_AtomIJNS4_16SM120_16x8x32_TNISI_SI_fEEEEENS4_6LayoutINS5_IJNSA_ILi4EEENSA_ILi2EEESB_EEENS5_IJSB_SQ_NSA_ILi0EEEEEEEENS5_IJSG_NSA_ILi32EEESW_EEEEENS4_13SM90_TMA_LOADENS4_14ComposedLayoutINS4_7SwizzleILi3ELi4ELi3EEENS4_18smem_ptr_flag_bitsILi8EEENSP_INS5_IJNSA_ILi8EEESG_EEENS5_IJSG_SB_EEEEEEENS4_9Copy_AtomIJNS4_17SM75_U32x4_LDSM_NEhEEENS4_8identityESZ_S19_S1C_S1D_EENS_8epilogue10collective18CollectiveEpilogueINS1F_22Sm90TmaWarpSpecializedILi2ELi2ELi4ELb0ELb1EEEJSH_NS5_IJNSA_ILi64EEESW_EEEvSJ_NS_10bfloat16_tESJ_NS1F_6fusion15Sm90TreeVisitorINS1N_11Sm90ComputeINS_10multipliesES1M_fLNS_15FloatRoundStyleE2EvEEJNS1N_16Sm90ColBroadcastILi0ESH_ffNS5_IJSB_ST_ST_EEELi4ELb1EEENS1O_INS1P_IS1Q_ffLS1R_2EvEEJNS1N_16Sm90RowBroadcastILi0ESH_ffNS5_IJST_SB_ST_EEELi4ELb1EEENS1N_12Sm90AccFetchEEEEEEESZ_NS10_INS11_ILi2ELi4ELi3EEENS13_ILi16EEENSP_INS5_IJS15_SW_EEENS5_IJSW_SB_EEEEEEENS4_17SM75_U32x2_LDSM_NENS4_14SM90_TMA_STOREES28_NS4_17SM90_U32x2_STSM_NENS1A_IJS2B_NS_6half_tEEEEvEEEvvEEEEvNT_6ParamsE	dense_gemm	36.70	0.10	[1, 80, 1]
1024	_gemma_qkv_rmsnorm_kernel	norm_rope_kv	1.86	0.06	[12, 20, 1]
1025	void sglang::fused_rope_kernel<true, 512l, true, __nv_bfloat16, __nv_bfloat16, long, 64u>(sglang::FusedRopeParams)	norm_rope_kv	1.41	0.22	[108, 1, 1]
1026	void at::native::elementwise_kernel<128, 4, at::native::gpu_kernel_impl_nocast<at::native::BUnaryFunctor<c10::BFloat16, c10::BFloat16, c10::BFloat16, at::native::binary_internal::MulFunctor<float> > >(at::TensorIteratorBase&, at::native::BUnaryFunctor<c10::BFloat16, c10::BFloat16, c10::BFloat16, at::native::binary_internal::MulFunctor<float> > const&)::{lambda(int)#1}>(int, at::native::gpu_kernel_impl_nocast<at::native::BUnaryFunctor<c10::BFloat16, c10::BFloat16, c10::BFloat16, at::native::binary_internal::MulFunctor<float> > >(at::TensorIteratorBase&, at::native::BUnaryFunctor<c10::BFloat16, c10::BFloat16, c10::BFloat16, at::native::binary_internal::MulFunctor<float> > const&)::{lambda(int)#1})	elementwise_copy	1.73	0.06	[24, 1, 1]
1027	void at::native::elementwise_kernel<128, 4, at::native::gpu_kernel_impl_nocast<at::native::BUnaryFunctor<c10::BFloat16, c10::BFloat16, c10::BFloat16, at::native::binary_internal::MulFunctor<float> > >(at::TensorIteratorBase&, at::native::BUnaryFunctor<c10::BFloat16, c10::BFloat16, c10::BFloat16, at::native::binary_internal::MulFunctor<float> > const&)::{lambda(int)#1}>(int, at::native::gpu_kernel_impl_nocast<at::native::BUnaryFunctor<c10::BFloat16, c10::BFloat16, c10::BFloat16, at::native::binary_internal::MulFunctor<float> > >(at::TensorIteratorBase&, at::native::BUnaryFunctor<c10::BFloat16, c10::BFloat16, c10::BFloat16, at::native::binary_internal::MulFunctor<float> > const&)::{lambda(int)#1})	elementwise_copy	1.47	0.10	[24, 1, 1]
1028	void at::native::elementwise_kernel<128, 4, at::native::gpu_kernel_impl_nocast<at::native::ConvertToFloat8E4M3fnOp<c10::BFloat16> >(at::TensorIteratorBase&, at::native::ConvertToFloat8E4M3fnOp<c10::BFloat16> const&)::{lambda(int)#1}>(int, at::native::gpu_kernel_impl_nocast<at::native::ConvertToFloat8E4M3fnOp<c10::BFloat16> >(at::TensorIteratorBase&, at::native::ConvertToFloat8E4M3fnOp<c10::BFloat16> const&)::{lambda(int)#1})	elementwise_copy	1.66	0.10	[24, 1, 1]
1029	void at::native::elementwise_kernel<128, 4, at::native::gpu_kernel_impl_nocast<at::native::ConvertToFloat8E4M3fnOp<c10::BFloat16> >(at::TensorIteratorBase&, at::native::ConvertToFloat8E4M3fnOp<c10::BFloat16> const&)::{lambda(int)#1}>(int, at::native::gpu_kernel_impl_nocast<at::native::ConvertToFloat8E4M3fnOp<c10::BFloat16> >(at::TensorIteratorBase&, at::native::ConvertToFloat8E4M3fnOp<c10::BFloat16> const&)::{lambda(int)#1})	elementwise_copy	1.63	0.10	[24, 1, 1]
1030	void sglang::store_kvcache_kernel<1024l, 1024l, 64u, true, long>(sglang::StoreKVCacheParams)	norm_rope_kv	1.06	0.19	[24, 1, 1]
1031	_fwd_grouped_kernel_stage1	attention	128.10	0.10	[12, 2, 8]
1032	_fwd_kernel_stage2	attention	2.66	0.16	[12, 16, 1]
1033	void sglang::per_token_quant_fp8_cta_kernel<__nv_bfloat16, 8>(__nv_bfloat16 const*, __nv_fp8_e4m3*, float*, unsigned int)	act_quant	1.86	0.10	[12, 1, 1]
1034	_ZN7cutlass13device_kernelINS_4gemm6kernel13GemmUniversalIN4cute5tupleIJiiiiEEENS1_10collective13CollectiveMmaINS1_31MainloopSm120TmaWarpSpecializedILi2ELi2ENS5_IJNS4_1CILi1EEESB_SB_EEENS1_40KernelTmaWarpSpecializedCooperativeSm120ILi2EEEEENS5_IJNSA_ILi128EEESG_SG_EEENS_12float_e4m3_tENS5_IJlSB_lEEESI_SJ_NS4_8TiledMMAINS4_8MMA_AtomIJNS4_16SM120_16x8x32_TNISI_SI_fEEEEENS4_6LayoutINS5_IJNSA_ILi4EEENSA_ILi2EEESB_EEENS5_IJSB_SQ_NSA_ILi0EEEEEEEENS5_IJSG_NSA_ILi32EEESW_EEEEENS4_13SM90_TMA_LOADENS4_14ComposedLayoutINS4_7SwizzleILi3ELi4ELi3EEENS4_18smem_ptr_flag_bitsILi8EEENSP_INS5_IJNSA_ILi8EEESG_EEENS5_IJSG_SB_EEEEEEENS4_9Copy_AtomIJNS4_17SM75_U32x4_LDSM_NEhEEENS4_8identityESZ_S19_S1C_S1D_EENS_8epilogue10collective18CollectiveEpilogueINS1F_22Sm90TmaWarpSpecializedILi2ELi2ELi4ELb0ELb1EEEJSH_NS5_IJNSA_ILi64EEESW_EEEvSJ_NS_10bfloat16_tESJ_NS1F_6fusion15Sm90TreeVisitorINS1N_11Sm90ComputeINS_10multipliesES1M_fLNS_15FloatRoundStyleE2EvEEJNS1N_16Sm90ColBroadcastILi0ESH_ffNS5_IJSB_ST_ST_EEELi4ELb1EEENS1O_INS1P_IS1Q_ffLS1R_2EvEEJNS1N_16Sm90RowBroadcastILi0ESH_ffNS5_IJST_SB_ST_EEELi4ELb1EEENS1N_12Sm90AccFetchEEEEEEESZ_NS10_INS11_ILi2ELi4ELi3EEENS13_ILi16EEENSP_INS5_IJS15_SW_EEENS5_IJSW_SB_EEEEEEENS4_17SM75_U32x2_LDSM_NENS4_14SM90_TMA_STOREES28_NS4_17SM90_U32x2_STSM_NENS1A_IJS2B_NS_6half_tEEEEvEEEvvEEEEvNT_6ParamsE	dense_gemm	96.03	0.06	[1, 22, 1]
1035	kernel_cutlass_kernel_flashinfernormkernelsrmsnormRMSNormKernel_object_at__tensorptrbf16gmemalign128oi64281628161_tensorptrbf16gmemalign16o28161_tensorptrbf16gmemalign128oi64281628161___T_0	norm_rope_kv	2.59	-0.19	[3, 1, 1]
1036	kernel_cutlass_kernel_flashinfernormkernelsfused_add_rmsnormFusedAddRMSNormKernel_object_at__tensorptrbf16gmemalign128oi64281628161_tensorptrbf16gmemalign128oi64281628161_tensorptrbf16gme_0	norm_rope_kv	2.56	-0.16	[3, 1, 1]
1037	void sglang::per_token_quant_fp8_cta_kernel<__nv_bfloat16, 8>(__nv_bfloat16 const*, __nv_fp8_e4m3*, float*, unsigned int)	act_quant	1.50	0.10	[12, 1, 1]
1038	_ZN7cutlass13device_kernelINS_4gemm6kernel13GemmUniversalIN4cute5tupleIJiiiiEEENS1_10collective13CollectiveMmaINS1_31MainloopSm120TmaWarpSpecializedILi2ELi2ENS5_IJNS4_1CILi1EEESB_SB_EEENS1_40KernelTmaWarpSpecializedCooperativeSm120ILi2EEEEENS5_IJNSA_ILi128EEESG_SG_EEENS_12float_e4m3_tENS5_IJlSB_lEEESI_SJ_NS4_8TiledMMAINS4_8MMA_AtomIJNS4_16SM120_16x8x32_TNISI_SI_fEEEEENS4_6LayoutINS5_IJNSA_ILi4EEENSA_ILi2EEESB_EEENS5_IJSB_SQ_NSA_ILi0EEEEEEEENS5_IJSG_NSA_ILi32EEESW_EEEEENS4_13SM90_TMA_LOADENS4_14ComposedLayoutINS4_7SwizzleILi3ELi4ELi3EEENS4_18smem_ptr_flag_bitsILi8EEENSP_INS5_IJNSA_ILi8EEESG_EEENS5_IJSG_SB_EEEEEEENS4_9Copy_AtomIJNS4_17SM75_U32x4_LDSM_NEhEEENS4_8identityESZ_S19_S1C_S1D_EENS_8epilogue10collective18CollectiveEpilogueINS1F_22Sm90TmaWarpSpecializedILi2ELi2ELi4ELb0ELb1EEEJSH_NS5_IJNSA_ILi64EEESW_EEEvSJ_NS_10bfloat16_tESJ_NS1F_6fusion15Sm90TreeVisitorINS1N_11Sm90ComputeINS_10multipliesES1M_fLNS_15FloatRoundStyleE2EvEEJNS1N_16Sm90ColBroadcastILi0ESH_ffNS5_IJSB_ST_ST_EEELi4ELb1EEENS1O_INS1P_IS1Q_ffLS1R_2EvEEJNS1N_16Sm90RowBroadcastILi0ESH_ffNS5_IJST_SB_ST_EEELi4ELb1EEENS1N_12Sm90AccFetchEEEEEEESZ_NS10_INS11_ILi2ELi4ELi3EEENS13_ILi16EEENSP_INS5_IJS15_SW_EEENS5_IJSW_SB_EEEEEEENS4_17SM75_U32x2_LDSM_NENS4_14SM90_TMA_STOREES28_NS4_17SM90_U32x2_STSM_NENS1A_IJS2B_NS_6half_tEEEEvEEEvvEEEEvNT_6ParamsE	dense_gemm	35.42	0.10	[1, 33, 1]
1039	void sglang::act_and_mul_kernel<__nv_bfloat16, (sglang::ActivationKind)2, true, false, false, false>(sglang::ActivationParams)	elementwise_copy	1.44	0.22	[7, 1, 1]
1040	void sglang::per_token_quant_fp8_cta_kernel<__nv_bfloat16, 8>(__nv_bfloat16 const*, __nv_fp8_e4m3*, float*, unsigned int)	act_quant	1.50	0.10	[12, 1, 1]
1041	_ZN7cutlass13device_kernelINS_4gemm6kernel13GemmUniversalIN4cute5tupleIJiiiiEEENS1_10collective13CollectiveMmaINS1_31MainloopSm120TmaWarpSpecializedILi2ELi2ENS5_IJNS4_1CILi1EEESB_SB_EEENS1_40KernelTmaWarpSpecializedCooperativeSm120ILi2EEEEENS5_IJNSA_ILi128EEESG_SG_EEENS_12float_e4m3_tENS5_IJlSB_lEEESI_SJ_NS4_8TiledMMAINS4_8MMA_AtomIJNS4_16SM120_16x8x32_TNISI_SI_fEEEEENS4_6LayoutINS5_IJNSA_ILi4EEENSA_ILi2EEESB_EEENS5_IJSB_SQ_NSA_ILi0EEEEEEEENS5_IJSG_NSA_ILi32EEESW_EEEEENS4_13SM90_TMA_LOADENS4_14ComposedLayoutINS4_7SwizzleILi3ELi4ELi3EEENS4_18smem_ptr_flag_bitsILi8EEENSP_INS5_IJNSA_ILi8EEESG_EEENS5_IJSG_SB_EEEEEEENS4_9Copy_AtomIJNS4_17SM75_U32x4_LDSM_NEhEEENS4_8identityESZ_S19_S1C_S1D_EENS_8epilogue10collective18CollectiveEpilogueINS1F_22Sm90TmaWarpSpecializedILi2ELi2ELi4ELb0ELb1EEEJSH_NS5_IJNSA_ILi64EEESW_EEEvSJ_NS_10bfloat16_tESJ_NS1F_6fusion15Sm90TreeVisitorINS1N_11Sm90ComputeINS_10multipliesES1M_fLNS_15FloatRoundStyleE2EvEEJNS1N_16Sm90ColBroadcastILi0ESH_ffNS5_IJSB_ST_ST_EEELi4ELb1EEENS1O_INS1P_IS1Q_ffLS1R_2EvEEJNS1N_16Sm90RowBroadcastILi0ESH_ffNS5_IJST_SB_ST_EEELi4ELb1EEENS1N_12Sm90AccFetchEEEEEEESZ_NS10_INS11_ILi2ELi4ELi3EEENS13_ILi16EEENSP_INS5_IJS15_SW_EEENS5_IJSW_SB_EEEEEEENS4_17SM75_U32x2_LDSM_NENS4_14SM90_TMA_STOREES28_NS4_17SM90_U32x2_STSM_NENS1A_IJS2B_NS_6half_tEEEEvEEEvvEEEEvNT_6ParamsE	dense_gemm	28.13	0.10	[1, 22, 1]
1042	kernel_cutlass_kernel_flashinfernormkernelsrmsnormRMSNormKernel_object_at__tensorptrbf16gmemalign128oi64281628161_tensorptrbf16gmemalign16o28161_tensorptrbf16gmemalign128oi64281628161___T_0	norm_rope_kv	2.37	0.22	[3, 1, 1]
1043	void cutlass::Kernel2<cutlass_80_wmma_tensorop_bf16_s161616gemm_bf16_16x16_128x2_tn_align8>(cutlass_80_wmma_tensorop_bf16_s161616gemm_bf16_16x16_128x2_tn_align8::Params)	dense_gemm	3.36	0.06	[8, 1, 9]
1044	void cublasLt::splitKreduce_kernel<32, 16, int, __nv_bfloat16, __nv_bfloat16, float, __nv_bfloat16, false, __nv_bfloat16, __nv_bfloat16, __nv_bfloat16, true, false, false, false>(cublasLt::cublasSplitKParams<float>, __nv_bfloat16 const*, __nv_bfloat16 const*, __nv_bfloat16*, __nv_bfloat16*, float const*, float const*, __nv_bfloat16 const*, __nv_bfloat16 const*, __nv_bfloat16*, void*, long, float*, int*, float*, float*, float const*, float const*, float const*, float const*, float const*)	dense_gemm	1.31	0.09	[4, 1, 1]
1045	kernel_cutlass_kernel_flashinfernormkernelsrmsnormRMSNormKernel_object_at__tensorptrbf16gmemalign128oi64281628161_tensorptrbf16gmemalign16o28161_tensorptrbf16gmemalign128oi64281628161___T_0	norm_rope_kv	2.53	-0.38	[3, 1, 1]
1046	_gemma4_routing_kernel	moe_route	1.63	0.10	[12, 1, 1]
1047	void moe_align_block_size_kernel<int>(int const*, int*, int*, int*, int, int, unsigned long, int*, bool, bool, int, int)	moe_route	2.08	0.09	[2, 1, 1]
1048	void count_and_sort_expert_tokens_kernel<int>(int const*, int*, int*, unsigned long, bool)	moe_route	0.99	0.10	[1, 1, 1]
1049	void sglang::per_token_quant_fp8_cta_kernel<__nv_bfloat16, 8>(__nv_bfloat16 const*, __nv_fp8_e4m3*, float*, unsigned int)	act_quant	1.66	0.10	[12, 1, 1]
1050	fused_moe_kernel	moe_gemm	132.22	-0.19	[4224, 1, 1]
1051	void sglang::act_and_mul_kernel<__nv_bfloat16, (sglang::ActivationKind)1, true, false, false, false>(sglang::ActivationParams)	elementwise_copy	14.46	-13.22	[17, 1, 1]
1052	void sglang::per_token_quant_fp8_cta_kernel<__nv_bfloat16, 8>(__nv_bfloat16 const*, __nv_fp8_e4m3*, float*, unsigned int)	act_quant	1.44	0.10	[96, 1, 1]
1053	fused_moe_kernel	moe_gemm	66.72	-0.26	[8448, 1, 1]
1054	_moe_sum_reduce_kernel	moe_route	3.87	-2.82	[12, 2, 1]
1055	_gemma_dual_rmsnorm_residual_kernel	norm_rope_kv	2.43	0.10	[12, 1, 1]
1056	kernel_cutlass_kernel_flashinfernormkernelsrmsnormRMSNormKernel_object_at__tensorptrbf16gmemalign128oi64281628161_tensorptrbf16gmemalign16o28161_tensorptrbf16gmemalign128oi64281628161___T_0	norm_rope_kv	2.34	0.22	[3, 1, 1]
1057	_small_m_bf16_gemm_kernel	dense_gemm	448.13	0.06	[2048, 1, 1]
1058	memcpy128	other	4.26	-0.13	[1536, 1, 1]
1059	void at::native::unrolled_elementwise_kernel<at::native::direct_copy_kernel_cuda(at::TensorIteratorBase&)::{lambda()#3}::operator()() const::{lambda()#7}::operator()() const::{lambda(float)#1}, std::array<char*, 2ul>, 4, TrivialOffsetCalculator<1, unsigned int>, TrivialOffsetCalculator<1, unsigned int>, at::native::memory::LoadWithCast<1>, at::native::memory::StoreWithCast<1> >(int, at::native::direct_copy_kernel_cuda(at::TensorIteratorBase&)::{lambda()#3}::operator()() const::{lambda()#7}::operator()() const::{lambda(float)#1}, std::array<char*, 2ul>, TrivialOffsetCalculator<1, unsigned int>, TrivialOffsetCalculator<1, unsigned int>, at::native::memory::LoadWithCast<1>, at::native::memory::StoreWithCast<1>)	elementwise_copy	6.78	0.32	[6144, 1, 1]
1060	softcap_inplace_logits_kernel	sampling	5.54	0.10	[3072, 1, 1]
